onset	duration	trial_type	value	sample
15.916666666666666	0.5	nontarget	29	4775
15.916666666666666	0.5	N	15	4775
16.053333333333335	0.5	nontarget	29	4816
16.053333333333335	0.5	W	24	4816
16.186666666666667	0.5	nontarget	29	4856
16.186666666666667	0.5	X	25	4856
16.323333333333334	0.5	nontarget	29	4897
16.323333333333334	0.5	S	20	4897
16.46	0.5	nontarget	29	4938
16.46	0.5	D	5	4938
16.593333333333334	0.5	target	30	4978
16.593333333333334	0.5	T	21	4978
16.73	0.5	nontarget	29	5019
16.73	0.5	F	7	5019
16.866666666666667	0.5	nontarget	29	5060
16.866666666666667	0.5	U	22	5060
17.003333333333334	0.5	nontarget	29	5101
17.003333333333334	0.5	J	11	5101
17.14	0.5	nontarget	29	5142
17.14	0.5	C	4	5142
17.276666666666667	0.5	nontarget	29	5183
17.276666666666667	0.5	B	3	5183
17.413333333333334	0.5	nontarget	29	5224
17.413333333333334	0.5	Z	27	5224
17.55	0.5	nontarget	29	5265
17.55	0.5	K	12	5265
17.69	0.5	nontarget	29	5307
17.69	0.5	M	14	5307
17.823333333333334	0.5	nontarget	29	5347
17.823333333333334	0.5	Y	26	5347
17.96	0.5	nontarget	29	5388
17.96	0.5	E	6	5388
18.096666666666668	0.5	nontarget	29	5429
18.096666666666668	0.5	L	13	5429
18.233333333333334	0.5	nontarget	29	5470
18.233333333333334	0.5	P	17	5470
18.37	0.5	nontarget	29	5511
18.37	0.5	H	9	5511
18.506666666666668	0.5	nontarget	29	5552
18.506666666666668	0.5	O	16	5552
18.643333333333334	0.5	nontarget	29	5593
18.643333333333334	0.5	V	23	5593
18.78	0.5	nontarget	29	5634
18.78	0.5	I	10	5634
18.916666666666668	0.5	nontarget	29	5675
18.916666666666668	0.5	Q	18	5675
19.053333333333335	0.5	nontarget	29	5716
19.053333333333335	0.5	A	2	5716
19.19333333333333	0.5	nontarget	29	5758
19.19333333333333	0.5	<	1	5758
19.33	0.5	nontarget	29	5799
19.33	0.5	_	28	5799
19.466666666666665	0.5	nontarget	29	5840
19.466666666666665	0.5	G	8	5840
19.60333333333333	0.5	nontarget	29	5881
19.60333333333333	0.5	R	19	5881
24.416666666666668	0.5	nontarget	29	7325
24.416666666666668	0.5	G	8	7325
24.553333333333335	0.5	nontarget	29	7366
24.553333333333335	0.5	_	28	7366
24.69	0.5	nontarget	29	7407
24.69	0.5	J	11	7407
24.826666666666668	0.5	target	30	7448
24.826666666666668	0.5	T	21	7448
24.963333333333335	0.5	nontarget	29	7489
24.963333333333335	0.5	K	12	7489
25.1	0.5	nontarget	29	7530
25.1	0.5	I	10	7530
25.236666666666668	0.5	nontarget	29	7571
25.236666666666668	0.5	Z	27	7571
25.373333333333335	0.5	nontarget	29	7612
25.373333333333335	0.5	L	13	7612
25.506666666666668	0.5	nontarget	29	7652
25.506666666666668	0.5	N	15	7652
25.643333333333334	0.5	nontarget	29	7693
25.643333333333334	0.5	A	2	7693
25.78	0.5	nontarget	29	7734
25.78	0.5	Y	26	7734
25.916666666666668	0.5	nontarget	29	7775
25.916666666666668	0.5	<	1	7775
26.053333333333335	0.5	nontarget	29	7816
26.053333333333335	0.5	F	7	7816
26.19333333333333	0.5	nontarget	29	7858
26.19333333333333	0.5	W	24	7858
26.326666666666668	0.5	nontarget	29	7898
26.326666666666668	0.5	M	14	7898
26.463333333333335	0.5	nontarget	29	7939
26.463333333333335	0.5	P	17	7939
26.6	0.5	nontarget	29	7980
26.6	0.5	R	19	7980
26.736666666666668	0.5	nontarget	29	8021
26.736666666666668	0.5	D	5	8021
26.873333333333335	0.5	nontarget	29	8062
26.873333333333335	0.5	Q	18	8062
27.01	0.5	nontarget	29	8103
27.01	0.5	U	22	8103
27.14666666666667	0.5	nontarget	29	8144
27.14666666666667	0.5	C	4	8144
27.283333333333335	0.5	nontarget	29	8185
27.283333333333335	0.5	E	6	8185
27.416666666666668	0.5	nontarget	29	8225
27.416666666666668	0.5	H	9	8225
27.553333333333335	0.5	nontarget	29	8266
27.553333333333335	0.5	X	25	8266
27.69	0.5	nontarget	29	8307
27.69	0.5	S	20	8307
27.83	0.5	nontarget	29	8349
27.83	0.5	O	16	8349
27.963333333333335	0.5	nontarget	29	8389
27.963333333333335	0.5	B	3	8389
28.1	0.5	nontarget	29	8430
28.1	0.5	V	23	8430
32.91	0.5	nontarget	29	9873
32.91	0.5	F	7	9873
33.11333333333334	0.5	nontarget	29	9934
33.11333333333334	0.5	_	28	9934
33.25	0.5	nontarget	29	9975
33.25	0.5	R	19	9975
33.38333333333333	0.5	nontarget	29	10015
33.38333333333333	0.5	B	3	10015
33.52	0.5	nontarget	29	10056
33.52	0.5	U	22	10056
33.656666666666666	0.5	nontarget	29	10097
33.656666666666666	0.5	D	5	10097
33.79333333333334	0.5	nontarget	29	10138
33.79333333333334	0.5	G	8	10138
33.92666666666667	0.5	nontarget	29	10178
33.92666666666667	0.5	H	9	10178
34.06333333333333	0.5	nontarget	29	10219
34.06333333333333	0.5	X	25	10219
34.2	0.5	nontarget	29	10260
34.2	0.5	M	14	10260
34.336666666666666	0.5	nontarget	29	10301
34.336666666666666	0.5	Z	27	10301
34.473333333333336	0.5	nontarget	29	10342
34.473333333333336	0.5	I	10	10342
34.61	0.5	nontarget	29	10383
34.61	0.5	L	13	10383
34.74666666666667	0.5	nontarget	29	10424
34.74666666666667	0.5	W	24	10424
34.88	0.5	nontarget	29	10464
34.88	0.5	P	17	10464
35.016666666666666	0.5	nontarget	29	10505
35.016666666666666	0.5	Y	26	10505
35.153333333333336	0.5	nontarget	29	10546
35.153333333333336	0.5	V	23	10546
35.29	0.5	nontarget	29	10587
35.29	0.5	C	4	10587
35.42666666666667	0.5	nontarget	29	10628
35.42666666666667	0.5	<	1	10628
35.56	0.5	nontarget	29	10668
35.56	0.5	J	11	10668
35.696666666666665	0.5	nontarget	29	10709
35.696666666666665	0.5	O	16	10709
35.833333333333336	0.5	nontarget	29	10750
35.833333333333336	0.5	K	12	10750
35.97	0.5	nontarget	29	10791
35.97	0.5	N	15	10791
36.10666666666667	0.5	nontarget	29	10832
36.10666666666667	0.5	E	6	10832
36.24333333333333	0.5	target	30	10873
36.24333333333333	0.5	T	21	10873
36.38333333333333	0.5	nontarget	29	10915
36.38333333333333	0.5	A	2	10915
36.516666666666666	0.5	nontarget	29	10955
36.516666666666666	0.5	S	20	10955
36.653333333333336	0.5	nontarget	29	10996
36.653333333333336	0.5	Q	18	10996
41.46	0.5	nontarget	29	12438
41.46	0.5	_	28	12438
41.596666666666664	0.5	nontarget	29	12479
41.596666666666664	0.5	K	12	12479
41.73	0.5	nontarget	29	12519
41.73	0.5	S	20	12519
41.86666666666667	0.5	nontarget	29	12560
41.86666666666667	0.5	G	8	12560
42.00333333333333	0.5	nontarget	29	12601
42.00333333333333	0.5	J	11	12601
42.14	0.5	nontarget	29	12642
42.14	0.5	U	22	12642
42.28	0.5	nontarget	29	12684
42.28	0.5	F	7	12684
42.416666666666664	0.5	nontarget	29	12725
42.416666666666664	0.5	E	6	12725
42.553333333333335	0.5	nontarget	29	12766
42.553333333333335	0.5	H	9	12766
42.69	0.5	nontarget	29	12807
42.69	0.5	R	19	12807
42.82666666666667	0.5	nontarget	29	12848
42.82666666666667	0.5	P	17	12848
42.96333333333333	0.5	nontarget	29	12889
42.96333333333333	0.5	V	23	12889
43.1	0.5	nontarget	29	12930
43.1	0.5	L	13	12930
43.233333333333334	0.5	nontarget	29	12970
43.233333333333334	0.5	A	2	12970
43.37	0.5	nontarget	29	13011
43.37	0.5	D	5	13011
43.50666666666667	0.5	nontarget	29	13052
43.50666666666667	0.5	Z	27	13052
43.64	0.5	nontarget	29	13092
43.64	0.5	O	16	13092
43.776666666666664	0.5	nontarget	29	13133
43.776666666666664	0.5	Y	26	13133
43.913333333333334	0.5	nontarget	29	13174
43.913333333333334	0.5	I	10	13174
44.04666666666667	0.5	target	30	13214
44.04666666666667	0.5	T	21	13214
44.18666666666667	0.5	nontarget	29	13256
44.18666666666667	0.5	C	4	13256
44.32333333333333	0.5	nontarget	29	13297
44.32333333333333	0.5	B	3	13297
44.46	0.5	nontarget	29	13338
44.46	0.5	M	14	13338
44.593333333333334	0.5	nontarget	29	13378
44.593333333333334	0.5	Q	18	13378
44.733333333333334	0.5	nontarget	29	13420
44.733333333333334	0.5	W	24	13420
44.87	0.5	nontarget	29	13461
44.87	0.5	X	25	13461
45.00666666666667	0.5	nontarget	29	13502
45.00666666666667	0.5	<	1	13502
45.14	0.5	nontarget	29	13542
45.14	0.5	N	15	13542
51.95333333333333	0.5	nontarget	29	15586
51.95333333333333	0.5	R	19	15586
52.09	0.5	nontarget	29	15627
52.09	0.5	D	5	15627
52.22666666666667	0.5	nontarget	29	15668
52.22666666666667	0.5	W	24	15668
52.36333333333334	0.5	nontarget	29	15709
52.36333333333334	0.5	U	22	15709
52.50333333333333	0.5	nontarget	29	15751
52.50333333333333	0.5	O	16	15751
52.64	0.5	nontarget	29	15792
52.64	0.5	X	25	15792
52.77333333333333	0.5	nontarget	29	15832
52.77333333333333	0.5	M	14	15832
52.91	0.5	nontarget	29	15873
52.91	0.5	Q	18	15873
53.04666666666667	0.5	nontarget	29	15914
53.04666666666667	0.5	Z	27	15914
53.18333333333333	0.5	nontarget	29	15955
53.18333333333333	0.5	T	21	15955
53.32	0.5	nontarget	29	15996
53.32	0.5	S	20	15996
53.45666666666666	0.5	nontarget	29	16037
53.45666666666666	0.5	A	2	16037
53.59	0.5	nontarget	29	16077
53.59	0.5	F	7	16077
53.72666666666667	0.5	nontarget	29	16118
53.72666666666667	0.5	N	15	16118
53.86333333333334	0.5	nontarget	29	16159
53.86333333333334	0.5	G	8	16159
54.00333333333333	0.5	nontarget	29	16201
54.00333333333333	0.5	K	12	16201
54.14	0.5	nontarget	29	16242
54.14	0.5	I	10	16242
54.27333333333333	0.5	nontarget	29	16282
54.27333333333333	0.5	<	1	16282
54.41	0.5	nontarget	29	16323
54.41	0.5	H	9	16323
54.54666666666667	0.5	nontarget	29	16364
54.54666666666667	0.5	V	23	16364
54.68333333333333	0.5	target	30	16405
54.68333333333333	0.5	E	6	16405
54.82333333333333	0.5	nontarget	29	16447
54.82333333333333	0.5	_	28	16447
54.95666666666666	0.5	nontarget	29	16487
54.95666666666666	0.5	C	4	16487
55.093333333333334	0.5	nontarget	29	16528
55.093333333333334	0.5	Y	26	16528
55.23	0.5	nontarget	29	16569
55.23	0.5	J	11	16569
55.36666666666667	0.5	nontarget	29	16610
55.36666666666667	0.5	B	3	16610
55.50333333333333	0.5	nontarget	29	16651
55.50333333333333	0.5	P	17	16651
55.64	0.5	nontarget	29	16692
55.64	0.5	L	13	16692
60.45	0.5	nontarget	29	18135
60.45	0.5	G	8	18135
60.586666666666666	0.5	nontarget	29	18176
60.586666666666666	0.5	C	4	18176
60.723333333333336	0.5	nontarget	29	18217
60.723333333333336	0.5	F	7	18217
60.85666666666667	0.5	nontarget	29	18257
60.85666666666667	0.5	_	28	18257
60.99666666666667	0.5	nontarget	29	18299
60.99666666666667	0.5	Z	27	18299
61.13	0.5	nontarget	29	18339
61.13	0.5	K	12	18339
61.266666666666666	0.5	nontarget	29	18380
61.266666666666666	0.5	V	23	18380
61.403333333333336	0.5	nontarget	29	18421
61.403333333333336	0.5	B	3	18421
61.54	0.5	nontarget	29	18462
61.54	0.5	H	9	18462
61.67666666666667	0.5	nontarget	29	18503
61.67666666666667	0.5	I	10	18503
61.81666666666667	0.5	nontarget	29	18545
61.81666666666667	0.5	<	1	18545
61.95333333333333	0.5	nontarget	29	18586
61.95333333333333	0.5	T	21	18586
62.086666666666666	0.5	nontarget	29	18626
62.086666666666666	0.5	L	13	18626
62.223333333333336	0.5	nontarget	29	18667
62.223333333333336	0.5	A	2	18667
62.36	0.5	nontarget	29	18708
62.36	0.5	D	5	18708
62.49666666666667	0.5	target	30	18749
62.49666666666667	0.5	E	6	18749
62.63333333333333	0.5	nontarget	29	18790
62.63333333333333	0.5	X	25	18790
62.77	0.5	nontarget	29	18831
62.77	0.5	J	11	18831
62.906666666666666	0.5	nontarget	29	18872
62.906666666666666	0.5	O	16	18872
63.04333333333334	0.5	nontarget	29	18913
63.04333333333334	0.5	U	22	18913
63.18	0.5	nontarget	29	18954
63.18	0.5	M	14	18954
63.31666666666667	0.5	nontarget	29	18995
63.31666666666667	0.5	Q	18	18995
63.45333333333333	0.5	nontarget	29	19036
63.45333333333333	0.5	R	19	19036
63.59	0.5	nontarget	29	19077
63.59	0.5	W	24	19077
63.72666666666667	0.5	nontarget	29	19118
63.72666666666667	0.5	S	20	19118
63.86333333333334	0.5	nontarget	29	19159
63.86333333333334	0.5	P	17	19159
64.0	0.5	nontarget	29	19200
64.0	0.5	Y	26	19200
64.13333333333334	0.5	nontarget	29	19240
64.13333333333334	0.5	N	15	19240
68.94333333333333	0.5	nontarget	29	20683
68.94333333333333	0.5	P	17	20683
69.08	0.5	nontarget	29	20724
69.08	0.5	B	3	20724
69.21666666666667	0.5	nontarget	29	20765
69.21666666666667	0.5	L	13	20765
69.35333333333334	0.5	nontarget	29	20806
69.35333333333334	0.5	K	12	20806
69.49	0.5	nontarget	29	20847
69.49	0.5	C	4	20847
69.62666666666667	0.5	nontarget	29	20888
69.62666666666667	0.5	F	7	20888
69.76333333333334	0.5	nontarget	29	20929
69.76333333333334	0.5	T	21	20929
69.9	0.5	nontarget	29	20970
69.9	0.5	<	1	20970
70.03666666666666	0.5	nontarget	29	21011
70.03666666666666	0.5	M	14	21011
70.17333333333333	0.5	nontarget	29	21052
70.17333333333333	0.5	J	11	21052
70.31	0.5	nontarget	29	21093
70.31	0.5	G	8	21093
70.44333333333333	0.5	nontarget	29	21133
70.44333333333333	0.5	Z	27	21133
70.58	0.5	nontarget	29	21174
70.58	0.5	Q	18	21174
70.71666666666667	0.5	nontarget	29	21215
70.71666666666667	0.5	U	22	21215
70.85333333333334	0.5	nontarget	29	21256
70.85333333333334	0.5	W	24	21256
70.99	0.5	nontarget	29	21297
70.99	0.5	A	2	21297
71.12666666666667	0.5	target	30	21338
71.12666666666667	0.5	E	6	21338
71.26333333333334	0.5	nontarget	29	21379
71.26333333333334	0.5	D	5	21379
71.4	0.5	nontarget	29	21420
71.4	0.5	N	15	21420
71.54	0.5	nontarget	29	21462
71.54	0.5	H	9	21462
71.67666666666666	0.5	nontarget	29	21503
71.67666666666666	0.5	X	25	21503
71.81333333333333	0.5	nontarget	29	21544
71.81333333333333	0.5	Y	26	21544
71.94666666666667	0.5	nontarget	29	21584
71.94666666666667	0.5	R	19	21584
72.08666666666667	0.5	nontarget	29	21626
72.08666666666667	0.5	_	28	21626
72.22333333333333	0.5	nontarget	29	21667
72.22333333333333	0.5	S	20	21667
72.36	0.5	nontarget	29	21708
72.36	0.5	V	23	21708
72.49666666666667	0.5	nontarget	29	21749
72.49666666666667	0.5	I	10	21749
72.63333333333334	0.5	nontarget	29	21790
72.63333333333334	0.5	O	16	21790
77.43666666666667	0.5	nontarget	29	23231
77.43666666666667	0.5	F	7	23231
77.57333333333334	0.5	nontarget	29	23272
77.57333333333334	0.5	O	16	23272
77.71	0.5	nontarget	29	23313
77.71	0.5	M	14	23313
77.84666666666666	0.5	nontarget	29	23354
77.84666666666666	0.5	<	1	23354
77.98333333333333	0.5	nontarget	29	23395
77.98333333333333	0.5	D	5	23395
78.12	0.5	nontarget	29	23436
78.12	0.5	K	12	23436
78.25333333333333	0.5	nontarget	29	23476
78.25333333333333	0.5	H	9	23476
78.39	0.5	nontarget	29	23517
78.39	0.5	C	4	23517
78.52666666666667	0.5	target	30	23558
78.52666666666667	0.5	E	6	23558
78.66333333333333	0.5	nontarget	29	23599
78.66333333333333	0.5	N	15	23599
78.79666666666667	0.5	nontarget	29	23639
78.79666666666667	0.5	A	2	23639
78.93333333333334	0.5	nontarget	29	23680
78.93333333333334	0.5	R	19	23680
79.07	0.5	nontarget	29	23721
79.07	0.5	T	21	23721
79.20666666666666	0.5	nontarget	29	23762
79.20666666666666	0.5	U	22	23762
79.34333333333333	0.5	nontarget	29	23803
79.34333333333333	0.5	I	10	23803
79.48	0.5	nontarget	29	23844
79.48	0.5	Q	18	23844
79.61666666666666	0.5	nontarget	29	23885
79.61666666666666	0.5	V	23	23885
79.75333333333333	0.5	nontarget	29	23926
79.75333333333333	0.5	X	25	23926
79.89	0.5	nontarget	29	23967
79.89	0.5	P	17	23967
80.02666666666667	0.5	nontarget	29	24008
80.02666666666667	0.5	Z	27	24008
80.16333333333333	0.5	nontarget	29	24049
80.16333333333333	0.5	L	13	24049
80.29666666666667	0.5	nontarget	29	24089
80.29666666666667	0.5	J	11	24089
80.43333333333334	0.5	nontarget	29	24130
80.43333333333334	0.5	_	28	24130
80.57	0.5	nontarget	29	24171
80.57	0.5	B	3	24171
80.70666666666666	0.5	nontarget	29	24212
80.70666666666666	0.5	S	20	24212
80.84333333333333	0.5	nontarget	29	24253
80.84333333333333	0.5	G	8	24253
80.98	0.5	nontarget	29	24294
80.98	0.5	W	24	24294
81.11333333333333	0.5	nontarget	29	24334
81.11333333333333	0.5	Y	26	24334
85.92333333333333	0.5	nontarget	29	25777
85.92333333333333	0.5	D	5	25777
86.06	0.5	nontarget	29	25818
86.06	0.5	R	19	25818
86.19666666666667	0.5	nontarget	29	25859
86.19666666666667	0.5	_	28	25859
86.33333333333333	0.5	nontarget	29	25900
86.33333333333333	0.5	W	24	25900
86.47	0.5	nontarget	29	25941
86.47	0.5	<	1	25941
86.60666666666667	0.5	nontarget	29	25982
86.60666666666667	0.5	Z	27	25982
86.74333333333334	0.5	nontarget	29	26023
86.74333333333334	0.5	Q	18	26023
86.88	0.5	nontarget	29	26064
86.88	0.5	B	3	26064
87.01666666666667	0.5	nontarget	29	26105
87.01666666666667	0.5	C	4	26105
87.15333333333334	0.5	nontarget	29	26146
87.15333333333334	0.5	N	15	26146
87.29	0.5	nontarget	29	26187
87.29	0.5	P	17	26187
87.42666666666666	0.5	nontarget	29	26228
87.42666666666666	0.5	S	20	26228
87.56	0.5	nontarget	29	26268
87.56	0.5	T	21	26268
87.7	0.5	nontarget	29	26310
87.7	0.5	V	23	26310
87.83333333333333	0.5	nontarget	29	26350
87.83333333333333	0.5	I	10	26350
87.97333333333333	0.5	nontarget	29	26392
87.97333333333333	0.5	X	25	26392
88.11	0.5	nontarget	29	26433
88.11	0.5	M	14	26433
88.24666666666667	0.5	nontarget	29	26474
88.24666666666667	0.5	H	9	26474
88.38333333333334	0.5	nontarget	29	26515
88.38333333333334	0.5	J	11	26515
88.51666666666667	0.5	nontarget	29	26555
88.51666666666667	0.5	L	13	26555
88.65333333333334	0.5	nontarget	29	26596
88.65333333333334	0.5	O	16	26596
88.79	0.5	nontarget	29	26637
88.79	0.5	K	12	26637
88.92666666666666	0.5	nontarget	29	26678
88.92666666666666	0.5	A	2	26678
89.06333333333333	0.5	nontarget	29	26719
89.06333333333333	0.5	U	22	26719
89.20333333333333	0.5	nontarget	29	26761
89.20333333333333	0.5	F	7	26761
89.34	0.5	nontarget	29	26802
89.34	0.5	Y	26	26802
89.47666666666667	0.5	target	30	26843
89.47666666666667	0.5	E	6	26843
89.61333333333333	0.5	nontarget	29	26884
89.61333333333333	0.5	G	8	26884
94.42	0.5	nontarget	29	28326
94.42	0.5	V	23	28326
94.55333333333333	0.5	nontarget	29	28366
94.55333333333333	0.5	Z	27	28366
94.69333333333333	0.5	nontarget	29	28408
94.69333333333333	0.5	P	17	28408
94.83	0.5	nontarget	29	28449
94.83	0.5	Q	18	28449
94.96666666666667	0.5	nontarget	29	28490
94.96666666666667	0.5	C	4	28490
95.10666666666667	0.5	nontarget	29	28532
95.10666666666667	0.5	I	10	28532
95.24	0.5	nontarget	29	28572
95.24	0.5	N	15	28572
95.37666666666667	0.5	nontarget	29	28613
95.37666666666667	0.5	A	2	28613
95.51	0.5	nontarget	29	28653
95.51	0.5	U	22	28653
95.64666666666666	0.5	target	30	28694
95.64666666666666	0.5	E	6	28694
95.78333333333333	0.5	nontarget	29	28735
95.78333333333333	0.5	H	9	28735
95.91666666666667	0.5	nontarget	29	28775
95.91666666666667	0.5	O	16	28775
96.05333333333333	0.5	nontarget	29	28816
96.05333333333333	0.5	S	20	28816
96.19	0.5	nontarget	29	28857
96.19	0.5	D	5	28857
96.32333333333334	0.5	nontarget	29	28897
96.32333333333334	0.5	_	28	28897
96.46	0.5	nontarget	29	28938
96.46	0.5	B	3	28938
96.59666666666666	0.5	nontarget	29	28979
96.59666666666666	0.5	Y	26	28979
96.73333333333333	0.5	nontarget	29	29020
96.73333333333333	0.5	<	1	29020
96.87	0.5	nontarget	29	29061
96.87	0.5	T	21	29061
97.00666666666666	0.5	nontarget	29	29102
97.00666666666666	0.5	F	7	29102
97.14333333333333	0.5	nontarget	29	29143
97.14333333333333	0.5	X	25	29143
97.28	0.5	nontarget	29	29184
97.28	0.5	G	8	29184
97.41666666666667	0.5	nontarget	29	29225
97.41666666666667	0.5	J	11	29225
97.55333333333333	0.5	nontarget	29	29266
97.55333333333333	0.5	K	12	29266
97.69	0.5	nontarget	29	29307
97.69	0.5	L	13	29307
97.82666666666667	0.5	nontarget	29	29348
97.82666666666667	0.5	W	24	29348
97.96333333333334	0.5	nontarget	29	29389
97.96333333333334	0.5	M	14	29389
98.1	0.5	nontarget	29	29430
98.1	0.5	R	19	29430
102.90666666666667	0.5	nontarget	29	30872
102.90666666666667	0.5	C	4	30872
103.04333333333334	0.5	nontarget	29	30913
103.04333333333334	0.5	X	25	30913
103.18	0.5	nontarget	29	30954
103.18	0.5	I	10	30954
103.31666666666666	0.5	nontarget	29	30995
103.31666666666666	0.5	P	17	30995
103.45333333333333	0.5	nontarget	29	31036
103.45333333333333	0.5	B	3	31036
103.59	0.5	nontarget	29	31077
103.59	0.5	O	16	31077
103.72666666666667	0.5	nontarget	29	31118
103.72666666666667	0.5	F	7	31118
103.86333333333333	0.5	nontarget	29	31159
103.86333333333333	0.5	M	14	31159
104.0	0.5	target	30	31200
104.0	0.5	E	6	31200
104.13666666666667	0.5	nontarget	29	31241
104.13666666666667	0.5	Q	18	31241
104.33666666666667	0.5	nontarget	29	31301
104.33666666666667	0.5	U	22	31301
104.47333333333333	0.5	nontarget	29	31342
104.47333333333333	0.5	L	13	31342
104.61333333333333	0.5	nontarget	29	31384
104.61333333333333	0.5	H	9	31384
104.75	0.5	nontarget	29	31425
104.75	0.5	V	23	31425
104.88666666666667	0.5	nontarget	29	31466
104.88666666666667	0.5	K	12	31466
105.02	0.5	nontarget	29	31506
105.02	0.5	R	19	31506
105.15666666666667	0.5	nontarget	29	31547
105.15666666666667	0.5	D	5	31547
105.29333333333334	0.5	nontarget	29	31588
105.29333333333334	0.5	A	2	31588
105.43	0.5	nontarget	29	31629
105.43	0.5	G	8	31629
105.56666666666666	0.5	nontarget	29	31670
105.56666666666666	0.5	T	21	31670
105.7	0.5	nontarget	29	31710
105.7	0.5	W	24	31710
105.83666666666667	0.5	nontarget	29	31751
105.83666666666667	0.5	N	15	31751
105.97666666666667	0.5	nontarget	29	31793
105.97666666666667	0.5	_	28	31793
106.11333333333333	0.5	nontarget	29	31834
106.11333333333333	0.5	S	20	31834
106.24666666666667	0.5	nontarget	29	31874
106.24666666666667	0.5	Z	27	31874
106.38333333333334	0.5	nontarget	29	31915
106.38333333333334	0.5	<	1	31915
106.51666666666667	0.5	nontarget	29	31955
106.51666666666667	0.5	J	11	31955
106.65333333333334	0.5	nontarget	29	31996
106.65333333333334	0.5	Y	26	31996
111.46	0.5	nontarget	29	33438
111.46	0.5	D	5	33438
111.59666666666666	0.5	nontarget	29	33479
111.59666666666666	0.5	R	19	33479
111.73666666666666	0.5	nontarget	29	33521
111.73666666666666	0.5	L	13	33521
111.87333333333333	0.5	nontarget	29	33562
111.87333333333333	0.5	B	3	33562
112.01	0.5	target	30	33603
112.01	0.5	E	6	33603
112.14333333333333	0.5	nontarget	29	33643
112.14333333333333	0.5	P	17	33643
112.28	0.5	nontarget	29	33684
112.28	0.5	O	16	33684
112.41666666666667	0.5	nontarget	29	33725
112.41666666666667	0.5	C	4	33725
112.55333333333333	0.5	nontarget	29	33766
112.55333333333333	0.5	X	25	33766
112.68666666666667	0.5	nontarget	29	33806
112.68666666666667	0.5	U	22	33806
112.82333333333334	0.5	nontarget	29	33847
112.82333333333334	0.5	A	2	33847
112.96	0.5	nontarget	29	33888
112.96	0.5	Q	18	33888
113.09666666666666	0.5	nontarget	29	33929
113.09666666666666	0.5	W	24	33929
113.23333333333333	0.5	nontarget	29	33970
113.23333333333333	0.5	V	23	33970
113.37	0.5	nontarget	29	34011
113.37	0.5	M	14	34011
113.50666666666666	0.5	nontarget	29	34052
113.50666666666666	0.5	N	15	34052
113.64333333333333	0.5	nontarget	29	34093
113.64333333333333	0.5	_	28	34093
113.78	0.5	nontarget	29	34134
113.78	0.5	<	1	34134
113.91666666666667	0.5	nontarget	29	34175
113.91666666666667	0.5	G	8	34175
114.05	0.5	nontarget	29	34215
114.05	0.5	Y	26	34215
114.18666666666667	0.5	nontarget	29	34256
114.18666666666667	0.5	T	21	34256
114.32333333333334	0.5	nontarget	29	34297
114.32333333333334	0.5	J	11	34297
114.46	0.5	nontarget	29	34338
114.46	0.5	Z	27	34338
114.59666666666666	0.5	nontarget	29	34379
114.59666666666666	0.5	I	10	34379
114.73	0.5	nontarget	29	34419
114.73	0.5	F	7	34419
114.86666666666666	0.5	nontarget	29	34460
114.86666666666666	0.5	H	9	34460
115.00333333333333	0.5	nontarget	29	34501
115.00333333333333	0.5	S	20	34501
115.14	0.5	nontarget	29	34542
115.14	0.5	K	12	34542
121.95333333333333	0.5	nontarget	29	36586
121.95333333333333	0.5	K	12	36586
122.09	0.5	nontarget	29	36627
122.09	0.5	X	25	36627
122.22666666666667	0.5	nontarget	29	36668
122.22666666666667	0.5	I	10	36668
122.36333333333333	0.5	nontarget	29	36709
122.36333333333333	0.5	G	8	36709
122.5	0.5	target	30	36750
122.5	0.5	<	1	36750
122.63666666666667	0.5	nontarget	29	36791
122.63666666666667	0.5	H	9	36791
122.77333333333333	0.5	nontarget	29	36832
122.77333333333333	0.5	P	17	36832
122.91	0.5	nontarget	29	36873
122.91	0.5	B	3	36873
123.04666666666667	0.5	nontarget	29	36914
123.04666666666667	0.5	S	20	36914
123.18333333333334	0.5	nontarget	29	36955
123.18333333333334	0.5	Z	27	36955
123.32	0.5	nontarget	29	36996
123.32	0.5	U	22	36996
123.45333333333333	0.5	nontarget	29	37036
123.45333333333333	0.5	T	21	37036
123.59	0.5	nontarget	29	37077
123.59	0.5	J	11	37077
123.72666666666667	0.5	nontarget	29	37118
123.72666666666667	0.5	Y	26	37118
123.86333333333333	0.5	nontarget	29	37159
123.86333333333333	0.5	W	24	37159
123.99666666666667	0.5	nontarget	29	37199
123.99666666666667	0.5	_	28	37199
124.13333333333334	0.5	nontarget	29	37240
124.13333333333334	0.5	E	6	37240
124.27	0.5	nontarget	29	37281
124.27	0.5	N	15	37281
124.40666666666667	0.5	nontarget	29	37322
124.40666666666667	0.5	C	4	37322
124.54333333333334	0.5	nontarget	29	37363
124.54333333333334	0.5	R	19	37363
124.68	0.5	nontarget	29	37404
124.68	0.5	V	23	37404
124.81666666666666	0.5	nontarget	29	37445
124.81666666666666	0.5	M	14	37445
124.95333333333333	0.5	nontarget	29	37486
124.95333333333333	0.5	O	16	37486
125.09333333333333	0.5	nontarget	29	37528
125.09333333333333	0.5	L	13	37528
125.23	0.5	nontarget	29	37569
125.23	0.5	Q	18	37569
125.36666666666666	0.5	nontarget	29	37610
125.36666666666666	0.5	A	2	37610
125.50333333333333	0.5	nontarget	29	37651
125.50333333333333	0.5	F	7	37651
125.64	0.5	nontarget	29	37692
125.64	0.5	D	5	37692
130.45	0.5	nontarget	29	39135
130.45	0.5	L	13	39135
130.58333333333334	0.5	nontarget	29	39175
130.58333333333334	0.5	P	17	39175
130.73666666666668	0.5	nontarget	29	39221
130.73666666666668	0.5	A	2	39221
130.87	0.5	nontarget	29	39261
130.87	0.5	I	10	39261
131.00666666666666	0.5	nontarget	29	39302
131.00666666666666	0.5	X	25	39302
131.14666666666668	0.5	nontarget	29	39344
131.14666666666668	0.5	H	9	39344
131.28333333333333	0.5	nontarget	29	39385
131.28333333333333	0.5	T	21	39385
131.42	0.5	nontarget	29	39426
131.42	0.5	O	16	39426
131.55333333333334	0.5	nontarget	29	39466
131.55333333333334	0.5	E	6	39466
131.69	0.5	nontarget	29	39507
131.69	0.5	N	15	39507
131.82666666666665	0.5	nontarget	29	39548
131.82666666666665	0.5	Y	26	39548
131.96	0.5	nontarget	29	39588
131.96	0.5	R	19	39588
132.09666666666666	0.5	nontarget	29	39629
132.09666666666666	0.5	C	4	39629
132.23	0.5	nontarget	29	39669
132.23	0.5	S	20	39669
132.36666666666667	0.5	nontarget	29	39710
132.36666666666667	0.5	V	23	39710
132.5	0.5	nontarget	29	39750
132.5	0.5	G	8	39750
132.63666666666666	0.5	target	30	39791
132.63666666666666	0.5	<	1	39791
132.77333333333334	0.5	nontarget	29	39832
132.77333333333334	0.5	M	14	39832
132.91	0.5	nontarget	29	39873
132.91	0.5	W	24	39873
133.04666666666665	0.5	nontarget	29	39914
133.04666666666665	0.5	F	7	39914
133.18333333333334	0.5	nontarget	29	39955
133.18333333333334	0.5	J	11	39955
133.32	0.5	nontarget	29	39996
133.32	0.5	B	3	39996
133.45666666666668	0.5	nontarget	29	40037
133.45666666666668	0.5	_	28	40037
133.59333333333333	0.5	nontarget	29	40078
133.59333333333333	0.5	Q	18	40078
133.72666666666666	0.5	nontarget	29	40118
133.72666666666666	0.5	Z	27	40118
133.86333333333334	0.5	nontarget	29	40159
133.86333333333334	0.5	D	5	40159
134.0	0.5	nontarget	29	40200
134.0	0.5	U	22	40200
134.13333333333333	0.5	nontarget	29	40240
134.13333333333333	0.5	K	12	40240
140.95	0.5	nontarget	29	42285
140.95	0.5	W	24	42285
141.09	0.5	nontarget	29	42327
141.09	0.5	X	25	42327
141.22666666666666	0.5	nontarget	29	42368
141.22666666666666	0.5	O	16	42368
141.36333333333334	0.5	nontarget	29	42409
141.36333333333334	0.5	J	11	42409
141.49666666666667	0.5	nontarget	29	42449
141.49666666666667	0.5	F	7	42449
141.63333333333333	0.5	nontarget	29	42490
141.63333333333333	0.5	C	4	42490
141.77	0.5	nontarget	29	42531
141.77	0.5	U	22	42531
141.90666666666667	0.5	nontarget	29	42572
141.90666666666667	0.5	P	17	42572
142.04333333333332	0.5	target	30	42613
142.04333333333332	0.5	E	6	42613
142.18	0.5	nontarget	29	42654
142.18	0.5	<	1	42654
142.31666666666666	0.5	nontarget	29	42695
142.31666666666666	0.5	R	19	42695
142.45333333333335	0.5	nontarget	29	42736
142.45333333333335	0.5	K	12	42736
142.58666666666667	0.5	nontarget	29	42776
142.58666666666667	0.5	T	21	42776
142.72333333333333	0.5	nontarget	29	42817
142.72333333333333	0.5	B	3	42817
142.86333333333334	0.5	nontarget	29	42859
142.86333333333334	0.5	N	15	42859
142.99666666666667	0.5	nontarget	29	42899
142.99666666666667	0.5	D	5	42899
143.13333333333333	0.5	nontarget	29	42940
143.13333333333333	0.5	A	2	42940
143.27	0.5	nontarget	29	42981
143.27	0.5	Z	27	42981
143.40666666666667	0.5	nontarget	29	43022
143.40666666666667	0.5	M	14	43022
143.54333333333332	0.5	nontarget	29	43063
143.54333333333332	0.5	_	28	43063
143.68	0.5	nontarget	29	43104
143.68	0.5	I	10	43104
143.81666666666666	0.5	nontarget	29	43145
143.81666666666666	0.5	L	13	43145
143.95333333333335	0.5	nontarget	29	43186
143.95333333333335	0.5	V	23	43186
144.09333333333333	0.5	nontarget	29	43228
144.09333333333333	0.5	S	20	43228
144.23	0.5	nontarget	29	43269
144.23	0.5	Q	18	43269
144.36666666666667	0.5	nontarget	29	43310
144.36666666666667	0.5	H	9	43310
144.50333333333333	0.5	nontarget	29	43351
144.50333333333333	0.5	Y	26	43351
144.64	0.5	nontarget	29	43392
144.64	0.5	G	8	43392
149.45	0.5	nontarget	29	44835
149.45	0.5	Z	27	44835
149.58666666666667	0.5	nontarget	29	44876
149.58666666666667	0.5	B	3	44876
149.72333333333333	0.5	nontarget	29	44917
149.72333333333333	0.5	P	17	44917
149.86	0.5	nontarget	29	44958
149.86	0.5	M	14	44958
150.0	0.5	nontarget	29	45000
150.0	0.5	S	20	45000
150.13333333333333	0.5	nontarget	29	45040
150.13333333333333	0.5	H	9	45040
150.27	0.5	nontarget	29	45081
150.27	0.5	C	4	45081
150.40666666666667	0.5	nontarget	29	45122
150.40666666666667	0.5	J	11	45122
150.54333333333332	0.5	nontarget	29	45163
150.54333333333332	0.5	G	8	45163
150.68	0.5	nontarget	29	45204
150.68	0.5	I	10	45204
150.81666666666666	0.5	nontarget	29	45245
150.81666666666666	0.5	D	5	45245
150.95	0.5	nontarget	29	45285
150.95	0.5	R	19	45285
151.09	0.5	nontarget	29	45327
151.09	0.5	Q	18	45327
151.22666666666666	0.5	nontarget	29	45368
151.22666666666666	0.5	O	16	45368
151.36333333333334	0.5	nontarget	29	45409
151.36333333333334	0.5	W	24	45409
151.50333333333333	0.5	nontarget	29	45451
151.50333333333333	0.5	F	7	45451
151.64	0.5	nontarget	29	45492
151.64	0.5	X	25	45492
151.77666666666667	0.5	nontarget	29	45533
151.77666666666667	0.5	N	15	45533
151.91333333333333	0.5	nontarget	29	45574
151.91333333333333	0.5	T	21	45574
152.05	0.5	nontarget	29	45615
152.05	0.5	L	13	45615
152.18666666666667	0.5	nontarget	29	45656
152.18666666666667	0.5	V	23	45656
152.32333333333332	0.5	nontarget	29	45697
152.32333333333332	0.5	A	2	45697
152.46	0.5	nontarget	29	45738
152.46	0.5	<	1	45738
152.59666666666666	0.5	nontarget	29	45779
152.59666666666666	0.5	Y	26	45779
152.73333333333332	0.5	nontarget	29	45820
152.73333333333332	0.5	K	12	45820
152.87	0.5	nontarget	29	45861
152.87	0.5	U	22	45861
153.00666666666666	0.5	target	30	45902
153.00666666666666	0.5	E	6	45902
153.14333333333335	0.5	nontarget	29	45943
153.14333333333335	0.5	_	28	45943
157.96	0.5	nontarget	29	47388
157.96	0.5	J	11	47388
158.1	0.5	nontarget	29	47430
158.1	0.5	K	12	47430
158.23666666666668	0.5	nontarget	29	47471
158.23666666666668	0.5	P	17	47471
158.37333333333333	0.5	nontarget	29	47512
158.37333333333333	0.5	<	1	47512
158.51	0.5	nontarget	29	47553
158.51	0.5	Z	27	47553
158.64333333333335	0.5	nontarget	29	47593
158.64333333333335	0.5	O	16	47593
158.78	0.5	nontarget	29	47634
158.78	0.5	T	21	47634
158.91666666666666	0.5	nontarget	29	47675
158.91666666666666	0.5	L	13	47675
159.05333333333334	0.5	nontarget	29	47716
159.05333333333334	0.5	Y	26	47716
159.19	0.5	nontarget	29	47757
159.19	0.5	M	14	47757
159.32666666666665	0.5	nontarget	29	47798
159.32666666666665	0.5	F	7	47798
159.46333333333334	0.5	nontarget	29	47839
159.46333333333334	0.5	Q	18	47839
159.6	0.5	nontarget	29	47880
159.6	0.5	R	19	47880
159.74	0.5	nontarget	29	47922
159.74	0.5	N	15	47922
159.87333333333333	0.5	nontarget	29	47962
159.87333333333333	0.5	U	22	47962
160.01	0.5	nontarget	29	48003
160.01	0.5	X	25	48003
160.14666666666668	0.5	nontarget	29	48044
160.14666666666668	0.5	D	5	48044
160.28333333333333	0.5	nontarget	29	48085
160.28333333333333	0.5	W	24	48085
160.42333333333335	0.5	nontarget	29	48127
160.42333333333335	0.5	A	2	48127
160.56	0.5	nontarget	29	48168
160.56	0.5	C	4	48168
160.69666666666666	0.5	nontarget	29	48209
160.69666666666666	0.5	_	28	48209
160.83333333333334	0.5	target	30	48250
160.83333333333334	0.5	E	6	48250
160.97	0.5	nontarget	29	48291
160.97	0.5	V	23	48291
161.10666666666665	0.5	nontarget	29	48332
161.10666666666665	0.5	I	10	48332
161.24333333333334	0.5	nontarget	29	48373
161.24333333333334	0.5	B	3	48373
161.38333333333333	0.5	nontarget	29	48415
161.38333333333333	0.5	G	8	48415
161.52	0.5	nontarget	29	48456
161.52	0.5	H	9	48456
161.65666666666667	0.5	nontarget	29	48497
161.65666666666667	0.5	S	20	48497
166.47	0.5	nontarget	29	49941
166.47	0.5	V	23	49941
166.60333333333332	0.5	nontarget	29	49981
166.60333333333332	0.5	Y	26	49981
166.74	0.5	nontarget	29	50022
166.74	0.5	B	3	50022
166.88	0.5	nontarget	29	50064
166.88	0.5	R	19	50064
167.01333333333332	0.5	nontarget	29	50104
167.01333333333332	0.5	C	4	50104
167.15333333333334	0.5	nontarget	29	50146
167.15333333333334	0.5	W	24	50146
167.29	0.5	nontarget	29	50187
167.29	0.5	D	5	50187
167.42666666666668	0.5	nontarget	29	50228
167.42666666666668	0.5	L	13	50228
167.56333333333333	0.5	nontarget	29	50269
167.56333333333333	0.5	T	21	50269
167.7	0.5	nontarget	29	50310
167.7	0.5	J	11	50310
167.83666666666667	0.5	nontarget	29	50351
167.83666666666667	0.5	G	8	50351
167.97333333333333	0.5	nontarget	29	50392
167.97333333333333	0.5	I	10	50392
168.11	0.5	nontarget	29	50433
168.11	0.5	X	25	50433
168.24666666666667	0.5	nontarget	29	50474
168.24666666666667	0.5	U	22	50474
168.38333333333333	0.5	nontarget	29	50515
168.38333333333333	0.5	_	28	50515
168.52	0.5	nontarget	29	50556
168.52	0.5	Z	27	50556
168.65666666666667	0.5	nontarget	29	50597
168.65666666666667	0.5	P	17	50597
168.79333333333332	0.5	nontarget	29	50638
168.79333333333332	0.5	M	14	50638
168.93	0.5	nontarget	29	50679
168.93	0.5	O	16	50679
169.06666666666666	0.5	nontarget	29	50720
169.06666666666666	0.5	H	9	50720
169.20333333333335	0.5	nontarget	29	50761
169.20333333333335	0.5	N	15	50761
169.33666666666667	0.5	nontarget	29	50801
169.33666666666667	0.5	A	2	50801
169.47333333333333	0.5	nontarget	29	50842
169.47333333333333	0.5	F	7	50842
169.60666666666665	0.5	target	30	50882
169.60666666666665	0.5	E	6	50882
169.74666666666667	0.5	nontarget	29	50924
169.74666666666667	0.5	K	12	50924
169.88	0.5	nontarget	29	50964
169.88	0.5	<	1	50964
170.01666666666668	0.5	nontarget	29	51005
170.01666666666668	0.5	Q	18	51005
170.15333333333334	0.5	nontarget	29	51046
170.15333333333334	0.5	S	20	51046
174.97	0.5	nontarget	29	52491
174.97	0.5	Z	27	52491
175.10666666666665	0.5	nontarget	29	52532
175.10666666666665	0.5	G	8	52532
175.24666666666667	0.5	nontarget	29	52574
175.24666666666667	0.5	B	3	52574
175.38333333333333	0.5	nontarget	29	52615
175.38333333333333	0.5	V	23	52615
175.52	0.5	nontarget	29	52656
175.52	0.5	F	7	52656
175.65666666666667	0.5	nontarget	29	52697
175.65666666666667	0.5	Q	18	52697
175.79333333333332	0.5	nontarget	29	52738
175.79333333333332	0.5	A	2	52738
175.92666666666668	0.5	nontarget	29	52778
175.92666666666668	0.5	K	12	52778
176.06666666666666	0.5	nontarget	29	52820
176.06666666666666	0.5	H	9	52820
176.20333333333335	0.5	nontarget	29	52861
176.20333333333335	0.5	_	28	52861
176.34	0.5	target	30	52902
176.34	0.5	E	6	52902
176.47666666666666	0.5	nontarget	29	52943
176.47666666666666	0.5	Y	26	52943
176.61333333333334	0.5	nontarget	29	52984
176.61333333333334	0.5	<	1	52984
176.75	0.5	nontarget	29	53025
176.75	0.5	O	16	53025
176.88666666666666	0.5	nontarget	29	53066
176.88666666666666	0.5	J	11	53066
177.02	0.5	nontarget	29	53106
177.02	0.5	P	17	53106
177.16	0.5	nontarget	29	53148
177.16	0.5	U	22	53148
177.29666666666665	0.5	nontarget	29	53189
177.29666666666665	0.5	D	5	53189
177.43333333333334	0.5	nontarget	29	53230
177.43333333333334	0.5	M	14	53230
177.57	0.5	nontarget	29	53271
177.57	0.5	R	19	53271
177.77333333333334	0.5	nontarget	29	53332
177.77333333333334	0.5	X	25	53332
177.91	0.5	nontarget	29	53373
177.91	0.5	I	10	53373
178.04666666666665	0.5	nontarget	29	53414
178.04666666666665	0.5	L	13	53414
178.18333333333334	0.5	nontarget	29	53455
178.18333333333334	0.5	N	15	53455
178.32	0.5	nontarget	29	53496
178.32	0.5	W	24	53496
178.46	0.5	nontarget	29	53538
178.46	0.5	S	20	53538
178.59666666666666	0.5	nontarget	29	53579
178.59666666666666	0.5	T	21	53579
178.73333333333332	0.5	nontarget	29	53620
178.73333333333332	0.5	C	4	53620
185.55	0.5	nontarget	29	55665
185.55	0.5	J	11	55665
185.69	0.5	nontarget	29	55707
185.69	0.5	M	14	55707
185.82666666666665	0.5	nontarget	29	55748
185.82666666666665	0.5	K	12	55748
185.96333333333334	0.5	nontarget	29	55789
185.96333333333334	0.5	P	17	55789
186.09666666666666	0.5	nontarget	29	55829
186.09666666666666	0.5	O	16	55829
186.23333333333332	0.5	nontarget	29	55870
186.23333333333332	0.5	Q	18	55870
186.37	0.5	nontarget	29	55911
186.37	0.5	D	5	55911
186.50666666666666	0.5	nontarget	29	55952
186.50666666666666	0.5	C	4	55952
186.64333333333335	0.5	target	30	55993
186.64333333333335	0.5	<	1	55993
186.78	0.5	nontarget	29	56034
186.78	0.5	X	25	56034
186.91666666666666	0.5	nontarget	29	56075
186.91666666666666	0.5	B	3	56075
187.05333333333334	0.5	nontarget	29	56116
187.05333333333334	0.5	A	2	56116
187.19333333333333	0.5	nontarget	29	56158
187.19333333333333	0.5	H	9	56158
187.33	0.5	nontarget	29	56199
187.33	0.5	W	24	56199
187.46333333333334	0.5	nontarget	29	56239
187.46333333333334	0.5	S	20	56239
187.6	0.5	nontarget	29	56280
187.6	0.5	R	19	56280
187.73666666666668	0.5	nontarget	29	56321
187.73666666666668	0.5	Z	27	56321
187.87333333333333	0.5	nontarget	29	56362
187.87333333333333	0.5	G	8	56362
188.01	0.5	nontarget	29	56403
188.01	0.5	I	10	56403
188.14666666666668	0.5	nontarget	29	56444
188.14666666666668	0.5	Y	26	56444
188.28333333333333	0.5	nontarget	29	56485
188.28333333333333	0.5	_	28	56485
188.42333333333335	0.5	nontarget	29	56527
188.42333333333335	0.5	E	6	56527
188.56	0.5	nontarget	29	56568
188.56	0.5	T	21	56568
188.69333333333333	0.5	nontarget	29	56608
188.69333333333333	0.5	F	7	56608
188.83333333333334	0.5	nontarget	29	56650
188.83333333333334	0.5	U	22	56650
188.97	0.5	nontarget	29	56691
188.97	0.5	V	23	56691
189.10666666666665	0.5	nontarget	29	56732
189.10666666666665	0.5	L	13	56732
189.24333333333334	0.5	nontarget	29	56773
189.24333333333334	0.5	N	15	56773
194.06	0.5	nontarget	29	58218
194.06	0.5	Y	26	58218
194.19333333333333	0.5	nontarget	29	58258
194.19333333333333	0.5	I	10	58258
194.33333333333334	0.5	nontarget	29	58300
194.33333333333334	0.5	W	24	58300
194.46666666666667	0.5	target	30	58340
194.46666666666667	0.5	<	1	58340
194.60333333333332	0.5	nontarget	29	58381
194.60333333333332	0.5	Q	18	58381
194.74	0.5	nontarget	29	58422
194.74	0.5	R	19	58422
194.87666666666667	0.5	nontarget	29	58463
194.87666666666667	0.5	H	9	58463
195.01333333333332	0.5	nontarget	29	58504
195.01333333333332	0.5	U	22	58504
195.15333333333334	0.5	nontarget	29	58546
195.15333333333334	0.5	P	17	58546
195.29	0.5	nontarget	29	58587
195.29	0.5	X	25	58587
195.42666666666668	0.5	nontarget	29	58628
195.42666666666668	0.5	Z	27	58628
195.56	0.5	nontarget	29	58668
195.56	0.5	M	14	58668
195.69666666666666	0.5	nontarget	29	58709
195.69666666666666	0.5	D	5	58709
195.83333333333334	0.5	nontarget	29	58750
195.83333333333334	0.5	J	11	58750
195.97	0.5	nontarget	29	58791
195.97	0.5	L	13	58791
196.10666666666665	0.5	nontarget	29	58832
196.10666666666665	0.5	O	16	58832
196.24666666666667	0.5	nontarget	29	58874
196.24666666666667	0.5	A	2	58874
196.38	0.5	nontarget	29	58914
196.38	0.5	G	8	58914
196.52	0.5	nontarget	29	58956
196.52	0.5	C	4	58956
196.65666666666667	0.5	nontarget	29	58997
196.65666666666667	0.5	N	15	58997
196.79333333333332	0.5	nontarget	29	59038
196.79333333333332	0.5	T	21	59038
196.92666666666668	0.5	nontarget	29	59078
196.92666666666668	0.5	E	6	59078
197.06333333333333	0.5	nontarget	29	59119
197.06333333333333	0.5	V	23	59119
197.20333333333335	0.5	nontarget	29	59161
197.20333333333335	0.5	S	20	59161
197.34	0.5	nontarget	29	59202
197.34	0.5	K	12	59202
197.47666666666666	0.5	nontarget	29	59243
197.47666666666666	0.5	F	7	59243
197.61333333333334	0.5	nontarget	29	59284
197.61333333333334	0.5	B	3	59284
197.74666666666667	0.5	nontarget	29	59324
197.74666666666667	0.5	_	28	59324
202.56	0.5	nontarget	29	60768
202.56	0.5	O	16	60768
202.69666666666666	0.5	nontarget	29	60809
202.69666666666666	0.5	S	20	60809
202.83333333333334	0.5	nontarget	29	60850
202.83333333333334	0.5	A	2	60850
202.97	0.5	nontarget	29	60891
202.97	0.5	J	11	60891
203.10666666666665	0.5	nontarget	29	60932
203.10666666666665	0.5	D	5	60932
203.24333333333334	0.5	nontarget	29	60973
203.24333333333334	0.5	C	4	60973
203.37666666666667	0.5	nontarget	29	61013
203.37666666666667	0.5	N	15	61013
203.51666666666668	0.5	nontarget	29	61055
203.51666666666668	0.5	W	24	61055
203.65	0.5	nontarget	29	61095
203.65	0.5	Y	26	61095
203.78666666666666	0.5	nontarget	29	61136
203.78666666666666	0.5	_	28	61136
203.92333333333335	0.5	nontarget	29	61177
203.92333333333335	0.5	B	3	61177
204.06	0.5	nontarget	29	61218
204.06	0.5	K	12	61218
204.19666666666666	0.5	nontarget	29	61259
204.19666666666666	0.5	R	19	61259
204.33333333333334	0.5	nontarget	29	61300
204.33333333333334	0.5	G	8	61300
204.46666666666667	0.5	nontarget	29	61340
204.46666666666667	0.5	U	22	61340
204.60333333333332	0.5	nontarget	29	61381
204.60333333333332	0.5	F	7	61381
204.74	0.5	nontarget	29	61422
204.74	0.5	M	14	61422
204.87333333333333	0.5	nontarget	29	61462
204.87333333333333	0.5	V	23	61462
205.01	0.5	nontarget	29	61503
205.01	0.5	L	13	61503
205.14666666666668	0.5	nontarget	29	61544
205.14666666666668	0.5	P	17	61544
205.28333333333333	0.5	nontarget	29	61585
205.28333333333333	0.5	E	6	61585
205.42	0.5	nontarget	29	61626
205.42	0.5	T	21	61626
205.55666666666667	0.5	nontarget	29	61667
205.55666666666667	0.5	X	25	61667
205.69333333333333	0.5	nontarget	29	61708
205.69333333333333	0.5	Z	27	61708
205.83	0.5	target	30	61749
205.83	0.5	<	1	61749
205.96666666666667	0.5	nontarget	29	61790
205.96666666666667	0.5	Q	18	61790
206.10333333333332	0.5	nontarget	29	61831
206.10333333333332	0.5	H	9	61831
206.24	0.5	nontarget	29	61872
206.24	0.5	I	10	61872
211.05	0.5	nontarget	29	63315
211.05	0.5	J	11	63315
211.18666666666667	0.5	nontarget	29	63356
211.18666666666667	0.5	R	19	63356
211.32333333333332	0.5	nontarget	29	63397
211.32333333333332	0.5	A	2	63397
211.46	0.5	nontarget	29	63438
211.46	0.5	W	24	63438
211.59333333333333	0.5	nontarget	29	63478
211.59333333333333	0.5	C	4	63478
211.73	0.5	nontarget	29	63519
211.73	0.5	K	12	63519
211.86333333333334	0.5	nontarget	29	63559
211.86333333333334	0.5	N	15	63559
212.0	0.5	nontarget	29	63600
212.0	0.5	E	6	63600
212.13666666666666	0.5	nontarget	29	63641
212.13666666666666	0.5	F	7	63641
212.27333333333334	0.5	nontarget	29	63682
212.27333333333334	0.5	G	8	63682
212.40666666666667	0.5	nontarget	29	63722
212.40666666666667	0.5	I	10	63722
212.54333333333332	0.5	nontarget	29	63763
212.54333333333332	0.5	H	9	63763
212.68	0.5	nontarget	29	63804
212.68	0.5	L	13	63804
212.82	0.5	nontarget	29	63846
212.82	0.5	P	17	63846
212.95666666666668	0.5	nontarget	29	63887
212.95666666666668	0.5	X	25	63887
213.09	0.5	nontarget	29	63927
213.09	0.5	V	23	63927
213.23	0.5	target	30	63969
213.23	0.5	<	1	63969
213.36666666666667	0.5	nontarget	29	64010
213.36666666666667	0.5	M	14	64010
213.50333333333333	0.5	nontarget	29	64051
213.50333333333333	0.5	B	3	64051
213.64	0.5	nontarget	29	64092
213.64	0.5	Y	26	64092
213.77666666666667	0.5	nontarget	29	64133
213.77666666666667	0.5	S	20	64133
213.91333333333333	0.5	nontarget	29	64174
213.91333333333333	0.5	Q	18	64174
214.05	0.5	nontarget	29	64215
214.05	0.5	U	22	64215
214.18666666666667	0.5	nontarget	29	64256
214.18666666666667	0.5	O	16	64256
214.32333333333332	0.5	nontarget	29	64297
214.32333333333332	0.5	_	28	64297
214.45666666666668	0.5	nontarget	29	64337
214.45666666666668	0.5	D	5	64337
214.59333333333333	0.5	nontarget	29	64378
214.59333333333333	0.5	Z	27	64378
214.73	0.5	nontarget	29	64419
214.73	0.5	T	21	64419
219.54333333333332	0.5	target	30	65863
219.54333333333332	0.5	<	1	65863
219.68	0.5	nontarget	29	65904
219.68	0.5	A	2	65904
219.81333333333333	0.5	nontarget	29	65944
219.81333333333333	0.5	G	8	65944
219.95	0.5	nontarget	29	65985
219.95	0.5	Z	27	65985
220.08666666666667	0.5	nontarget	29	66026
220.08666666666667	0.5	Y	26	66026
220.22333333333333	0.5	nontarget	29	66067
220.22333333333333	0.5	N	15	66067
220.36	0.5	nontarget	29	66108
220.36	0.5	B	3	66108
220.49666666666667	0.5	nontarget	29	66149
220.49666666666667	0.5	J	11	66149
220.63333333333333	0.5	nontarget	29	66190
220.63333333333333	0.5	E	6	66190
220.77	0.5	nontarget	29	66231
220.77	0.5	V	23	66231
220.90666666666667	0.5	nontarget	29	66272
220.90666666666667	0.5	M	14	66272
221.04333333333332	0.5	nontarget	29	66313
221.04333333333332	0.5	R	19	66313
221.18	0.5	nontarget	29	66354
221.18	0.5	T	21	66354
221.31666666666666	0.5	nontarget	29	66395
221.31666666666666	0.5	_	28	66395
221.45333333333335	0.5	nontarget	29	66436
221.45333333333335	0.5	S	20	66436
221.59	0.5	nontarget	29	66477
221.59	0.5	I	10	66477
221.72666666666666	0.5	nontarget	29	66518
221.72666666666666	0.5	D	5	66518
221.86333333333334	0.5	nontarget	29	66559
221.86333333333334	0.5	O	16	66559
222.0	0.5	nontarget	29	66600
222.0	0.5	X	25	66600
222.13333333333333	0.5	nontarget	29	66640
222.13333333333333	0.5	H	9	66640
222.27	0.5	nontarget	29	66681
222.27	0.5	C	4	66681
222.40666666666667	0.5	nontarget	29	66722
222.40666666666667	0.5	F	7	66722
222.54333333333332	0.5	nontarget	29	66763
222.54333333333332	0.5	Q	18	66763
222.68	0.5	nontarget	29	66804
222.68	0.5	P	17	66804
222.81666666666666	0.5	nontarget	29	66845
222.81666666666666	0.5	U	22	66845
222.95333333333335	0.5	nontarget	29	66886
222.95333333333335	0.5	W	24	66886
223.09	0.5	nontarget	29	66927
223.09	0.5	L	13	66927
223.22666666666666	0.5	nontarget	29	66968
223.22666666666666	0.5	K	12	66968
230.04666666666665	0.5	nontarget	29	69014
230.04666666666665	0.5	O	16	69014
230.18333333333334	0.5	nontarget	29	69055
230.18333333333334	0.5	T	21	69055
230.31666666666666	0.5	nontarget	29	69095
230.31666666666666	0.5	V	23	69095
230.45333333333335	0.5	nontarget	29	69136
230.45333333333335	0.5	C	4	69136
230.59	0.5	nontarget	29	69177
230.59	0.5	R	19	69177
230.72666666666666	0.5	nontarget	29	69218
230.72666666666666	0.5	S	20	69218
230.86333333333334	0.5	nontarget	29	69259
230.86333333333334	0.5	Y	26	69259
231.0	0.5	nontarget	29	69300
231.0	0.5	U	22	69300
231.13666666666666	0.5	nontarget	29	69341
231.13666666666666	0.5	M	14	69341
231.27666666666667	0.5	nontarget	29	69383
231.27666666666667	0.5	B	3	69383
231.41333333333333	0.5	nontarget	29	69424
231.41333333333333	0.5	L	13	69424
231.54666666666665	0.5	nontarget	29	69464
231.54666666666665	0.5	A	2	69464
231.68666666666667	0.5	nontarget	29	69506
231.68666666666667	0.5	P	17	69506
231.82	0.5	nontarget	29	69546
231.82	0.5	K	12	69546
231.95666666666668	0.5	nontarget	29	69587
231.95666666666668	0.5	N	15	69587
232.09333333333333	0.5	nontarget	29	69628
232.09333333333333	0.5	D	5	69628
232.23	0.5	nontarget	29	69669
232.23	0.5	J	11	69669
232.36666666666667	0.5	nontarget	29	69710
232.36666666666667	0.5	G	8	69710
232.50333333333333	0.5	nontarget	29	69751
232.50333333333333	0.5	<	1	69751
232.64	0.5	nontarget	29	69792
232.64	0.5	Q	18	69792
232.77666666666667	0.5	nontarget	29	69833
232.77666666666667	0.5	_	28	69833
232.91333333333333	0.5	nontarget	29	69874
232.91333333333333	0.5	Z	27	69874
233.04666666666665	0.5	nontarget	29	69914
233.04666666666665	0.5	I	10	69914
233.18333333333334	0.5	target	30	69955
233.18333333333334	0.5	E	6	69955
233.32	0.5	nontarget	29	69996
233.32	0.5	X	25	69996
233.45666666666668	0.5	nontarget	29	70037
233.45666666666668	0.5	F	7	70037
233.59	0.5	nontarget	29	70077
233.59	0.5	W	24	70077
233.73	0.5	nontarget	29	70119
233.73	0.5	H	9	70119
238.54	0.5	nontarget	29	71562
238.54	0.5	S	20	71562
238.68	0.5	nontarget	29	71604
238.68	0.5	V	23	71604
238.81666666666666	0.5	nontarget	29	71645
238.81666666666666	0.5	M	14	71645
238.95333333333335	0.5	nontarget	29	71686
238.95333333333335	0.5	O	16	71686
239.08666666666667	0.5	nontarget	29	71726
239.08666666666667	0.5	H	9	71726
239.22333333333333	0.5	nontarget	29	71767
239.22333333333333	0.5	L	13	71767
239.36333333333334	0.5	nontarget	29	71809
239.36333333333334	0.5	K	12	71809
239.5	0.5	nontarget	29	71850
239.5	0.5	Z	27	71850
239.63333333333333	0.5	nontarget	29	71890
239.63333333333333	0.5	A	2	71890
239.77333333333334	0.5	target	30	71932
239.77333333333334	0.5	E	6	71932
239.90666666666667	0.5	nontarget	29	71972
239.90666666666667	0.5	U	22	71972
240.04333333333332	0.5	nontarget	29	72013
240.04333333333332	0.5	X	25	72013
240.18	0.5	nontarget	29	72054
240.18	0.5	_	28	72054
240.31666666666666	0.5	nontarget	29	72095
240.31666666666666	0.5	W	24	72095
240.45333333333335	0.5	nontarget	29	72136
240.45333333333335	0.5	Q	18	72136
240.59	0.5	nontarget	29	72177
240.59	0.5	D	5	72177
240.72666666666666	0.5	nontarget	29	72218
240.72666666666666	0.5	T	21	72218
240.86333333333334	0.5	nontarget	29	72259
240.86333333333334	0.5	N	15	72259
241.0	0.5	nontarget	29	72300
241.0	0.5	<	1	72300
241.13666666666666	0.5	nontarget	29	72341
241.13666666666666	0.5	C	4	72341
241.27333333333334	0.5	nontarget	29	72382
241.27333333333334	0.5	F	7	72382
241.41333333333333	0.5	nontarget	29	72424
241.41333333333333	0.5	I	10	72424
241.55	0.5	nontarget	29	72465
241.55	0.5	R	19	72465
241.68666666666667	0.5	nontarget	29	72506
241.68666666666667	0.5	B	3	72506
241.82333333333332	0.5	nontarget	29	72547
241.82333333333332	0.5	J	11	72547
241.96	0.5	nontarget	29	72588
241.96	0.5	Y	26	72588
242.09666666666666	0.5	nontarget	29	72629
242.09666666666666	0.5	P	17	72629
242.23333333333332	0.5	nontarget	29	72670
242.23333333333332	0.5	G	8	72670
247.04666666666665	0.5	nontarget	29	74114
247.04666666666665	0.5	Z	27	74114
247.18333333333334	0.5	nontarget	29	74155
247.18333333333334	0.5	L	13	74155
247.32	0.5	nontarget	29	74196
247.32	0.5	Q	18	74196
247.45666666666668	0.5	nontarget	29	74237
247.45666666666668	0.5	O	16	74237
247.59333333333333	0.5	nontarget	29	74278
247.59333333333333	0.5	K	12	74278
247.73	0.5	nontarget	29	74319
247.73	0.5	W	24	74319
247.86666666666667	0.5	nontarget	29	74360
247.86666666666667	0.5	F	7	74360
248.00333333333333	0.5	nontarget	29	74401
248.00333333333333	0.5	J	11	74401
248.14	0.5	nontarget	29	74442
248.14	0.5	T	21	74442
248.27666666666667	0.5	nontarget	29	74483
248.27666666666667	0.5	_	28	74483
248.41333333333333	0.5	nontarget	29	74524
248.41333333333333	0.5	M	14	74524
248.55	0.5	nontarget	29	74565
248.55	0.5	U	22	74565
248.68666666666667	0.5	target	30	74606
248.68666666666667	0.5	E	6	74606
248.82333333333332	0.5	nontarget	29	74647
248.82333333333332	0.5	R	19	74647
248.96	0.5	nontarget	29	74688
248.96	0.5	X	25	74688
249.09666666666666	0.5	nontarget	29	74729
249.09666666666666	0.5	V	23	74729
249.23333333333332	0.5	nontarget	29	74770
249.23333333333332	0.5	H	9	74770
249.36666666666667	0.5	nontarget	29	74810
249.36666666666667	0.5	C	4	74810
249.50333333333333	0.5	nontarget	29	74851
249.50333333333333	0.5	I	10	74851
249.64	0.5	nontarget	29	74892
249.64	0.5	G	8	74892
249.78	0.5	nontarget	29	74934
249.78	0.5	A	2	74934
249.91666666666666	0.5	nontarget	29	74975
249.91666666666666	0.5	<	1	74975
250.05333333333334	0.5	nontarget	29	75016
250.05333333333334	0.5	S	20	75016
250.18666666666667	0.5	nontarget	29	75056
250.18666666666667	0.5	Y	26	75056
250.32333333333332	0.5	nontarget	29	75097
250.32333333333332	0.5	B	3	75097
250.46	0.5	nontarget	29	75138
250.46	0.5	P	17	75138
250.59666666666666	0.5	nontarget	29	75179
250.59666666666666	0.5	D	5	75179
250.73	0.5	nontarget	29	75219
250.73	0.5	N	15	75219
255.61	0.5	nontarget	29	76683
255.61	0.5	C	4	76683
255.74666666666667	0.5	nontarget	29	76724
255.74666666666667	0.5	G	8	76724
255.88333333333333	0.5	nontarget	29	76765
255.88333333333333	0.5	D	5	76765
256.02	0.5	nontarget	29	76806
256.02	0.5	N	15	76806
256.1566666666667	0.5	nontarget	29	76847
256.1566666666667	0.5	T	21	76847
256.29333333333335	0.5	nontarget	29	76888
256.29333333333335	0.5	S	20	76888
256.43	0.5	nontarget	29	76929
256.43	0.5	V	23	76929
256.56666666666666	0.5	nontarget	29	76970
256.56666666666666	0.5	R	19	76970
256.7033333333333	0.5	nontarget	29	77011
256.7033333333333	0.5	<	1	77011
256.84	0.5	nontarget	29	77052
256.84	0.5	L	13	77052
256.9766666666667	0.5	nontarget	29	77093
256.9766666666667	0.5	P	17	77093
257.11333333333334	0.5	nontarget	29	77134
257.11333333333334	0.5	W	24	77134
257.25	0.5	nontarget	29	77175
257.25	0.5	K	12	77175
257.39	0.5	nontarget	29	77217
257.39	0.5	I	10	77217
257.5233333333333	0.5	nontarget	29	77257
257.5233333333333	0.5	Q	18	77257
257.66333333333336	0.5	nontarget	29	77299
257.66333333333336	0.5	U	22	77299
257.8	0.5	nontarget	29	77340
257.8	0.5	B	3	77340
257.93666666666667	0.5	nontarget	29	77381
257.93666666666667	0.5	O	16	77381
258.07666666666665	0.5	nontarget	29	77423
258.07666666666665	0.5	H	9	77423
258.2133333333333	0.5	nontarget	29	77464
258.2133333333333	0.5	Z	27	77464
258.3466666666667	0.5	nontarget	29	77504
258.3466666666667	0.5	F	7	77504
258.4866666666667	0.5	nontarget	29	77546
258.4866666666667	0.5	_	28	77546
258.62	0.5	target	30	77586
258.62	0.5	E	6	77586
258.75666666666666	0.5	nontarget	29	77627
258.75666666666666	0.5	J	11	77627
258.8933333333333	0.5	nontarget	29	77668
258.8933333333333	0.5	X	25	77668
259.03333333333336	0.5	nontarget	29	77710
259.03333333333336	0.5	M	14	77710
259.17	0.5	nontarget	29	77751
259.17	0.5	Y	26	77751
259.3066666666667	0.5	nontarget	29	77792
259.3066666666667	0.5	A	2	77792
264.12333333333333	0.5	nontarget	29	79237
264.12333333333333	0.5	N	15	79237
264.26	0.5	nontarget	29	79278
264.26	0.5	U	22	79278
264.39666666666665	0.5	nontarget	29	79319
264.39666666666665	0.5	B	3	79319
264.53333333333336	0.5	nontarget	29	79360
264.53333333333336	0.5	T	21	79360
264.67	0.5	nontarget	29	79401
264.67	0.5	Z	27	79401
264.8066666666667	0.5	nontarget	29	79442
264.8066666666667	0.5	L	13	79442
264.9433333333333	0.5	nontarget	29	79483
264.9433333333333	0.5	_	28	79483
265.0833333333333	0.5	nontarget	29	79525
265.0833333333333	0.5	X	25	79525
265.22	0.5	nontarget	29	79566
265.22	0.5	P	17	79566
265.3566666666667	0.5	nontarget	29	79607
265.3566666666667	0.5	O	16	79607
265.49666666666667	0.5	nontarget	29	79649
265.49666666666667	0.5	G	8	79649
265.6333333333333	0.5	nontarget	29	79690
265.6333333333333	0.5	S	20	79690
265.77	0.5	nontarget	29	79731
265.77	0.5	W	24	79731
265.9066666666667	0.5	nontarget	29	79772
265.9066666666667	0.5	A	2	79772
266.04333333333335	0.5	nontarget	29	79813
266.04333333333335	0.5	Q	18	79813
266.18	0.5	nontarget	29	79854
266.18	0.5	C	4	79854
266.31666666666666	0.5	nontarget	29	79895
266.31666666666666	0.5	H	9	79895
266.4533333333333	0.5	nontarget	29	79936
266.4533333333333	0.5	V	23	79936
266.59	0.5	nontarget	29	79977
266.59	0.5	M	14	79977
266.7266666666667	0.5	nontarget	29	80018
266.7266666666667	0.5	R	19	80018
266.8666666666667	0.5	target	30	80060
266.8666666666667	0.5	E	6	80060
267.00333333333333	0.5	nontarget	29	80101
267.00333333333333	0.5	I	10	80101
267.14	0.5	nontarget	29	80142
267.14	0.5	Y	26	80142
267.2733333333333	0.5	nontarget	29	80182
267.2733333333333	0.5	<	1	80182
267.41333333333336	0.5	nontarget	29	80224
267.41333333333336	0.5	F	7	80224
267.5466666666667	0.5	nontarget	29	80264
267.5466666666667	0.5	J	11	80264
267.68333333333334	0.5	nontarget	29	80305
267.68333333333334	0.5	D	5	80305
267.82	0.5	nontarget	29	80346
267.82	0.5	K	12	80346
272.65	0.5	nontarget	29	81795
272.65	0.5	A	2	81795
272.7866666666667	0.5	nontarget	29	81836
272.7866666666667	0.5	H	9	81836
272.92333333333335	0.5	nontarget	29	81877
272.92333333333335	0.5	_	28	81877
273.06333333333333	0.5	nontarget	29	81919
273.06333333333333	0.5	T	21	81919
273.2	0.5	nontarget	29	81960
273.2	0.5	U	22	81960
273.33666666666664	0.5	nontarget	29	82001
273.33666666666664	0.5	N	15	82001
273.47333333333336	0.5	nontarget	29	82042
273.47333333333336	0.5	V	23	82042
273.61	0.5	target	30	82083
273.61	0.5	E	6	82083
273.75	0.5	nontarget	29	82125
273.75	0.5	R	19	82125
273.8833333333333	0.5	nontarget	29	82165
273.8833333333333	0.5	J	11	82165
274.02	0.5	nontarget	29	82206
274.02	0.5	I	10	82206
274.1566666666667	0.5	nontarget	29	82247
274.1566666666667	0.5	K	12	82247
274.29333333333335	0.5	nontarget	29	82288
274.29333333333335	0.5	Y	26	82288
274.43	0.5	nontarget	29	82329
274.43	0.5	S	20	82329
274.56666666666666	0.5	nontarget	29	82370
274.56666666666666	0.5	Q	18	82370
274.7	0.5	nontarget	29	82410
274.7	0.5	<	1	82410
274.83666666666664	0.5	nontarget	29	82451
274.83666666666664	0.5	C	4	82451
274.9766666666667	0.5	nontarget	29	82493
274.9766666666667	0.5	F	7	82493
275.11333333333334	0.5	nontarget	29	82534
275.11333333333334	0.5	L	13	82534
275.25	0.5	nontarget	29	82575
275.25	0.5	X	25	82575
275.39	0.5	nontarget	29	82617
275.39	0.5	O	16	82617
275.52666666666664	0.5	nontarget	29	82658
275.52666666666664	0.5	W	24	82658
275.66333333333336	0.5	nontarget	29	82699
275.66333333333336	0.5	P	17	82699
275.8	0.5	nontarget	29	82740
275.8	0.5	B	3	82740
275.93666666666667	0.5	nontarget	29	82781
275.93666666666667	0.5	D	5	82781
276.0733333333333	0.5	nontarget	29	82822
276.0733333333333	0.5	Z	27	82822
276.21	0.5	nontarget	29	82863
276.21	0.5	M	14	82863
276.3466666666667	0.5	nontarget	29	82904
276.3466666666667	0.5	G	8	82904
281.16333333333336	0.5	nontarget	29	84349
281.16333333333336	0.5	U	22	84349
281.3	0.5	nontarget	29	84390
281.3	0.5	Z	27	84390
281.43666666666667	0.5	nontarget	29	84431
281.43666666666667	0.5	T	21	84431
281.5733333333333	0.5	nontarget	29	84472
281.5733333333333	0.5	H	9	84472
281.71	0.5	nontarget	29	84513
281.71	0.5	F	7	84513
281.8466666666667	0.5	nontarget	29	84554
281.8466666666667	0.5	G	8	84554
281.98333333333335	0.5	nontarget	29	84595
281.98333333333335	0.5	N	15	84595
282.12	0.5	nontarget	29	84636
282.12	0.5	J	11	84636
282.25666666666666	0.5	nontarget	29	84677
282.25666666666666	0.5	Y	26	84677
282.3933333333333	0.5	nontarget	29	84718
282.3933333333333	0.5	_	28	84718
282.53	0.5	nontarget	29	84759
282.53	0.5	K	12	84759
282.6666666666667	0.5	nontarget	29	84800
282.6666666666667	0.5	M	14	84800
282.80333333333334	0.5	nontarget	29	84841
282.80333333333334	0.5	C	4	84841
282.94	0.5	nontarget	29	84882
282.94	0.5	<	1	84882
283.07666666666665	0.5	nontarget	29	84923
283.07666666666665	0.5	B	3	84923
283.2133333333333	0.5	nontarget	29	84964
283.2133333333333	0.5	W	24	84964
283.35	0.5	target	30	85005
283.35	0.5	E	6	85005
283.4866666666667	0.5	nontarget	29	85046
283.4866666666667	0.5	S	20	85046
283.62333333333333	0.5	nontarget	29	85087
283.62333333333333	0.5	X	25	85087
283.76	0.5	nontarget	29	85128
283.76	0.5	Q	18	85128
283.89666666666665	0.5	nontarget	29	85169
283.89666666666665	0.5	D	5	85169
284.03333333333336	0.5	nontarget	29	85210
284.03333333333336	0.5	L	13	85210
284.17	0.5	nontarget	29	85251
284.17	0.5	P	17	85251
284.3066666666667	0.5	nontarget	29	85292
284.3066666666667	0.5	R	19	85292
284.4433333333333	0.5	nontarget	29	85333
284.4433333333333	0.5	V	23	85333
284.58	0.5	nontarget	29	85374
284.58	0.5	A	2	85374
284.72	0.5	nontarget	29	85416
284.72	0.5	O	16	85416
284.85333333333335	0.5	nontarget	29	85456
284.85333333333335	0.5	I	10	85456
289.67	0.5	target	30	86901
289.67	0.5	E	6	86901
289.8066666666667	0.5	nontarget	29	86942
289.8066666666667	0.5	N	15	86942
289.94666666666666	0.5	nontarget	29	86984
289.94666666666666	0.5	K	12	86984
290.0833333333333	0.5	nontarget	29	87025
290.0833333333333	0.5	U	22	87025
290.21666666666664	0.5	nontarget	29	87065
290.21666666666664	0.5	A	2	87065
290.35333333333335	0.5	nontarget	29	87106
290.35333333333335	0.5	Z	27	87106
290.49	0.5	nontarget	29	87147
290.49	0.5	G	8	87147
290.62666666666667	0.5	nontarget	29	87188
290.62666666666667	0.5	L	13	87188
290.7633333333333	0.5	nontarget	29	87229
290.7633333333333	0.5	Y	26	87229
290.9	0.5	nontarget	29	87270
290.9	0.5	C	4	87270
291.0366666666667	0.5	nontarget	29	87311
291.0366666666667	0.5	_	28	87311
291.17333333333335	0.5	nontarget	29	87352
291.17333333333335	0.5	Q	18	87352
291.31	0.5	nontarget	29	87393
291.31	0.5	V	23	87393
291.44666666666666	0.5	nontarget	29	87434
291.44666666666666	0.5	B	3	87434
291.5833333333333	0.5	nontarget	29	87475
291.5833333333333	0.5	H	9	87475
291.72	0.5	nontarget	29	87516
291.72	0.5	<	1	87516
291.86	0.5	nontarget	29	87558
291.86	0.5	S	20	87558
291.99666666666667	0.5	nontarget	29	87599
291.99666666666667	0.5	J	11	87599
292.1333333333333	0.5	nontarget	29	87640
292.1333333333333	0.5	I	10	87640
292.27	0.5	nontarget	29	87681
292.27	0.5	M	14	87681
292.41	0.5	nontarget	29	87723
292.41	0.5	X	25	87723
292.5466666666667	0.5	nontarget	29	87764
292.5466666666667	0.5	T	21	87764
292.68333333333334	0.5	nontarget	29	87805
292.68333333333334	0.5	D	5	87805
292.82	0.5	nontarget	29	87846
292.82	0.5	R	19	87846
292.95666666666665	0.5	nontarget	29	87887
292.95666666666665	0.5	W	24	87887
293.0933333333333	0.5	nontarget	29	87928
293.0933333333333	0.5	P	17	87928
293.2266666666667	0.5	nontarget	29	87968
293.2266666666667	0.5	F	7	87968
293.3666666666667	0.5	nontarget	29	88010
293.3666666666667	0.5	O	16	88010
300.18666666666667	0.5	nontarget	29	90056
300.18666666666667	0.5	Q	18	90056
300.3233333333333	0.5	nontarget	29	90097
300.3233333333333	0.5	B	3	90097
300.46	0.5	nontarget	29	90138
300.46	0.5	_	28	90138
300.5966666666667	0.5	nontarget	29	90179
300.5966666666667	0.5	W	24	90179
300.73333333333335	0.5	nontarget	29	90220
300.73333333333335	0.5	S	20	90220
300.87	0.5	nontarget	29	90261
300.87	0.5	T	21	90261
301.00666666666666	0.5	nontarget	29	90302
301.00666666666666	0.5	X	25	90302
301.1433333333333	0.5	nontarget	29	90343
301.1433333333333	0.5	P	17	90343
301.28	0.5	nontarget	29	90384
301.28	0.5	L	13	90384
301.42	0.5	target	30	90426
301.42	0.5	<	1	90426
301.5566666666667	0.5	nontarget	29	90467
301.5566666666667	0.5	D	5	90467
301.6933333333333	0.5	nontarget	29	90508
301.6933333333333	0.5	Z	27	90508
301.8333333333333	0.5	nontarget	29	90550
301.8333333333333	0.5	H	9	90550
301.97	0.5	nontarget	29	90591
301.97	0.5	G	8	90591
302.10333333333335	0.5	nontarget	29	90631
302.10333333333335	0.5	I	10	90631
302.24	0.5	nontarget	29	90672
302.24	0.5	N	15	90672
302.37666666666667	0.5	nontarget	29	90713
302.37666666666667	0.5	J	11	90713
302.5133333333333	0.5	nontarget	29	90754
302.5133333333333	0.5	A	2	90754
302.65	0.5	nontarget	29	90795
302.65	0.5	C	4	90795
302.78333333333336	0.5	nontarget	29	90835
302.78333333333336	0.5	U	22	90835
302.92	0.5	nontarget	29	90876
302.92	0.5	M	14	90876
303.0566666666667	0.5	nontarget	29	90917
303.0566666666667	0.5	Y	26	90917
303.1933333333333	0.5	nontarget	29	90958
303.1933333333333	0.5	E	6	90958
303.33	0.5	nontarget	29	90999
303.33	0.5	R	19	90999
303.46666666666664	0.5	nontarget	29	91040
303.46666666666664	0.5	F	7	91040
303.60333333333335	0.5	nontarget	29	91081
303.60333333333335	0.5	O	16	91081
303.74	0.5	nontarget	29	91122
303.74	0.5	V	23	91122
303.87666666666667	0.5	nontarget	29	91163
303.87666666666667	0.5	K	12	91163
308.6933333333333	0.5	nontarget	29	92608
308.6933333333333	0.5	V	23	92608
308.83	0.5	nontarget	29	92649
308.83	0.5	_	28	92649
308.96666666666664	0.5	nontarget	29	92690
308.96666666666664	0.5	B	3	92690
309.10333333333335	0.5	nontarget	29	92731
309.10333333333335	0.5	H	9	92731
309.24	0.5	nontarget	29	92772
309.24	0.5	I	10	92772
309.38	0.5	nontarget	29	92814
309.38	0.5	X	25	92814
309.51666666666665	0.5	nontarget	29	92855
309.51666666666665	0.5	T	21	92855
309.65	0.5	nontarget	29	92895
309.65	0.5	R	19	92895
309.79	0.5	nontarget	29	92937
309.79	0.5	D	5	92937
309.92333333333335	0.5	nontarget	29	92977
309.92333333333335	0.5	J	11	92977
310.06	0.5	nontarget	29	93018
310.06	0.5	S	20	93018
310.19666666666666	0.5	nontarget	29	93059
310.19666666666666	0.5	C	4	93059
310.3333333333333	0.5	nontarget	29	93100
310.3333333333333	0.5	A	2	93100
310.47333333333336	0.5	nontarget	29	93142
310.47333333333336	0.5	E	6	93142
310.61	0.5	target	30	93183
310.61	0.5	<	1	93183
310.74666666666667	0.5	nontarget	29	93224
310.74666666666667	0.5	G	8	93224
310.8833333333333	0.5	nontarget	29	93265
310.8833333333333	0.5	N	15	93265
311.02	0.5	nontarget	29	93306
311.02	0.5	U	22	93306
311.1533333333333	0.5	nontarget	29	93346
311.1533333333333	0.5	K	12	93346
311.29	0.5	nontarget	29	93387
311.29	0.5	W	24	93387
311.43	0.5	nontarget	29	93429
311.43	0.5	Q	18	93429
311.56666666666666	0.5	nontarget	29	93470
311.56666666666666	0.5	O	16	93470
311.7033333333333	0.5	nontarget	29	93511
311.7033333333333	0.5	L	13	93511
311.84	0.5	nontarget	29	93552
311.84	0.5	Z	27	93552
311.9766666666667	0.5	nontarget	29	93593
311.9766666666667	0.5	Y	26	93593
312.11333333333334	0.5	nontarget	29	93634
312.11333333333334	0.5	F	7	93634
312.25	0.5	nontarget	29	93675
312.25	0.5	M	14	93675
312.38666666666666	0.5	nontarget	29	93716
312.38666666666666	0.5	P	17	93716
317.2033333333333	0.5	nontarget	29	95161
317.2033333333333	0.5	G	8	95161
317.34	0.5	nontarget	29	95202
317.34	0.5	J	11	95202
317.48	0.5	nontarget	29	95244
317.48	0.5	S	20	95244
317.61333333333334	0.5	nontarget	29	95284
317.61333333333334	0.5	I	10	95284
317.75	0.5	nontarget	29	95325
317.75	0.5	M	14	95325
317.88666666666666	0.5	nontarget	29	95366
317.88666666666666	0.5	P	17	95366
318.0233333333333	0.5	nontarget	29	95407
318.0233333333333	0.5	R	19	95407
318.16	0.5	nontarget	29	95448
318.16	0.5	F	7	95448
318.2966666666667	0.5	nontarget	29	95489
318.2966666666667	0.5	W	24	95489
318.43333333333334	0.5	nontarget	29	95530
318.43333333333334	0.5	Q	18	95530
318.57	0.5	nontarget	29	95571
318.57	0.5	K	12	95571
318.70666666666665	0.5	target	30	95612
318.70666666666665	0.5	<	1	95612
318.8466666666667	0.5	nontarget	29	95654
318.8466666666667	0.5	_	28	95654
318.98333333333335	0.5	nontarget	29	95695
318.98333333333335	0.5	O	16	95695
319.12	0.5	nontarget	29	95736
319.12	0.5	Z	27	95736
319.25666666666666	0.5	nontarget	29	95777
319.25666666666666	0.5	X	25	95777
319.3933333333333	0.5	nontarget	29	95818
319.3933333333333	0.5	T	21	95818
319.53	0.5	nontarget	29	95859
319.53	0.5	L	13	95859
319.6666666666667	0.5	nontarget	29	95900
319.6666666666667	0.5	H	9	95900
319.80333333333334	0.5	nontarget	29	95941
319.80333333333334	0.5	V	23	95941
319.94	0.5	nontarget	29	95982
319.94	0.5	A	2	95982
320.07666666666665	0.5	nontarget	29	96023
320.07666666666665	0.5	E	6	96023
320.2133333333333	0.5	nontarget	29	96064
320.2133333333333	0.5	B	3	96064
320.35	0.5	nontarget	29	96105
320.35	0.5	U	22	96105
320.4866666666667	0.5	nontarget	29	96146
320.4866666666667	0.5	Y	26	96146
320.62333333333333	0.5	nontarget	29	96187
320.62333333333333	0.5	C	4	96187
320.76	0.5	nontarget	29	96228
320.76	0.5	N	15	96228
320.89666666666665	0.5	nontarget	29	96269
320.89666666666665	0.5	D	5	96269
325.7133333333333	0.5	nontarget	29	97714
325.7133333333333	0.5	R	19	97714
325.85	0.5	nontarget	29	97755
325.85	0.5	C	4	97755
325.99	0.5	nontarget	29	97797
325.99	0.5	D	5	97797
326.19	0.5	nontarget	29	97857
326.19	0.5	M	14	97857
326.32666666666665	0.5	nontarget	29	97898
326.32666666666665	0.5	J	11	97898
326.4633333333333	0.5	nontarget	29	97939
326.4633333333333	0.5	T	21	97939
326.6	0.5	nontarget	29	97980
326.6	0.5	K	12	97980
326.7366666666667	0.5	nontarget	29	98021
326.7366666666667	0.5	Y	26	98021
326.87	0.5	nontarget	29	98061
326.87	0.5	U	22	98061
327.00666666666666	0.5	nontarget	29	98102
327.00666666666666	0.5	L	13	98102
327.1433333333333	0.5	nontarget	29	98143
327.1433333333333	0.5	N	15	98143
327.28	0.5	nontarget	29	98184
327.28	0.5	X	25	98184
327.4166666666667	0.5	nontarget	29	98225
327.4166666666667	0.5	B	3	98225
327.55333333333334	0.5	nontarget	29	98266
327.55333333333334	0.5	V	23	98266
327.69	0.5	nontarget	29	98307
327.69	0.5	I	10	98307
327.83	0.5	nontarget	29	98349
327.83	0.5	O	16	98349
327.9633333333333	0.5	nontarget	29	98389
327.9633333333333	0.5	Q	18	98389
328.1	0.5	nontarget	29	98430
328.1	0.5	W	24	98430
328.2366666666667	0.5	nontarget	29	98471
328.2366666666667	0.5	H	9	98471
328.37333333333333	0.5	nontarget	29	98512
328.37333333333333	0.5	F	7	98512
328.51	0.5	target	30	98553
328.51	0.5	<	1	98553
328.64666666666665	0.5	nontarget	29	98594
328.64666666666665	0.5	Z	27	98594
328.78333333333336	0.5	nontarget	29	98635
328.78333333333336	0.5	_	28	98635
328.92	0.5	nontarget	29	98676
328.92	0.5	A	2	98676
329.0566666666667	0.5	nontarget	29	98717
329.0566666666667	0.5	E	6	98717
329.1933333333333	0.5	nontarget	29	98758
329.1933333333333	0.5	G	8	98758
329.33	0.5	nontarget	29	98799
329.33	0.5	S	20	98799
329.47	0.5	nontarget	29	98841
329.47	0.5	P	17	98841
334.29	0.5	nontarget	29	100287
334.29	0.5	E	6	100287
334.42333333333335	0.5	nontarget	29	100327
334.42333333333335	0.5	A	2	100327
334.56333333333333	0.5	nontarget	29	100369
334.56333333333333	0.5	W	24	100369
334.7	0.5	nontarget	29	100410
334.7	0.5	H	9	100410
334.83666666666664	0.5	nontarget	29	100451
334.83666666666664	0.5	U	22	100451
334.97333333333336	0.5	nontarget	29	100492
334.97333333333336	0.5	F	7	100492
335.11	0.5	nontarget	29	100533
335.11	0.5	T	21	100533
335.24666666666667	0.5	nontarget	29	100574
335.24666666666667	0.5	O	16	100574
335.3833333333333	0.5	nontarget	29	100615
335.3833333333333	0.5	G	8	100615
335.51666666666665	0.5	nontarget	29	100655
335.51666666666665	0.5	S	20	100655
335.6533333333333	0.5	nontarget	29	100696
335.6533333333333	0.5	J	11	100696
335.79	0.5	nontarget	29	100737
335.79	0.5	X	25	100737
335.9266666666667	0.5	nontarget	29	100778
335.9266666666667	0.5	R	19	100778
336.06666666666666	0.5	nontarget	29	100820
336.06666666666666	0.5	P	17	100820
336.2	0.5	target	30	100860
336.2	0.5	<	1	100860
336.33666666666664	0.5	nontarget	29	100901
336.33666666666664	0.5	D	5	100901
336.47333333333336	0.5	nontarget	29	100942
336.47333333333336	0.5	_	28	100942
336.61	0.5	nontarget	29	100983
336.61	0.5	C	4	100983
336.74666666666667	0.5	nontarget	29	101024
336.74666666666667	0.5	Y	26	101024
336.8833333333333	0.5	nontarget	29	101065
336.8833333333333	0.5	V	23	101065
337.02	0.5	nontarget	29	101106
337.02	0.5	B	3	101106
337.1566666666667	0.5	nontarget	29	101147
337.1566666666667	0.5	L	13	101147
337.29333333333335	0.5	nontarget	29	101188
337.29333333333335	0.5	N	15	101188
337.43	0.5	nontarget	29	101229
337.43	0.5	M	14	101229
337.57	0.5	nontarget	29	101271
337.57	0.5	Q	18	101271
337.7033333333333	0.5	nontarget	29	101311
337.7033333333333	0.5	K	12	101311
337.84	0.5	nontarget	29	101352
337.84	0.5	Z	27	101352
337.9766666666667	0.5	nontarget	29	101393
337.9766666666667	0.5	I	10	101393
342.8	0.5	nontarget	29	102840
342.8	0.5	I	10	102840
342.93666666666667	0.5	nontarget	29	102881
342.93666666666667	0.5	L	13	102881
343.07	0.5	nontarget	29	102921
343.07	0.5	K	12	102921
343.20666666666665	0.5	target	30	102962
343.20666666666665	0.5	<	1	102962
343.3433333333333	0.5	nontarget	29	103003
343.3433333333333	0.5	O	16	103003
343.48333333333335	0.5	nontarget	29	103045
343.48333333333335	0.5	M	14	103045
343.62	0.5	nontarget	29	103086
343.62	0.5	V	23	103086
343.75666666666666	0.5	nontarget	29	103127
343.75666666666666	0.5	G	8	103127
343.8933333333333	0.5	nontarget	29	103168
343.8933333333333	0.5	Z	27	103168
344.02666666666664	0.5	nontarget	29	103208
344.02666666666664	0.5	N	15	103208
344.16333333333336	0.5	nontarget	29	103249
344.16333333333336	0.5	P	17	103249
344.3	0.5	nontarget	29	103290
344.3	0.5	Q	18	103290
344.43666666666667	0.5	nontarget	29	103331
344.43666666666667	0.5	T	21	103331
344.57666666666665	0.5	nontarget	29	103373
344.57666666666665	0.5	_	28	103373
344.71	0.5	nontarget	29	103413
344.71	0.5	E	6	103413
344.8466666666667	0.5	nontarget	29	103454
344.8466666666667	0.5	J	11	103454
344.98333333333335	0.5	nontarget	29	103495
344.98333333333335	0.5	U	22	103495
345.12	0.5	nontarget	29	103536
345.12	0.5	R	19	103536
345.25666666666666	0.5	nontarget	29	103577
345.25666666666666	0.5	C	4	103577
345.3933333333333	0.5	nontarget	29	103618
345.3933333333333	0.5	H	9	103618
345.53	0.5	nontarget	29	103659
345.53	0.5	Y	26	103659
345.6666666666667	0.5	nontarget	29	103700
345.6666666666667	0.5	B	3	103700
345.8	0.5	nontarget	29	103740
345.8	0.5	A	2	103740
345.93666666666667	0.5	nontarget	29	103781
345.93666666666667	0.5	W	24	103781
346.0733333333333	0.5	nontarget	29	103822
346.0733333333333	0.5	D	5	103822
346.21	0.5	nontarget	29	103863
346.21	0.5	F	7	103863
346.3466666666667	0.5	nontarget	29	103904
346.3466666666667	0.5	X	25	103904
346.48333333333335	0.5	nontarget	29	103945
346.48333333333335	0.5	S	20	103945
351.30333333333334	0.5	nontarget	29	105391
351.30333333333334	0.5	L	13	105391
351.44	0.5	nontarget	29	105432
351.44	0.5	T	21	105432
351.58	0.5	nontarget	29	105474
351.58	0.5	_	28	105474
351.7133333333333	0.5	nontarget	29	105514
351.7133333333333	0.5	G	8	105514
351.85	0.5	nontarget	29	105555
351.85	0.5	U	22	105555
351.9866666666667	0.5	nontarget	29	105596
351.9866666666667	0.5	N	15	105596
352.12666666666667	0.5	nontarget	29	105638
352.12666666666667	0.5	V	23	105638
352.2633333333333	0.5	nontarget	29	105679
352.2633333333333	0.5	P	17	105679
352.4	0.5	target	30	105720
352.4	0.5	<	1	105720
352.5366666666667	0.5	nontarget	29	105761
352.5366666666667	0.5	B	3	105761
352.67333333333335	0.5	nontarget	29	105802
352.67333333333335	0.5	W	24	105802
352.8066666666667	0.5	nontarget	29	105842
352.8066666666667	0.5	Z	27	105842
352.9433333333333	0.5	nontarget	29	105883
352.9433333333333	0.5	X	25	105883
353.08	0.5	nontarget	29	105924
353.08	0.5	Y	26	105924
353.22	0.5	nontarget	29	105966
353.22	0.5	C	4	105966
353.35333333333335	0.5	nontarget	29	106006
353.35333333333335	0.5	S	20	106006
353.49333333333334	0.5	nontarget	29	106048
353.49333333333334	0.5	M	14	106048
353.63	0.5	nontarget	29	106089
353.63	0.5	E	6	106089
353.76666666666665	0.5	nontarget	29	106130
353.76666666666665	0.5	K	12	106130
353.9033333333333	0.5	nontarget	29	106171
353.9033333333333	0.5	R	19	106171
354.0366666666667	0.5	nontarget	29	106211
354.0366666666667	0.5	H	9	106211
354.17333333333335	0.5	nontarget	29	106252
354.17333333333335	0.5	I	10	106252
354.31	0.5	nontarget	29	106293
354.31	0.5	F	7	106293
354.45	0.5	nontarget	29	106335
354.45	0.5	O	16	106335
354.58666666666664	0.5	nontarget	29	106376
354.58666666666664	0.5	D	5	106376
354.72333333333336	0.5	nontarget	29	106417
354.72333333333336	0.5	Q	18	106417
354.86	0.5	nontarget	29	106458
354.86	0.5	A	2	106458
354.99666666666667	0.5	nontarget	29	106499
354.99666666666667	0.5	J	11	106499
359.81333333333333	0.5	nontarget	29	107944
359.81333333333333	0.5	K	12	107944
359.95	0.5	nontarget	29	107985
359.95	0.5	B	3	107985
360.08666666666664	0.5	nontarget	29	108026
360.08666666666664	0.5	L	13	108026
360.22333333333336	0.5	nontarget	29	108067
360.22333333333336	0.5	Q	18	108067
360.36	0.5	nontarget	29	108108
360.36	0.5	_	28	108108
360.49666666666667	0.5	nontarget	29	108149
360.49666666666667	0.5	I	10	108149
360.6333333333333	0.5	nontarget	29	108190
360.6333333333333	0.5	F	7	108190
360.77	0.5	nontarget	29	108231
360.77	0.5	P	17	108231
360.9066666666667	0.5	nontarget	29	108272
360.9066666666667	0.5	S	20	108272
361.04	0.5	nontarget	29	108312
361.04	0.5	J	11	108312
361.1766666666667	0.5	nontarget	29	108353
361.1766666666667	0.5	X	25	108353
361.31333333333333	0.5	target	30	108394
361.31333333333333	0.5	<	1	108394
361.45	0.5	nontarget	29	108435
361.45	0.5	V	23	108435
361.58666666666664	0.5	nontarget	29	108476
361.58666666666664	0.5	D	5	108476
361.7266666666667	0.5	nontarget	29	108518
361.7266666666667	0.5	N	15	108518
361.86333333333334	0.5	nontarget	29	108559
361.86333333333334	0.5	E	6	108559
362.0	0.5	nontarget	29	108600
362.0	0.5	A	2	108600
362.13666666666666	0.5	nontarget	29	108641
362.13666666666666	0.5	H	9	108641
362.2733333333333	0.5	nontarget	29	108682
362.2733333333333	0.5	Y	26	108682
362.41	0.5	nontarget	29	108723
362.41	0.5	O	16	108723
362.5466666666667	0.5	nontarget	29	108764
362.5466666666667	0.5	W	24	108764
362.68666666666667	0.5	nontarget	29	108806
362.68666666666667	0.5	M	14	108806
362.8233333333333	0.5	nontarget	29	108847
362.8233333333333	0.5	U	22	108847
362.96	0.5	nontarget	29	108888
362.96	0.5	G	8	108888
363.0933333333333	0.5	nontarget	29	108928
363.0933333333333	0.5	Z	27	108928
363.23	0.5	nontarget	29	108969
363.23	0.5	C	4	108969
363.3666666666667	0.5	nontarget	29	109010
363.3666666666667	0.5	T	21	109010
363.50333333333333	0.5	nontarget	29	109051
363.50333333333333	0.5	R	19	109051
370.32666666666665	0.5	nontarget	29	111098
370.32666666666665	0.5	K	12	111098
370.4633333333333	0.5	nontarget	29	111139
370.4633333333333	0.5	_	28	111139
370.6	0.5	nontarget	29	111180
370.6	0.5	A	2	111180
370.7366666666667	0.5	nontarget	29	111221
370.7366666666667	0.5	D	5	111221
370.87666666666667	0.5	nontarget	29	111263
370.87666666666667	0.5	V	23	111263
371.0133333333333	0.5	nontarget	29	111304
371.0133333333333	0.5	I	10	111304
371.15	0.5	nontarget	29	111345
371.15	0.5	Z	27	111345
371.28333333333336	0.5	target	30	111385
371.28333333333336	0.5	<	1	111385
371.42	0.5	nontarget	29	111426
371.42	0.5	E	6	111426
371.5566666666667	0.5	nontarget	29	111467
371.5566666666667	0.5	T	21	111467
371.6933333333333	0.5	nontarget	29	111508
371.6933333333333	0.5	B	3	111508
371.83	0.5	nontarget	29	111549
371.83	0.5	M	14	111549
371.96666666666664	0.5	nontarget	29	111590
371.96666666666664	0.5	W	24	111590
372.10333333333335	0.5	nontarget	29	111631
372.10333333333335	0.5	J	11	111631
372.24	0.5	nontarget	29	111672
372.24	0.5	Y	26	111672
372.37666666666667	0.5	nontarget	29	111713
372.37666666666667	0.5	L	13	111713
372.5133333333333	0.5	nontarget	29	111754
372.5133333333333	0.5	Q	18	111754
372.6533333333333	0.5	nontarget	29	111796
372.6533333333333	0.5	N	15	111796
372.7866666666667	0.5	nontarget	29	111836
372.7866666666667	0.5	X	25	111836
372.92333333333335	0.5	nontarget	29	111877
372.92333333333335	0.5	G	8	111877
373.06	0.5	nontarget	29	111918
373.06	0.5	C	4	111918
373.19666666666666	0.5	nontarget	29	111959
373.19666666666666	0.5	R	19	111959
373.33	0.5	nontarget	29	111999
373.33	0.5	S	20	111999
373.46666666666664	0.5	nontarget	29	112040
373.46666666666664	0.5	F	7	112040
373.6066666666667	0.5	nontarget	29	112082
373.6066666666667	0.5	P	17	112082
373.74333333333334	0.5	nontarget	29	112123
373.74333333333334	0.5	O	16	112123
373.88	0.5	nontarget	29	112164
373.88	0.5	U	22	112164
374.01666666666665	0.5	nontarget	29	112205
374.01666666666665	0.5	H	9	112205
378.83666666666664	0.5	nontarget	29	113651
378.83666666666664	0.5	V	23	113651
378.97333333333336	0.5	target	30	113692
378.97333333333336	0.5	<	1	113692
379.11	0.5	nontarget	29	113733
379.11	0.5	O	16	113733
379.24666666666667	0.5	nontarget	29	113774
379.24666666666667	0.5	T	21	113774
379.3833333333333	0.5	nontarget	29	113815
379.3833333333333	0.5	I	10	113815
379.5233333333333	0.5	nontarget	29	113857
379.5233333333333	0.5	S	20	113857
379.66	0.5	nontarget	29	113898
379.66	0.5	B	3	113898
379.8	0.5	nontarget	29	113940
379.8	0.5	G	8	113940
379.93666666666667	0.5	nontarget	29	113981
379.93666666666667	0.5	E	6	113981
380.07	0.5	nontarget	29	114021
380.07	0.5	X	25	114021
380.21	0.5	nontarget	29	114063
380.21	0.5	W	24	114063
380.3466666666667	0.5	nontarget	29	114104
380.3466666666667	0.5	D	5	114104
380.48	0.5	nontarget	29	114144
380.48	0.5	U	22	114144
380.6166666666667	0.5	nontarget	29	114185
380.6166666666667	0.5	Z	27	114185
380.75333333333333	0.5	nontarget	29	114226
380.75333333333333	0.5	P	17	114226
380.89	0.5	nontarget	29	114267
380.89	0.5	K	12	114267
381.02666666666664	0.5	nontarget	29	114308
381.02666666666664	0.5	_	28	114308
381.16333333333336	0.5	nontarget	29	114349
381.16333333333336	0.5	A	2	114349
381.3	0.5	nontarget	29	114390
381.3	0.5	R	19	114390
381.43666666666667	0.5	nontarget	29	114431
381.43666666666667	0.5	H	9	114431
381.57666666666665	0.5	nontarget	29	114473
381.57666666666665	0.5	N	15	114473
381.7133333333333	0.5	nontarget	29	114514
381.7133333333333	0.5	Q	18	114514
381.85	0.5	nontarget	29	114555
381.85	0.5	C	4	114555
381.9866666666667	0.5	nontarget	29	114596
381.9866666666667	0.5	F	7	114596
382.12333333333333	0.5	nontarget	29	114637
382.12333333333333	0.5	L	13	114637
382.26	0.5	nontarget	29	114678
382.26	0.5	J	11	114678
382.39666666666665	0.5	nontarget	29	114719
382.39666666666665	0.5	M	14	114719
382.53333333333336	0.5	nontarget	29	114760
382.53333333333336	0.5	Y	26	114760
387.35333333333335	0.5	target	30	116206
387.35333333333335	0.5	<	1	116206
387.49	0.5	nontarget	29	116247
387.49	0.5	O	16	116247
387.63	0.5	nontarget	29	116289
387.63	0.5	C	4	116289
387.76666666666665	0.5	nontarget	29	116330
387.76666666666665	0.5	K	12	116330
387.9033333333333	0.5	nontarget	29	116371
387.9033333333333	0.5	B	3	116371
388.04	0.5	nontarget	29	116412
388.04	0.5	F	7	116412
388.1766666666667	0.5	nontarget	29	116453
388.1766666666667	0.5	E	6	116453
388.31333333333333	0.5	nontarget	29	116494
388.31333333333333	0.5	N	15	116494
388.44666666666666	0.5	nontarget	29	116534
388.44666666666666	0.5	Q	18	116534
388.58666666666664	0.5	nontarget	29	116576
388.58666666666664	0.5	W	24	116576
388.72333333333336	0.5	nontarget	29	116617
388.72333333333336	0.5	I	10	116617
388.8566666666667	0.5	nontarget	29	116657
388.8566666666667	0.5	L	13	116657
388.99333333333334	0.5	nontarget	29	116698
388.99333333333334	0.5	G	8	116698
389.1333333333333	0.5	nontarget	29	116740
389.1333333333333	0.5	_	28	116740
389.26666666666665	0.5	nontarget	29	116780
389.26666666666665	0.5	D	5	116780
389.4033333333333	0.5	nontarget	29	116821
389.4033333333333	0.5	P	17	116821
389.54	0.5	nontarget	29	116862
389.54	0.5	U	22	116862
389.68	0.5	nontarget	29	116904
389.68	0.5	X	25	116904
389.81666666666666	0.5	nontarget	29	116945
389.81666666666666	0.5	J	11	116945
389.9533333333333	0.5	nontarget	29	116986
389.9533333333333	0.5	Y	26	116986
390.0933333333333	0.5	nontarget	29	117028
390.0933333333333	0.5	S	20	117028
390.23	0.5	nontarget	29	117069
390.23	0.5	R	19	117069
390.3666666666667	0.5	nontarget	29	117110
390.3666666666667	0.5	H	9	117110
390.50333333333333	0.5	nontarget	29	117151
390.50333333333333	0.5	V	23	117151
390.64	0.5	nontarget	29	117192
390.64	0.5	A	2	117192
390.77666666666664	0.5	nontarget	29	117233
390.77666666666664	0.5	T	21	117233
390.9166666666667	0.5	nontarget	29	117275
390.9166666666667	0.5	Z	27	117275
391.05333333333334	0.5	nontarget	29	117316
391.05333333333334	0.5	M	14	117316
395.87	0.5	nontarget	29	118761
395.87	0.5	G	8	118761
396.00666666666666	0.5	target	30	118802
396.00666666666666	0.5	<	1	118802
396.1433333333333	0.5	nontarget	29	118843
396.1433333333333	0.5	O	16	118843
396.28	0.5	nontarget	29	118884
396.28	0.5	E	6	118884
396.41333333333336	0.5	nontarget	29	118924
396.41333333333336	0.5	U	22	118924
396.55	0.5	nontarget	29	118965
396.55	0.5	F	7	118965
396.69	0.5	nontarget	29	119007
396.69	0.5	_	28	119007
396.82666666666665	0.5	nontarget	29	119048
396.82666666666665	0.5	M	14	119048
396.96666666666664	0.5	nontarget	29	119090
396.96666666666664	0.5	I	10	119090
397.10333333333335	0.5	nontarget	29	119131
397.10333333333335	0.5	K	12	119131
397.24	0.5	nontarget	29	119172
397.24	0.5	A	2	119172
397.37333333333333	0.5	nontarget	29	119212
397.37333333333333	0.5	H	9	119212
397.51	0.5	nontarget	29	119253
397.51	0.5	S	20	119253
397.72	0.5	nontarget	29	119316
397.72	0.5	J	11	119316
397.86	0.5	nontarget	29	119358
397.86	0.5	D	5	119358
397.99666666666667	0.5	nontarget	29	119399
397.99666666666667	0.5	Z	27	119399
398.1333333333333	0.5	nontarget	29	119440
398.1333333333333	0.5	N	15	119440
398.27	0.5	nontarget	29	119481
398.27	0.5	W	24	119481
398.4066666666667	0.5	nontarget	29	119522
398.4066666666667	0.5	X	25	119522
398.54333333333335	0.5	nontarget	29	119563
398.54333333333335	0.5	L	13	119563
398.68333333333334	0.5	nontarget	29	119605
398.68333333333334	0.5	T	21	119605
398.82	0.5	nontarget	29	119646
398.82	0.5	Y	26	119646
398.96	0.5	nontarget	29	119688
398.96	0.5	Q	18	119688
399.0966666666667	0.5	nontarget	29	119729
399.0966666666667	0.5	C	4	119729
399.23333333333335	0.5	nontarget	29	119770
399.23333333333335	0.5	P	17	119770
399.37	0.5	nontarget	29	119811
399.37	0.5	B	3	119811
399.50666666666666	0.5	nontarget	29	119852
399.50666666666666	0.5	V	23	119852
399.64666666666665	0.5	nontarget	29	119894
399.64666666666665	0.5	R	19	119894
404.46666666666664	0.5	nontarget	29	121340
404.46666666666664	0.5	G	8	121340
404.60333333333335	0.5	nontarget	29	121381
404.60333333333335	0.5	R	19	121381
404.74333333333334	0.5	nontarget	29	121423
404.74333333333334	0.5	V	23	121423
404.87666666666667	0.5	nontarget	29	121463
404.87666666666667	0.5	O	16	121463
405.0133333333333	0.5	nontarget	29	121504
405.0133333333333	0.5	I	10	121504
405.1533333333333	0.5	nontarget	29	121546
405.1533333333333	0.5	C	4	121546
405.29	0.5	nontarget	29	121587
405.29	0.5	Y	26	121587
405.4266666666667	0.5	nontarget	29	121628
405.4266666666667	0.5	Z	27	121628
405.56333333333333	0.5	nontarget	29	121669
405.56333333333333	0.5	F	7	121669
405.7	0.5	nontarget	29	121710
405.7	0.5	T	21	121710
405.83666666666664	0.5	nontarget	29	121751
405.83666666666664	0.5	W	24	121751
405.9766666666667	0.5	nontarget	29	121793
405.9766666666667	0.5	H	9	121793
406.11333333333334	0.5	nontarget	29	121834
406.11333333333334	0.5	U	22	121834
406.25	0.5	nontarget	29	121875
406.25	0.5	A	2	121875
406.38666666666666	0.5	nontarget	29	121916
406.38666666666666	0.5	L	13	121916
406.52	0.5	nontarget	29	121956
406.52	0.5	Q	18	121956
406.66	0.5	nontarget	29	121998
406.66	0.5	X	25	121998
406.7966666666667	0.5	nontarget	29	122039
406.7966666666667	0.5	B	3	122039
406.93333333333334	0.5	nontarget	29	122080
406.93333333333334	0.5	K	12	122080
407.07	0.5	nontarget	29	122121
407.07	0.5	_	28	122121
407.20666666666665	0.5	nontarget	29	122162
407.20666666666665	0.5	P	17	122162
407.3433333333333	0.5	nontarget	29	122203
407.3433333333333	0.5	E	6	122203
407.48	0.5	nontarget	29	122244
407.48	0.5	N	15	122244
407.61333333333334	0.5	nontarget	29	122284
407.61333333333334	0.5	M	14	122284
407.75	0.5	nontarget	29	122325
407.75	0.5	S	20	122325
407.88666666666666	0.5	nontarget	29	122366
407.88666666666666	0.5	D	5	122366
408.0233333333333	0.5	nontarget	29	122407
408.0233333333333	0.5	J	11	122407
408.16	0.5	target	30	122448
408.16	0.5	<	1	122448
412.9766666666667	0.5	nontarget	29	123893
412.9766666666667	0.5	_	28	123893
413.1166666666667	0.5	nontarget	29	123935
413.1166666666667	0.5	Y	26	123935
413.25	0.5	nontarget	29	123975
413.25	0.5	C	4	123975
413.38666666666666	0.5	nontarget	29	124016
413.38666666666666	0.5	L	13	124016
413.5233333333333	0.5	target	30	124057
413.5233333333333	0.5	<	1	124057
413.66	0.5	nontarget	29	124098
413.66	0.5	F	7	124098
413.7966666666667	0.5	nontarget	29	124139
413.7966666666667	0.5	B	3	124139
413.93333333333334	0.5	nontarget	29	124180
413.93333333333334	0.5	Q	18	124180
414.07	0.5	nontarget	29	124221
414.07	0.5	S	20	124221
414.20666666666665	0.5	nontarget	29	124262
414.20666666666665	0.5	U	22	124262
414.3466666666667	0.5	nontarget	29	124304
414.3466666666667	0.5	N	15	124304
414.48333333333335	0.5	nontarget	29	124345
414.48333333333335	0.5	J	11	124345
414.6166666666667	0.5	nontarget	29	124385
414.6166666666667	0.5	H	9	124385
414.75333333333333	0.5	nontarget	29	124426
414.75333333333333	0.5	O	16	124426
414.89	0.5	nontarget	29	124467
414.89	0.5	T	21	124467
415.02666666666664	0.5	nontarget	29	124508
415.02666666666664	0.5	V	23	124508
415.16333333333336	0.5	nontarget	29	124549
415.16333333333336	0.5	M	14	124549
415.3	0.5	nontarget	29	124590
415.3	0.5	X	25	124590
415.43666666666667	0.5	nontarget	29	124631
415.43666666666667	0.5	D	5	124631
415.57666666666665	0.5	nontarget	29	124673
415.57666666666665	0.5	I	10	124673
415.7133333333333	0.5	nontarget	29	124714
415.7133333333333	0.5	A	2	124714
415.85	0.5	nontarget	29	124755
415.85	0.5	P	17	124755
415.9866666666667	0.5	nontarget	29	124796
415.9866666666667	0.5	K	12	124796
416.12	0.5	nontarget	29	124836
416.12	0.5	E	6	124836
416.25666666666666	0.5	nontarget	29	124877
416.25666666666666	0.5	Z	27	124877
416.3933333333333	0.5	nontarget	29	124918
416.3933333333333	0.5	R	19	124918
416.53	0.5	nontarget	29	124959
416.53	0.5	W	24	124959
416.6666666666667	0.5	nontarget	29	125000
416.6666666666667	0.5	G	8	125000
421.49	0.5	nontarget	29	126447
421.49	0.5	L	13	126447
421.63	0.5	nontarget	29	126489
421.63	0.5	Q	18	126489
421.76666666666665	0.5	nontarget	29	126530
421.76666666666665	0.5	E	6	126530
421.9033333333333	0.5	nontarget	29	126571
421.9033333333333	0.5	H	9	126571
422.04	0.5	nontarget	29	126612
422.04	0.5	P	17	126612
422.1766666666667	0.5	nontarget	29	126653
422.1766666666667	0.5	F	7	126653
422.31666666666666	0.5	nontarget	29	126695
422.31666666666666	0.5	O	16	126695
422.45	0.5	nontarget	29	126735
422.45	0.5	M	14	126735
422.58666666666664	0.5	nontarget	29	126776
422.58666666666664	0.5	S	20	126776
422.7266666666667	0.5	nontarget	29	126818
422.7266666666667	0.5	J	11	126818
422.86333333333334	0.5	nontarget	29	126859
422.86333333333334	0.5	I	10	126859
423.0	0.5	nontarget	29	126900
423.0	0.5	R	19	126900
423.13666666666666	0.5	nontarget	29	126941
423.13666666666666	0.5	C	4	126941
423.2733333333333	0.5	nontarget	29	126982
423.2733333333333	0.5	D	5	126982
423.41	0.5	nontarget	29	127023
423.41	0.5	N	15	127023
423.5466666666667	0.5	nontarget	29	127064
423.5466666666667	0.5	Z	27	127064
423.68333333333334	0.5	nontarget	29	127105
423.68333333333334	0.5	W	24	127105
423.8233333333333	0.5	nontarget	29	127147
423.8233333333333	0.5	T	21	127147
423.96	0.5	nontarget	29	127188
423.96	0.5	K	12	127188
424.0966666666667	0.5	nontarget	29	127229
424.0966666666667	0.5	_	28	127229
424.23333333333335	0.5	nontarget	29	127270
424.23333333333335	0.5	V	23	127270
424.37333333333333	0.5	nontarget	29	127312
424.37333333333333	0.5	Y	26	127312
424.51	0.5	target	30	127353
424.51	0.5	<	1	127353
424.64666666666665	0.5	nontarget	29	127394
424.64666666666665	0.5	A	2	127394
424.78333333333336	0.5	nontarget	29	127435
424.78333333333336	0.5	G	8	127435
424.92	0.5	nontarget	29	127476
424.92	0.5	X	25	127476
425.06	0.5	nontarget	29	127518
425.06	0.5	U	22	127518
425.19666666666666	0.5	nontarget	29	127559
425.19666666666666	0.5	B	3	127559
430.0133333333333	0.5	nontarget	29	129004
430.0133333333333	0.5	D	5	129004
430.1533333333333	0.5	nontarget	29	129046
430.1533333333333	0.5	P	17	129046
430.29	0.5	nontarget	29	129087
430.29	0.5	J	11	129087
430.4266666666667	0.5	nontarget	29	129128
430.4266666666667	0.5	I	10	129128
430.56333333333333	0.5	nontarget	29	129169
430.56333333333333	0.5	C	4	129169
430.7	0.5	nontarget	29	129210
430.7	0.5	X	25	129210
430.83666666666664	0.5	nontarget	29	129251
430.83666666666664	0.5	H	9	129251
430.9766666666667	0.5	nontarget	29	129293
430.9766666666667	0.5	F	7	129293
431.11333333333334	0.5	nontarget	29	129334
431.11333333333334	0.5	K	12	129334
431.25	0.5	nontarget	29	129375
431.25	0.5	_	28	129375
431.38666666666666	0.5	nontarget	29	129416
431.38666666666666	0.5	M	14	129416
431.5233333333333	0.5	nontarget	29	129457
431.5233333333333	0.5	O	16	129457
431.66333333333336	0.5	nontarget	29	129499
431.66333333333336	0.5	Y	26	129499
431.8	0.5	nontarget	29	129540
431.8	0.5	R	19	129540
431.93333333333334	0.5	nontarget	29	129580
431.93333333333334	0.5	T	21	129580
432.07	0.5	nontarget	29	129621
432.07	0.5	L	13	129621
432.20666666666665	0.5	nontarget	29	129662
432.20666666666665	0.5	G	8	129662
432.3433333333333	0.5	nontarget	29	129703
432.3433333333333	0.5	Z	27	129703
432.48	0.5	nontarget	29	129744
432.48	0.5	B	3	129744
432.6166666666667	0.5	target	30	129785
432.6166666666667	0.5	<	1	129785
432.75333333333333	0.5	nontarget	29	129826
432.75333333333333	0.5	S	20	129826
432.89	0.5	nontarget	29	129867
432.89	0.5	Q	18	129867
433.02666666666664	0.5	nontarget	29	129908
433.02666666666664	0.5	V	23	129908
433.16333333333336	0.5	nontarget	29	129949
433.16333333333336	0.5	A	2	129949
433.3	0.5	nontarget	29	129990
433.3	0.5	E	6	129990
433.44	0.5	nontarget	29	130032
433.44	0.5	W	24	130032
433.58	0.5	nontarget	29	130074
433.58	0.5	U	22	130074
433.71666666666664	0.5	nontarget	29	130115
433.71666666666664	0.5	N	15	130115
440.55333333333334	0.5	nontarget	29	132166
440.55333333333334	0.5	_	28	132166
440.69	0.5	nontarget	29	132207
440.69	0.5	V	23	132207
440.82666666666665	0.5	nontarget	29	132248
440.82666666666665	0.5	N	15	132248
440.9633333333333	0.5	nontarget	29	132289
440.9633333333333	0.5	D	5	132289
441.1	0.5	nontarget	29	132330
441.1	0.5	J	11	132330
441.2366666666667	0.5	nontarget	29	132371
441.2366666666667	0.5	A	2	132371
441.37666666666667	0.5	nontarget	29	132413
441.37666666666667	0.5	Y	26	132413
441.5133333333333	0.5	nontarget	29	132454
441.5133333333333	0.5	L	13	132454
441.65	0.5	nontarget	29	132495
441.65	0.5	K	12	132495
441.7866666666667	0.5	nontarget	29	132536
441.7866666666667	0.5	E	6	132536
441.92333333333335	0.5	nontarget	29	132577
441.92333333333335	0.5	G	8	132577
442.06	0.5	nontarget	29	132618
442.06	0.5	B	3	132618
442.2	0.5	nontarget	29	132660
442.2	0.5	X	25	132660
442.3333333333333	0.5	nontarget	29	132700
442.3333333333333	0.5	T	21	132700
442.47	0.5	nontarget	29	132741
442.47	0.5	O	16	132741
442.6066666666667	0.5	nontarget	29	132782
442.6066666666667	0.5	U	22	132782
442.74333333333334	0.5	nontarget	29	132823
442.74333333333334	0.5	Q	18	132823
442.88	0.5	nontarget	29	132864
442.88	0.5	R	19	132864
443.01666666666665	0.5	nontarget	29	132905
443.01666666666665	0.5	F	7	132905
443.1533333333333	0.5	nontarget	29	132946
443.1533333333333	0.5	C	4	132946
443.29	0.5	nontarget	29	132987
443.29	0.5	I	10	132987
443.4266666666667	0.5	nontarget	29	133028
443.4266666666667	0.5	W	24	133028
443.56333333333333	0.5	nontarget	29	133069
443.56333333333333	0.5	Z	27	133069
443.7	0.5	target	30	133110
443.7	0.5	<	1	133110
443.84	0.5	nontarget	29	133152
443.84	0.5	P	17	133152
443.9766666666667	0.5	nontarget	29	133193
443.9766666666667	0.5	H	9	133193
444.11333333333334	0.5	nontarget	29	133234
444.11333333333334	0.5	S	20	133234
444.24666666666667	0.5	nontarget	29	133274
444.24666666666667	0.5	M	14	133274
449.07	0.5	nontarget	29	134721
449.07	0.5	N	15	134721
449.20666666666665	0.5	nontarget	29	134762
449.20666666666665	0.5	C	4	134762
449.3433333333333	0.5	nontarget	29	134803
449.3433333333333	0.5	R	19	134803
449.48	0.5	nontarget	29	134844
449.48	0.5	A	2	134844
449.6166666666667	0.5	nontarget	29	134885
449.6166666666667	0.5	H	9	134885
449.75333333333333	0.5	nontarget	29	134926
449.75333333333333	0.5	L	13	134926
449.89	0.5	nontarget	29	134967
449.89	0.5	S	20	134967
450.02666666666664	0.5	nontarget	29	135008
450.02666666666664	0.5	K	12	135008
450.16333333333336	0.5	nontarget	29	135049
450.16333333333336	0.5	D	5	135049
450.3	0.5	nontarget	29	135090
450.3	0.5	O	16	135090
450.43666666666667	0.5	nontarget	29	135131
450.43666666666667	0.5	M	14	135131
450.5733333333333	0.5	nontarget	29	135172
450.5733333333333	0.5	J	11	135172
450.7133333333333	0.5	nontarget	29	135214
450.7133333333333	0.5	Z	27	135214
450.85	0.5	nontarget	29	135255
450.85	0.5	_	28	135255
450.98333333333335	0.5	nontarget	29	135295
450.98333333333335	0.5	V	23	135295
451.12	0.5	nontarget	29	135336
451.12	0.5	U	22	135336
451.25666666666666	0.5	nontarget	29	135377
451.25666666666666	0.5	P	17	135377
451.39	0.5	nontarget	29	135417
451.39	0.5	E	6	135417
451.53	0.5	nontarget	29	135459
451.53	0.5	X	25	135459
451.6666666666667	0.5	nontarget	29	135500
451.6666666666667	0.5	W	24	135500
451.8066666666667	0.5	target	30	135542
451.8066666666667	0.5	<	1	135542
451.94	0.5	nontarget	29	135582
451.94	0.5	Q	18	135582
452.07666666666665	0.5	nontarget	29	135623
452.07666666666665	0.5	T	21	135623
452.2133333333333	0.5	nontarget	29	135664
452.2133333333333	0.5	Y	26	135664
452.35	0.5	nontarget	29	135705
452.35	0.5	G	8	135705
452.4866666666667	0.5	nontarget	29	135746
452.4866666666667	0.5	F	7	135746
452.62333333333333	0.5	nontarget	29	135787
452.62333333333333	0.5	I	10	135787
452.76	0.5	nontarget	29	135828
452.76	0.5	B	3	135828
457.5833333333333	0.5	nontarget	29	137275
457.5833333333333	0.5	A	2	137275
457.72333333333336	0.5	nontarget	29	137317
457.72333333333336	0.5	S	20	137317
457.86	0.5	nontarget	29	137358
457.86	0.5	I	10	137358
457.99666666666667	0.5	nontarget	29	137399
457.99666666666667	0.5	Q	18	137399
458.1333333333333	0.5	nontarget	29	137440
458.1333333333333	0.5	M	14	137440
458.27	0.5	nontarget	29	137481
458.27	0.5	L	13	137481
458.4066666666667	0.5	nontarget	29	137522
458.4066666666667	0.5	N	15	137522
458.54	0.5	nontarget	29	137562
458.54	0.5	T	21	137562
458.68	0.5	nontarget	29	137604
458.68	0.5	C	4	137604
458.81666666666666	0.5	nontarget	29	137645
458.81666666666666	0.5	Y	26	137645
458.9533333333333	0.5	nontarget	29	137686
458.9533333333333	0.5	U	22	137686
459.09	0.5	nontarget	29	137727
459.09	0.5	K	12	137727
459.22333333333336	0.5	nontarget	29	137767
459.22333333333336	0.5	B	3	137767
459.36333333333334	0.5	nontarget	29	137809
459.36333333333334	0.5	Z	27	137809
459.5	0.5	nontarget	29	137850
459.5	0.5	D	5	137850
459.63666666666666	0.5	nontarget	29	137891
459.63666666666666	0.5	E	6	137891
459.7733333333333	0.5	nontarget	29	137932
459.7733333333333	0.5	X	25	137932
459.91	0.5	nontarget	29	137973
459.91	0.5	_	28	137973
460.0466666666667	0.5	nontarget	29	138014
460.0466666666667	0.5	H	9	138014
460.18333333333334	0.5	nontarget	29	138055
460.18333333333334	0.5	R	19	138055
460.32	0.5	nontarget	29	138096
460.32	0.5	G	8	138096
460.45666666666665	0.5	nontarget	29	138137
460.45666666666665	0.5	F	7	138137
460.5933333333333	0.5	nontarget	29	138178
460.5933333333333	0.5	J	11	138178
460.73	0.5	nontarget	29	138219
460.73	0.5	V	23	138219
460.8666666666667	0.5	nontarget	29	138260
460.8666666666667	0.5	P	17	138260
461.00666666666666	0.5	nontarget	29	138302
461.00666666666666	0.5	O	16	138302
461.14	0.5	nontarget	29	138342
461.14	0.5	W	24	138342
461.28	0.5	target	30	138384
461.28	0.5	<	1	138384
466.10333333333335	0.5	nontarget	29	139831
466.10333333333335	0.5	A	2	139831
466.24333333333334	0.5	nontarget	29	139873
466.24333333333334	0.5	M	14	139873
466.37666666666667	0.5	target	30	139913
466.37666666666667	0.5	<	1	139913
466.51666666666665	0.5	nontarget	29	139955
466.51666666666665	0.5	O	16	139955
466.65	0.5	nontarget	29	139995
466.65	0.5	Z	27	139995
466.7866666666667	0.5	nontarget	29	140036
466.7866666666667	0.5	H	9	140036
466.92333333333335	0.5	nontarget	29	140077
466.92333333333335	0.5	R	19	140077
467.06	0.5	nontarget	29	140118
467.06	0.5	Q	18	140118
467.19666666666666	0.5	nontarget	29	140159
467.19666666666666	0.5	W	24	140159
467.33666666666664	0.5	nontarget	29	140201
467.33666666666664	0.5	S	20	140201
467.47333333333336	0.5	nontarget	29	140242
467.47333333333336	0.5	J	11	140242
467.61	0.5	nontarget	29	140283
467.61	0.5	F	7	140283
467.75	0.5	nontarget	29	140325
467.75	0.5	V	23	140325
467.8833333333333	0.5	nontarget	29	140365
467.8833333333333	0.5	B	3	140365
468.0233333333333	0.5	nontarget	29	140407
468.0233333333333	0.5	X	25	140407
468.16	0.5	nontarget	29	140448
468.16	0.5	G	8	140448
468.2966666666667	0.5	nontarget	29	140489
468.2966666666667	0.5	_	28	140489
468.43333333333334	0.5	nontarget	29	140530
468.43333333333334	0.5	I	10	140530
468.57	0.5	nontarget	29	140571
468.57	0.5	U	22	140571
468.70666666666665	0.5	nontarget	29	140612
468.70666666666665	0.5	L	13	140612
468.8433333333333	0.5	nontarget	29	140653
468.8433333333333	0.5	D	5	140653
468.98	0.5	nontarget	29	140694
468.98	0.5	C	4	140694
469.18666666666667	0.5	nontarget	29	140756
469.18666666666667	0.5	N	15	140756
469.3233333333333	0.5	nontarget	29	140797
469.3233333333333	0.5	Y	26	140797
469.46	0.5	nontarget	29	140838
469.46	0.5	P	17	140838
469.6	0.5	nontarget	29	140880
469.6	0.5	E	6	140880
469.7366666666667	0.5	nontarget	29	140921
469.7366666666667	0.5	K	12	140921
469.87333333333333	0.5	nontarget	29	140962
469.87333333333333	0.5	T	21	140962
474.69666666666666	0.5	nontarget	29	142409
474.69666666666666	0.5	_	28	142409
474.8333333333333	0.5	nontarget	29	142450
474.8333333333333	0.5	O	16	142450
474.97	0.5	nontarget	29	142491
474.97	0.5	C	4	142491
475.1066666666667	0.5	nontarget	29	142532
475.1066666666667	0.5	P	17	142532
475.24333333333334	0.5	nontarget	29	142573
475.24333333333334	0.5	V	23	142573
475.38	0.5	nontarget	29	142614
475.38	0.5	G	8	142614
475.52	0.5	nontarget	29	142656
475.52	0.5	U	22	142656
475.6566666666667	0.5	nontarget	29	142697
475.6566666666667	0.5	H	9	142697
475.79333333333335	0.5	nontarget	29	142738
475.79333333333335	0.5	W	24	142738
475.93	0.5	nontarget	29	142779
475.93	0.5	N	15	142779
476.06666666666666	0.5	nontarget	29	142820
476.06666666666666	0.5	D	5	142820
476.20666666666665	0.5	nontarget	29	142862
476.20666666666665	0.5	F	7	142862
476.3433333333333	0.5	target	30	142903
476.3433333333333	0.5	<	1	142903
476.48	0.5	nontarget	29	142944
476.48	0.5	A	2	142944
476.6166666666667	0.5	nontarget	29	142985
476.6166666666667	0.5	L	13	142985
476.75333333333333	0.5	nontarget	29	143026
476.75333333333333	0.5	X	25	143026
476.88666666666666	0.5	nontarget	29	143066
476.88666666666666	0.5	M	14	143066
477.0233333333333	0.5	nontarget	29	143107
477.0233333333333	0.5	Z	27	143107
477.16	0.5	nontarget	29	143148
477.16	0.5	Q	18	143148
477.2966666666667	0.5	nontarget	29	143189
477.2966666666667	0.5	E	6	143189
477.43333333333334	0.5	nontarget	29	143230
477.43333333333334	0.5	Y	26	143230
477.5733333333333	0.5	nontarget	29	143272
477.5733333333333	0.5	S	20	143272
477.70666666666665	0.5	nontarget	29	143312
477.70666666666665	0.5	I	10	143312
477.8433333333333	0.5	nontarget	29	143353
477.8433333333333	0.5	B	3	143353
477.98333333333335	0.5	nontarget	29	143395
477.98333333333335	0.5	J	11	143395
478.1166666666667	0.5	nontarget	29	143435
478.1166666666667	0.5	T	21	143435
478.25333333333333	0.5	nontarget	29	143476
478.25333333333333	0.5	R	19	143476
478.39	0.5	nontarget	29	143517
478.39	0.5	K	12	143517
483.2133333333333	0.5	nontarget	29	144964
483.2133333333333	0.5	Y	26	144964
483.35	0.5	nontarget	29	145005
483.35	0.5	Z	27	145005
483.48333333333335	0.5	nontarget	29	145045
483.48333333333335	0.5	I	10	145045
483.62333333333333	0.5	nontarget	29	145087
483.62333333333333	0.5	Q	18	145087
483.76	0.5	nontarget	29	145128
483.76	0.5	C	4	145128
483.89666666666665	0.5	nontarget	29	145169
483.89666666666665	0.5	A	2	145169
484.03333333333336	0.5	nontarget	29	145210
484.03333333333336	0.5	O	16	145210
484.17	0.5	nontarget	29	145251
484.17	0.5	J	11	145251
484.31	0.5	nontarget	29	145293
484.31	0.5	T	21	145293
484.4433333333333	0.5	nontarget	29	145333
484.4433333333333	0.5	E	6	145333
484.58	0.5	nontarget	29	145374
484.58	0.5	R	19	145374
484.71666666666664	0.5	nontarget	29	145415
484.71666666666664	0.5	L	13	145415
484.85333333333335	0.5	nontarget	29	145456
484.85333333333335	0.5	G	8	145456
484.99	0.5	nontarget	29	145497
484.99	0.5	B	3	145497
485.12666666666667	0.5	nontarget	29	145538
485.12666666666667	0.5	X	25	145538
485.26666666666665	0.5	nontarget	29	145580
485.26666666666665	0.5	W	24	145580
485.4033333333333	0.5	nontarget	29	145621
485.4033333333333	0.5	H	9	145621
485.5366666666667	0.5	nontarget	29	145661
485.5366666666667	0.5	N	15	145661
485.6766666666667	0.5	nontarget	29	145703
485.6766666666667	0.5	U	22	145703
485.81333333333333	0.5	target	30	145744
485.81333333333333	0.5	<	1	145744
485.94666666666666	0.5	nontarget	29	145784
485.94666666666666	0.5	_	28	145784
486.0833333333333	0.5	nontarget	29	145825
486.0833333333333	0.5	V	23	145825
486.22	0.5	nontarget	29	145866
486.22	0.5	F	7	145866
486.3566666666667	0.5	nontarget	29	145907
486.3566666666667	0.5	D	5	145907
486.49333333333334	0.5	nontarget	29	145948
486.49333333333334	0.5	S	20	145948
486.62666666666667	0.5	nontarget	29	145988
486.62666666666667	0.5	K	12	145988
486.76666666666665	0.5	nontarget	29	146030
486.76666666666665	0.5	M	14	146030
486.9033333333333	0.5	nontarget	29	146071
486.9033333333333	0.5	P	17	146071
491.7266666666667	0.5	nontarget	29	147518
491.7266666666667	0.5	T	21	147518
491.8666666666667	0.5	nontarget	29	147560
491.8666666666667	0.5	P	17	147560
492.0	0.5	nontarget	29	147600
492.0	0.5	Y	26	147600
492.14	0.5	target	30	147642
492.14	0.5	<	1	147642
492.27666666666664	0.5	nontarget	29	147683
492.27666666666664	0.5	N	15	147683
492.41333333333336	0.5	nontarget	29	147724
492.41333333333336	0.5	E	6	147724
492.55	0.5	nontarget	29	147765
492.55	0.5	I	10	147765
492.68666666666667	0.5	nontarget	29	147806
492.68666666666667	0.5	W	24	147806
492.8233333333333	0.5	nontarget	29	147847
492.8233333333333	0.5	L	13	147847
492.96	0.5	nontarget	29	147888
492.96	0.5	_	28	147888
493.1	0.5	nontarget	29	147930
493.1	0.5	A	2	147930
493.2366666666667	0.5	nontarget	29	147971
493.2366666666667	0.5	O	16	147971
493.37	0.5	nontarget	29	148011
493.37	0.5	H	9	148011
493.51	0.5	nontarget	29	148053
493.51	0.5	K	12	148053
493.65	0.5	nontarget	29	148095
493.65	0.5	F	7	148095
493.7866666666667	0.5	nontarget	29	148136
493.7866666666667	0.5	R	19	148136
493.92333333333335	0.5	nontarget	29	148177
493.92333333333335	0.5	B	3	148177
494.06	0.5	nontarget	29	148218
494.06	0.5	U	22	148218
494.19666666666666	0.5	nontarget	29	148259
494.19666666666666	0.5	D	5	148259
494.3333333333333	0.5	nontarget	29	148300
494.3333333333333	0.5	S	20	148300
494.47	0.5	nontarget	29	148341
494.47	0.5	J	11	148341
494.61	0.5	nontarget	29	148383
494.61	0.5	Q	18	148383
494.74666666666667	0.5	nontarget	29	148424
494.74666666666667	0.5	G	8	148424
494.8833333333333	0.5	nontarget	29	148465
494.8833333333333	0.5	M	14	148465
495.02	0.5	nontarget	29	148506
495.02	0.5	C	4	148506
495.1566666666667	0.5	nontarget	29	148547
495.1566666666667	0.5	Z	27	148547
495.29333333333335	0.5	nontarget	29	148588
495.29333333333335	0.5	V	23	148588
495.43333333333334	0.5	nontarget	29	148630
495.43333333333334	0.5	X	25	148630
500.26	0.5	nontarget	29	150078
500.26	0.5	Z	27	150078
500.39666666666665	0.5	nontarget	29	150119
500.39666666666665	0.5	V	23	150119
500.53	0.5	nontarget	29	150159
500.53	0.5	M	14	150159
500.67	0.5	nontarget	29	150201
500.67	0.5	Y	26	150201
500.8066666666667	0.5	nontarget	29	150242
500.8066666666667	0.5	I	10	150242
500.9433333333333	0.5	nontarget	29	150283
500.9433333333333	0.5	J	11	150283
501.08	0.5	nontarget	29	150324
501.08	0.5	A	2	150324
501.21666666666664	0.5	nontarget	29	150365
501.21666666666664	0.5	_	28	150365
501.35333333333335	0.5	nontarget	29	150406
501.35333333333335	0.5	R	19	150406
501.49	0.5	nontarget	29	150447
501.49	0.5	L	13	150447
501.62666666666667	0.5	nontarget	29	150488
501.62666666666667	0.5	F	7	150488
501.7633333333333	0.5	nontarget	29	150529
501.7633333333333	0.5	D	5	150529
501.9	0.5	nontarget	29	150570
501.9	0.5	P	17	150570
502.0366666666667	0.5	nontarget	29	150611
502.0366666666667	0.5	W	24	150611
502.17333333333335	0.5	nontarget	29	150652
502.17333333333335	0.5	U	22	150652
502.31	0.5	nontarget	29	150693
502.31	0.5	S	20	150693
502.44666666666666	0.5	nontarget	29	150734
502.44666666666666	0.5	H	9	150734
502.5833333333333	0.5	nontarget	29	150775
502.5833333333333	0.5	G	8	150775
502.72	0.5	nontarget	29	150816
502.72	0.5	E	6	150816
502.8566666666667	0.5	nontarget	29	150857
502.8566666666667	0.5	C	4	150857
502.99333333333334	0.5	nontarget	29	150898
502.99333333333334	0.5	K	12	150898
503.13	0.5	nontarget	29	150939
503.13	0.5	O	16	150939
503.27	0.5	nontarget	29	150981
503.27	0.5	X	25	150981
503.4033333333333	0.5	nontarget	29	151021
503.4033333333333	0.5	T	21	151021
503.54333333333335	0.5	nontarget	29	151063
503.54333333333335	0.5	Q	18	151063
503.68333333333334	0.5	nontarget	29	151105
503.68333333333334	0.5	N	15	151105
503.82	0.5	nontarget	29	151146
503.82	0.5	B	3	151146
503.96	0.5	target	30	151188
503.96	0.5	<	1	151188
510.7866666666667	0.5	nontarget	29	153236
510.7866666666667	0.5	C	4	153236
510.92333333333335	0.5	nontarget	29	153277
510.92333333333335	0.5	R	19	153277
511.06	0.5	nontarget	29	153318
511.06	0.5	P	17	153318
511.19666666666666	0.5	nontarget	29	153359
511.19666666666666	0.5	I	10	153359
511.3333333333333	0.5	nontarget	29	153400
511.3333333333333	0.5	V	23	153400
511.47	0.5	nontarget	29	153441
511.47	0.5	B	3	153441
511.6066666666667	0.5	nontarget	29	153482
511.6066666666667	0.5	W	24	153482
511.74333333333334	0.5	nontarget	29	153523
511.74333333333334	0.5	U	22	153523
511.88	0.5	nontarget	29	153564
511.88	0.5	E	6	153564
512.0166666666667	0.5	nontarget	29	153605
512.0166666666667	0.5	Q	18	153605
512.1533333333333	0.5	nontarget	29	153646
512.1533333333333	0.5	_	28	153646
512.29	0.5	nontarget	29	153687
512.29	0.5	H	9	153687
512.4266666666666	0.5	nontarget	29	153728
512.4266666666666	0.5	N	15	153728
512.5633333333334	0.5	nontarget	29	153769
512.5633333333334	0.5	O	16	153769
512.7	0.5	nontarget	29	153810
512.7	0.5	L	13	153810
512.84	0.5	nontarget	29	153852
512.84	0.5	A	2	153852
512.9766666666667	0.5	nontarget	29	153893
512.9766666666667	0.5	Z	27	153893
513.11	0.5	nontarget	29	153933
513.11	0.5	J	11	153933
513.2466666666667	0.5	nontarget	29	153974
513.2466666666667	0.5	D	5	153974
513.3833333333333	0.5	nontarget	29	154015
513.3833333333333	0.5	K	12	154015
513.52	0.5	nontarget	29	154056
513.52	0.5	M	14	154056
513.66	0.5	nontarget	29	154098
513.66	0.5	T	21	154098
513.7966666666666	0.5	nontarget	29	154139
513.7966666666666	0.5	F	7	154139
513.9333333333333	0.5	nontarget	29	154180
513.9333333333333	0.5	G	8	154180
514.07	0.5	nontarget	29	154221
514.07	0.5	Y	26	154221
514.21	0.5	nontarget	29	154263
514.21	0.5	X	25	154263
514.3466666666667	0.5	nontarget	29	154304
514.3466666666667	0.5	S	20	154304
514.4833333333333	0.5	target	30	154345
514.4833333333333	0.5	<	1	154345
519.31	0.5	nontarget	29	155793
519.31	0.5	I	10	155793
519.4466666666667	0.5	nontarget	29	155834
519.4466666666667	0.5	S	20	155834
519.5866666666667	0.5	nontarget	29	155876
519.5866666666667	0.5	D	5	155876
519.7266666666667	0.5	nontarget	29	155918
519.7266666666667	0.5	Z	27	155918
519.86	0.5	nontarget	29	155958
519.86	0.5	H	9	155958
519.9966666666667	0.5	nontarget	29	155999
519.9966666666667	0.5	L	13	155999
520.1333333333333	0.5	nontarget	29	156040
520.1333333333333	0.5	V	23	156040
520.27	0.5	nontarget	29	156081
520.27	0.5	U	22	156081
520.4066666666666	0.5	nontarget	29	156122
520.4066666666666	0.5	Y	26	156122
520.5433333333333	0.5	nontarget	29	156163
520.5433333333333	0.5	B	3	156163
520.6833333333333	0.5	nontarget	29	156205
520.6833333333333	0.5	N	15	156205
520.82	0.5	nontarget	29	156246
520.82	0.5	X	25	156246
520.9566666666667	0.5	target	30	156287
520.9566666666667	0.5	<	1	156287
521.0933333333334	0.5	nontarget	29	156328
521.0933333333334	0.5	O	16	156328
521.2266666666667	0.5	nontarget	29	156368
521.2266666666667	0.5	F	7	156368
521.3633333333333	0.5	nontarget	29	156409
521.3633333333333	0.5	R	19	156409
521.5	0.5	nontarget	29	156450
521.5	0.5	E	6	156450
521.6366666666667	0.5	nontarget	29	156491
521.6366666666667	0.5	W	24	156491
521.7766666666666	0.5	nontarget	29	156533
521.7766666666666	0.5	_	28	156533
521.9133333333333	0.5	nontarget	29	156574
521.9133333333333	0.5	M	14	156574
522.05	0.5	nontarget	29	156615
522.05	0.5	Q	18	156615
522.1866666666666	0.5	nontarget	29	156656
522.1866666666666	0.5	A	2	156656
522.3233333333334	0.5	nontarget	29	156697
522.3233333333334	0.5	C	4	156697
522.46	0.5	nontarget	29	156738
522.46	0.5	K	12	156738
522.5966666666667	0.5	nontarget	29	156779
522.5966666666667	0.5	J	11	156779
522.73	0.5	nontarget	29	156819
522.73	0.5	T	21	156819
522.87	0.5	nontarget	29	156861
522.87	0.5	P	17	156861
523.0066666666667	0.5	nontarget	29	156902
523.0066666666667	0.5	G	8	156902
527.8333333333334	0.5	target	30	158350
527.8333333333334	0.5	<	1	158350
527.9733333333334	0.5	nontarget	29	158392
527.9733333333334	0.5	V	23	158392
528.11	0.5	nontarget	29	158433
528.11	0.5	E	6	158433
528.2433333333333	0.5	nontarget	29	158473
528.2433333333333	0.5	T	21	158473
528.38	0.5	nontarget	29	158514
528.38	0.5	M	14	158514
528.5166666666667	0.5	nontarget	29	158555
528.5166666666667	0.5	Y	26	158555
528.6533333333333	0.5	nontarget	29	158596
528.6533333333333	0.5	R	19	158596
528.79	0.5	nontarget	29	158637
528.79	0.5	L	13	158637
528.9266666666666	0.5	nontarget	29	158678
528.9266666666666	0.5	K	12	158678
529.0633333333334	0.5	nontarget	29	158719
529.0633333333334	0.5	F	7	158719
529.2	0.5	nontarget	29	158760
529.2	0.5	I	10	158760
529.3366666666667	0.5	nontarget	29	158801
529.3366666666667	0.5	W	24	158801
529.4733333333334	0.5	nontarget	29	158842
529.4733333333334	0.5	Z	27	158842
529.61	0.5	nontarget	29	158883
529.61	0.5	X	25	158883
529.75	0.5	nontarget	29	158925
529.75	0.5	C	4	158925
529.8866666666667	0.5	nontarget	29	158966
529.8866666666667	0.5	O	16	158966
530.0233333333333	0.5	nontarget	29	159007
530.0233333333333	0.5	S	20	159007
530.16	0.5	nontarget	29	159048
530.16	0.5	N	15	159048
530.2966666666666	0.5	nontarget	29	159089
530.2966666666666	0.5	_	28	159089
530.4366666666666	0.5	nontarget	29	159131
530.4366666666666	0.5	U	22	159131
530.5733333333334	0.5	nontarget	29	159172
530.5733333333334	0.5	H	9	159172
530.71	0.5	nontarget	29	159213
530.71	0.5	Q	18	159213
530.85	0.5	nontarget	29	159255
530.85	0.5	D	5	159255
530.9866666666667	0.5	nontarget	29	159296
530.9866666666667	0.5	J	11	159296
531.1233333333333	0.5	nontarget	29	159337
531.1233333333333	0.5	P	17	159337
531.2566666666667	0.5	nontarget	29	159377
531.2566666666667	0.5	B	3	159377
531.3933333333333	0.5	nontarget	29	159418
531.3933333333333	0.5	A	2	159418
531.53	0.5	nontarget	29	159459
531.53	0.5	G	8	159459
