onset	duration	trial_type	value	sample
19.466666666666665	0.5	nontarget	29	5840
19.466666666666665	0.5	M	14	5840
19.60333333333333	0.5	target	30	5881
19.60333333333333	0.5	W	24	5881
19.74	0.5	nontarget	29	5922
19.74	0.5	T	21	5922
19.876666666666665	0.5	nontarget	29	5963
19.876666666666665	0.5	Z	27	5963
20.013333333333332	0.5	nontarget	29	6004
20.013333333333332	0.5	S	20	6004
20.14666666666667	0.5	nontarget	29	6044
20.14666666666667	0.5	I	10	6044
20.283333333333335	0.5	nontarget	29	6085
20.283333333333335	0.5	_	28	6085
20.42	0.5	nontarget	29	6126
20.42	0.5	U	22	6126
20.55666666666667	0.5	nontarget	29	6167
20.55666666666667	0.5	J	11	6167
20.696666666666665	0.5	nontarget	29	6209
20.696666666666665	0.5	X	25	6209
20.83	0.5	nontarget	29	6249
20.83	0.5	O	16	6249
20.966666666666665	0.5	nontarget	29	6290
20.966666666666665	0.5	C	4	6290
21.106666666666666	0.5	nontarget	29	6332
21.106666666666666	0.5	R	19	6332
21.256666666666668	0.5	nontarget	29	6377
21.256666666666668	0.5	D	5	6377
21.393333333333334	0.5	nontarget	29	6418
21.393333333333334	0.5	Y	26	6418
21.533333333333335	0.5	nontarget	29	6460
21.533333333333335	0.5	Q	18	6460
21.67	0.5	nontarget	29	6501
21.67	0.5	H	9	6501
21.80666666666667	0.5	nontarget	29	6542
21.80666666666667	0.5	G	8	6542
21.94333333333333	0.5	nontarget	29	6583
21.94333333333333	0.5	E	6	6583
22.08	0.5	nontarget	29	6624
22.08	0.5	K	12	6624
22.213333333333335	0.5	nontarget	29	6664
22.213333333333335	0.5	N	15	6664
22.35	0.5	nontarget	29	6705
22.35	0.5	V	23	6705
22.486666666666668	0.5	nontarget	29	6746
22.486666666666668	0.5	B	3	6746
22.623333333333335	0.5	nontarget	29	6787
22.623333333333335	0.5	F	7	6787
22.763333333333332	0.5	nontarget	29	6829
22.763333333333332	0.5	A	2	6829
22.9	0.5	nontarget	29	6870
22.9	0.5	<	1	6870
23.036666666666665	0.5	nontarget	29	6911
23.036666666666665	0.5	P	17	6911
23.173333333333332	0.5	nontarget	29	6952
23.173333333333332	0.5	L	13	6952
27.98	0.5	nontarget	29	8394
27.98	0.5	I	10	8394
28.116666666666667	0.5	nontarget	29	8435
28.116666666666667	0.5	_	28	8435
28.253333333333334	0.5	nontarget	29	8476
28.253333333333334	0.5	N	15	8476
28.39	0.5	nontarget	29	8517
28.39	0.5	O	16	8517
28.526666666666667	0.5	nontarget	29	8558
28.526666666666667	0.5	G	8	8558
28.663333333333334	0.5	nontarget	29	8599
28.663333333333334	0.5	H	9	8599
28.8	0.5	nontarget	29	8640
28.8	0.5	Q	18	8640
28.936666666666667	0.5	nontarget	29	8681
28.936666666666667	0.5	M	14	8681
29.07	0.5	nontarget	29	8721
29.07	0.5	U	22	8721
29.206666666666667	0.5	nontarget	29	8762
29.206666666666667	0.5	F	7	8762
29.343333333333334	0.5	nontarget	29	8803
29.343333333333334	0.5	C	4	8803
29.48	0.5	nontarget	29	8844
29.48	0.5	X	25	8844
29.616666666666667	0.5	nontarget	29	8885
29.616666666666667	0.5	V	23	8885
29.753333333333334	0.5	nontarget	29	8926
29.753333333333334	0.5	Y	26	8926
29.893333333333334	0.5	nontarget	29	8968
29.893333333333334	0.5	L	13	8968
30.03	0.5	nontarget	29	9009
30.03	0.5	P	17	9009
30.166666666666668	0.5	nontarget	29	9050
30.166666666666668	0.5	E	6	9050
30.303333333333335	0.5	nontarget	29	9091
30.303333333333335	0.5	J	11	9091
30.44	0.5	nontarget	29	9132
30.44	0.5	A	2	9132
30.576666666666668	0.5	nontarget	29	9173
30.576666666666668	0.5	Z	27	9173
30.713333333333335	0.5	target	30	9214
30.713333333333335	0.5	W	24	9214
30.85	0.5	nontarget	29	9255
30.85	0.5	R	19	9255
30.99	0.5	nontarget	29	9297
30.99	0.5	K	12	9297
31.126666666666665	0.5	nontarget	29	9338
31.126666666666665	0.5	T	21	9338
31.263333333333332	0.5	nontarget	29	9379
31.263333333333332	0.5	<	1	9379
31.4	0.5	nontarget	29	9420
31.4	0.5	D	5	9420
31.536666666666665	0.5	nontarget	29	9461
31.536666666666665	0.5	B	3	9461
31.673333333333332	0.5	nontarget	29	9502
31.673333333333332	0.5	S	20	9502
36.473333333333336	0.5	nontarget	29	10942
36.473333333333336	0.5	C	4	10942
36.61	0.5	nontarget	29	10983
36.61	0.5	G	8	10983
36.74666666666667	0.5	nontarget	29	11024
36.74666666666667	0.5	O	16	11024
36.88333333333333	0.5	nontarget	29	11065
36.88333333333333	0.5	Y	26	11065
37.02	0.5	nontarget	29	11106
37.02	0.5	D	5	11106
37.153333333333336	0.5	target	30	11146
37.153333333333336	0.5	W	24	11146
37.29333333333334	0.5	nontarget	29	11188
37.29333333333334	0.5	R	19	11188
37.5	0.5	nontarget	29	11250
37.5	0.5	U	22	11250
37.63666666666666	0.5	nontarget	29	11291
37.63666666666666	0.5	_	28	11291
37.77333333333333	0.5	nontarget	29	11332
37.77333333333333	0.5	<	1	11332
37.91	0.5	nontarget	29	11373
37.91	0.5	I	10	11373
38.04666666666667	0.5	nontarget	29	11414
38.04666666666667	0.5	F	7	11414
38.18333333333333	0.5	nontarget	29	11455
38.18333333333333	0.5	H	9	11455
38.32	0.5	nontarget	29	11496
38.32	0.5	Q	18	11496
38.45666666666666	0.5	nontarget	29	11537
38.45666666666666	0.5	M	14	11537
38.593333333333334	0.5	nontarget	29	11578
38.593333333333334	0.5	N	15	11578
38.73	0.5	nontarget	29	11619
38.73	0.5	V	23	11619
38.86666666666667	0.5	nontarget	29	11660
38.86666666666667	0.5	K	12	11660
39.0	0.5	nontarget	29	11700
39.0	0.5	J	11	11700
39.14	0.5	nontarget	29	11742
39.14	0.5	A	2	11742
39.276666666666664	0.5	nontarget	29	11783
39.276666666666664	0.5	X	25	11783
39.413333333333334	0.5	nontarget	29	11824
39.413333333333334	0.5	T	21	11824
39.55	0.5	nontarget	29	11865
39.55	0.5	L	13	11865
39.68666666666667	0.5	nontarget	29	11906
39.68666666666667	0.5	E	6	11906
39.82333333333333	0.5	nontarget	29	11947
39.82333333333333	0.5	P	17	11947
39.96	0.5	nontarget	29	11988
39.96	0.5	S	20	11988
40.096666666666664	0.5	nontarget	29	12029
40.096666666666664	0.5	B	3	12029
40.23	0.5	nontarget	29	12069
40.23	0.5	Z	27	12069
45.026666666666664	0.5	nontarget	29	13508
45.026666666666664	0.5	R	19	13508
45.163333333333334	0.5	nontarget	29	13549
45.163333333333334	0.5	J	11	13549
45.3	0.5	nontarget	29	13590
45.3	0.5	X	25	13590
45.43666666666667	0.5	nontarget	29	13631
45.43666666666667	0.5	Q	18	13631
45.57333333333333	0.5	nontarget	29	13672
45.57333333333333	0.5	K	12	13672
45.71	0.5	nontarget	29	13713
45.71	0.5	P	17	13713
45.846666666666664	0.5	nontarget	29	13754
45.846666666666664	0.5	A	2	13754
45.983333333333334	0.5	nontarget	29	13795
45.983333333333334	0.5	G	8	13795
46.12	0.5	nontarget	29	13836
46.12	0.5	F	7	13836
46.25666666666667	0.5	target	30	13877
46.25666666666667	0.5	W	24	13877
46.39333333333333	0.5	nontarget	29	13918
46.39333333333333	0.5	M	14	13918
46.526666666666664	0.5	nontarget	29	13958
46.526666666666664	0.5	H	9	13958
46.663333333333334	0.5	nontarget	29	13999
46.663333333333334	0.5	Y	26	13999
46.8	0.5	nontarget	29	14040
46.8	0.5	L	13	14040
46.93333333333333	0.5	nontarget	29	14080
46.93333333333333	0.5	<	1	14080
47.07	0.5	nontarget	29	14121
47.07	0.5	C	4	14121
47.20666666666666	0.5	nontarget	29	14162
47.20666666666666	0.5	Z	27	14162
47.34	0.5	nontarget	29	14202
47.34	0.5	O	16	14202
47.48	0.5	nontarget	29	14244
47.48	0.5	D	5	14244
47.61333333333334	0.5	nontarget	29	14284
47.61333333333334	0.5	I	10	14284
47.75	0.5	nontarget	29	14325
47.75	0.5	V	23	14325
47.88666666666666	0.5	nontarget	29	14366
47.88666666666666	0.5	S	20	14366
48.026666666666664	0.5	nontarget	29	14408
48.026666666666664	0.5	E	6	14408
48.163333333333334	0.5	nontarget	29	14449
48.163333333333334	0.5	_	28	14449
48.3	0.5	nontarget	29	14490
48.3	0.5	N	15	14490
48.43333333333333	0.5	nontarget	29	14530
48.43333333333333	0.5	T	21	14530
48.57	0.5	nontarget	29	14571
48.57	0.5	U	22	14571
48.70666666666666	0.5	nontarget	29	14612
48.70666666666666	0.5	B	3	14612
53.50333333333333	0.5	nontarget	29	16051
53.50333333333333	0.5	U	22	16051
53.64	0.5	nontarget	29	16092
53.64	0.5	B	3	16092
53.77333333333333	0.5	nontarget	29	16132
53.77333333333333	0.5	H	9	16132
53.913333333333334	0.5	nontarget	29	16174
53.913333333333334	0.5	T	21	16174
54.05	0.5	nontarget	29	16215
54.05	0.5	R	19	16215
54.18666666666667	0.5	nontarget	29	16256
54.18666666666667	0.5	Q	18	16256
54.32333333333333	0.5	nontarget	29	16297
54.32333333333333	0.5	C	4	16297
54.46	0.5	nontarget	29	16338
54.46	0.5	L	13	16338
54.593333333333334	0.5	nontarget	29	16378
54.593333333333334	0.5	E	6	16378
54.733333333333334	0.5	nontarget	29	16420
54.733333333333334	0.5	I	10	16420
54.86666666666667	0.5	nontarget	29	16460
54.86666666666667	0.5	X	25	16460
55.00333333333333	0.5	nontarget	29	16501
55.00333333333333	0.5	M	14	16501
55.13666666666666	0.5	nontarget	29	16541
55.13666666666666	0.5	V	23	16541
55.27333333333333	0.5	nontarget	29	16582
55.27333333333333	0.5	F	7	16582
55.41	0.5	nontarget	29	16623
55.41	0.5	D	5	16623
55.54666666666667	0.5	nontarget	29	16664
55.54666666666667	0.5	O	16	16664
55.68333333333333	0.5	target	30	16705
55.68333333333333	0.5	W	24	16705
55.82	0.5	nontarget	29	16746
55.82	0.5	J	11	16746
55.95666666666666	0.5	nontarget	29	16787
55.95666666666666	0.5	Y	26	16787
56.096666666666664	0.5	nontarget	29	16829
56.096666666666664	0.5	G	8	16829
56.233333333333334	0.5	nontarget	29	16870
56.233333333333334	0.5	N	15	16870
56.37	0.5	nontarget	29	16911
56.37	0.5	P	17	16911
56.50333333333333	0.5	nontarget	29	16951
56.50333333333333	0.5	<	1	16951
56.64	0.5	nontarget	29	16992
56.64	0.5	Z	27	16992
56.77333333333333	0.5	nontarget	29	17032
56.77333333333333	0.5	_	28	17032
56.91	0.5	nontarget	29	17073
56.91	0.5	K	12	17073
57.04666666666667	0.5	nontarget	29	17114
57.04666666666667	0.5	S	20	17114
57.18333333333333	0.5	nontarget	29	17155
57.18333333333333	0.5	A	2	17155
61.98	0.5	nontarget	29	18594
61.98	0.5	B	3	18594
62.11666666666667	0.5	nontarget	29	18635
62.11666666666667	0.5	C	4	18635
62.25333333333333	0.5	nontarget	29	18676
62.25333333333333	0.5	P	17	18676
62.39	0.5	nontarget	29	18717
62.39	0.5	F	7	18717
62.526666666666664	0.5	nontarget	29	18758
62.526666666666664	0.5	S	20	18758
62.666666666666664	0.5	target	30	18800
62.666666666666664	0.5	W	24	18800
62.8	0.5	nontarget	29	18840
62.8	0.5	O	16	18840
62.93666666666667	0.5	nontarget	29	18881
62.93666666666667	0.5	R	19	18881
63.07333333333333	0.5	nontarget	29	18922
63.07333333333333	0.5	M	14	18922
63.21	0.5	nontarget	29	18963
63.21	0.5	E	6	18963
63.346666666666664	0.5	nontarget	29	19004
63.346666666666664	0.5	V	23	19004
63.483333333333334	0.5	nontarget	29	19045
63.483333333333334	0.5	A	2	19045
63.61666666666667	0.5	nontarget	29	19085
63.61666666666667	0.5	G	8	19085
63.75666666666667	0.5	nontarget	29	19127
63.75666666666667	0.5	<	1	19127
63.89	0.5	nontarget	29	19167
63.89	0.5	Z	27	19167
64.03	0.5	nontarget	29	19209
64.03	0.5	Q	18	19209
64.16666666666667	0.5	nontarget	29	19250
64.16666666666667	0.5	K	12	19250
64.30333333333333	0.5	nontarget	29	19291
64.30333333333333	0.5	J	11	19291
64.43666666666667	0.5	nontarget	29	19331
64.43666666666667	0.5	D	5	19331
64.57333333333334	0.5	nontarget	29	19372
64.57333333333334	0.5	L	13	19372
64.71	0.5	nontarget	29	19413
64.71	0.5	_	28	19413
64.84666666666666	0.5	nontarget	29	19454
64.84666666666666	0.5	Y	26	19454
64.98333333333333	0.5	nontarget	29	19495
64.98333333333333	0.5	U	22	19495
65.11666666666666	0.5	nontarget	29	19535
65.11666666666666	0.5	H	9	19535
65.25333333333333	0.5	nontarget	29	19576
65.25333333333333	0.5	T	21	19576
65.39	0.5	nontarget	29	19617
65.39	0.5	N	15	19617
65.52666666666667	0.5	nontarget	29	19658
65.52666666666667	0.5	X	25	19658
65.66333333333333	0.5	nontarget	29	19699
65.66333333333333	0.5	I	10	19699
70.46333333333334	0.5	nontarget	29	21139
70.46333333333334	0.5	Y	26	21139
70.6	0.5	nontarget	29	21180
70.6	0.5	K	12	21180
70.73666666666666	0.5	nontarget	29	21221
70.73666666666666	0.5	E	6	21221
70.87666666666667	0.5	nontarget	29	21263
70.87666666666667	0.5	Z	27	21263
71.01	0.5	nontarget	29	21303
71.01	0.5	H	9	21303
71.14666666666666	0.5	nontarget	29	21344
71.14666666666666	0.5	C	4	21344
71.28333333333333	0.5	nontarget	29	21385
71.28333333333333	0.5	S	20	21385
71.42	0.5	nontarget	29	21426
71.42	0.5	A	2	21426
71.55333333333333	0.5	nontarget	29	21466
71.55333333333333	0.5	O	16	21466
71.69333333333333	0.5	nontarget	29	21508
71.69333333333333	0.5	M	14	21508
71.83	0.5	nontarget	29	21549
71.83	0.5	J	11	21549
71.96666666666667	0.5	nontarget	29	21590
71.96666666666667	0.5	V	23	21590
72.10333333333334	0.5	target	30	21631
72.10333333333334	0.5	W	24	21631
72.23666666666666	0.5	nontarget	29	21671
72.23666666666666	0.5	Q	18	21671
72.37333333333333	0.5	nontarget	29	21712
72.37333333333333	0.5	G	8	21712
72.51	0.5	nontarget	29	21753
72.51	0.5	B	3	21753
72.64666666666666	0.5	nontarget	29	21794
72.64666666666666	0.5	P	17	21794
72.78333333333333	0.5	nontarget	29	21835
72.78333333333333	0.5	X	25	21835
72.91666666666667	0.5	nontarget	29	21875
72.91666666666667	0.5	<	1	21875
73.05333333333333	0.5	nontarget	29	21916
73.05333333333333	0.5	D	5	21916
73.19333333333333	0.5	nontarget	29	21958
73.19333333333333	0.5	L	13	21958
73.33	0.5	nontarget	29	21999
73.33	0.5	U	22	21999
73.46666666666667	0.5	nontarget	29	22040
73.46666666666667	0.5	I	10	22040
73.60333333333334	0.5	nontarget	29	22081
73.60333333333334	0.5	R	19	22081
73.74	0.5	nontarget	29	22122
73.74	0.5	N	15	22122
73.87333333333333	0.5	nontarget	29	22162
73.87333333333333	0.5	F	7	22162
74.01	0.5	nontarget	29	22203
74.01	0.5	T	21	22203
74.14666666666666	0.5	nontarget	29	22244
74.14666666666666	0.5	_	28	22244
78.94666666666667	0.5	nontarget	29	23684
78.94666666666667	0.5	I	10	23684
79.08333333333333	0.5	nontarget	29	23725
79.08333333333333	0.5	L	13	23725
79.21666666666667	0.5	nontarget	29	23765
79.21666666666667	0.5	O	16	23765
79.35333333333334	0.5	nontarget	29	23806
79.35333333333334	0.5	J	11	23806
79.49	0.5	nontarget	29	23847
79.49	0.5	P	17	23847
79.62333333333333	0.5	nontarget	29	23887
79.62333333333333	0.5	_	28	23887
79.76	0.5	nontarget	29	23928
79.76	0.5	X	25	23928
79.89666666666666	0.5	nontarget	29	23969
79.89666666666666	0.5	A	2	23969
80.03333333333333	0.5	nontarget	29	24010
80.03333333333333	0.5	Y	26	24010
80.17	0.5	nontarget	29	24051
80.17	0.5	<	1	24051
80.30666666666667	0.5	nontarget	29	24092
80.30666666666667	0.5	N	15	24092
80.44333333333333	0.5	nontarget	29	24133
80.44333333333333	0.5	G	8	24133
80.58	0.5	nontarget	29	24174
80.58	0.5	V	23	24174
80.71666666666667	0.5	nontarget	29	24215
80.71666666666667	0.5	F	7	24215
80.85333333333334	0.5	nontarget	29	24256
80.85333333333334	0.5	D	5	24256
80.99	0.5	nontarget	29	24297
80.99	0.5	R	19	24297
81.12666666666667	0.5	nontarget	29	24338
81.12666666666667	0.5	U	22	24338
81.26333333333334	0.5	nontarget	29	24379
81.26333333333334	0.5	H	9	24379
81.40333333333334	0.5	nontarget	29	24421
81.40333333333334	0.5	B	3	24421
81.53666666666666	0.5	nontarget	29	24461
81.53666666666666	0.5	T	21	24461
81.67333333333333	0.5	nontarget	29	24502
81.67333333333333	0.5	M	14	24502
81.81	0.5	nontarget	29	24543
81.81	0.5	E	6	24543
81.95	0.5	nontarget	29	24585
81.95	0.5	S	20	24585
82.08666666666667	0.5	nontarget	29	24626
82.08666666666667	0.5	C	4	24626
82.22333333333333	0.5	nontarget	29	24667
82.22333333333333	0.5	Z	27	24667
82.36	0.5	nontarget	29	24708
82.36	0.5	K	12	24708
82.5	0.5	target	30	24750
82.5	0.5	W	24	24750
82.63333333333334	0.5	nontarget	29	24790
82.63333333333334	0.5	Q	18	24790
89.44333333333333	0.5	nontarget	29	26833
89.44333333333333	0.5	L	13	26833
89.58	0.5	nontarget	29	26874
89.58	0.5	U	22	26874
89.71333333333334	0.5	nontarget	29	26914
89.71333333333334	0.5	P	17	26914
89.85	0.5	nontarget	29	26955
89.85	0.5	V	23	26955
89.99	0.5	nontarget	29	26997
89.99	0.5	G	8	26997
90.12666666666667	0.5	nontarget	29	27038
90.12666666666667	0.5	I	10	27038
90.26333333333334	0.5	nontarget	29	27079
90.26333333333334	0.5	W	24	27079
90.4	0.5	nontarget	29	27120
90.4	0.5	J	11	27120
90.53666666666666	0.5	nontarget	29	27161
90.53666666666666	0.5	Y	26	27161
90.67333333333333	0.5	target	30	27202
90.67333333333333	0.5	<	1	27202
90.80666666666667	0.5	nontarget	29	27242
90.80666666666667	0.5	F	7	27242
90.94333333333333	0.5	nontarget	29	27283
90.94333333333333	0.5	Q	18	27283
91.08	0.5	nontarget	29	27324
91.08	0.5	K	12	27324
91.21666666666667	0.5	nontarget	29	27365
91.21666666666667	0.5	H	9	27365
91.35	0.5	nontarget	29	27405
91.35	0.5	T	21	27405
91.48666666666666	0.5	nontarget	29	27446
91.48666666666666	0.5	R	19	27446
91.62333333333333	0.5	nontarget	29	27487
91.62333333333333	0.5	M	14	27487
91.76	0.5	nontarget	29	27528
91.76	0.5	_	28	27528
91.89666666666666	0.5	nontarget	29	27569
91.89666666666666	0.5	N	15	27569
92.03333333333333	0.5	nontarget	29	27610
92.03333333333333	0.5	E	6	27610
92.16666666666667	0.5	nontarget	29	27650
92.16666666666667	0.5	D	5	27650
92.30666666666667	0.5	nontarget	29	27692
92.30666666666667	0.5	A	2	27692
92.44	0.5	nontarget	29	27732
92.44	0.5	Z	27	27732
92.57666666666667	0.5	nontarget	29	27773
92.57666666666667	0.5	O	16	27773
92.71333333333334	0.5	nontarget	29	27814
92.71333333333334	0.5	C	4	27814
92.85	0.5	nontarget	29	27855
92.85	0.5	S	20	27855
92.98666666666666	0.5	nontarget	29	27896
92.98666666666666	0.5	B	3	27896
93.12333333333333	0.5	nontarget	29	27937
93.12333333333333	0.5	X	25	27937
97.92333333333333	0.5	nontarget	29	29377
97.92333333333333	0.5	X	25	29377
98.05666666666667	0.5	nontarget	29	29417
98.05666666666667	0.5	V	23	29417
98.19666666666667	0.5	nontarget	29	29459
98.19666666666667	0.5	S	20	29459
98.33333333333333	0.5	nontarget	29	29500
98.33333333333333	0.5	Y	26	29500
98.46666666666667	0.5	nontarget	29	29540
98.46666666666667	0.5	W	24	29540
98.60333333333334	0.5	nontarget	29	29581
98.60333333333334	0.5	_	28	29581
98.74	0.5	nontarget	29	29622
98.74	0.5	A	2	29622
98.87666666666667	0.5	nontarget	29	29663
98.87666666666667	0.5	M	14	29663
99.01333333333334	0.5	nontarget	29	29704
99.01333333333334	0.5	Q	18	29704
99.15	0.5	nontarget	29	29745
99.15	0.5	E	6	29745
99.28666666666666	0.5	nontarget	29	29786
99.28666666666666	0.5	T	21	29786
99.42333333333333	0.5	nontarget	29	29827
99.42333333333333	0.5	L	13	29827
99.56	0.5	nontarget	29	29868
99.56	0.5	I	10	29868
99.69333333333333	0.5	nontarget	29	29908
99.69333333333333	0.5	U	22	29908
99.83	0.5	nontarget	29	29949
99.83	0.5	N	15	29949
99.97	0.5	nontarget	29	29991
99.97	0.5	D	5	29991
100.10666666666667	0.5	nontarget	29	30032
100.10666666666667	0.5	C	4	30032
100.24333333333334	0.5	nontarget	29	30073
100.24333333333334	0.5	O	16	30073
100.38	0.5	nontarget	29	30114
100.38	0.5	F	7	30114
100.51666666666667	0.5	nontarget	29	30155
100.51666666666667	0.5	K	12	30155
100.65333333333334	0.5	nontarget	29	30196
100.65333333333334	0.5	B	3	30196
100.78666666666666	0.5	nontarget	29	30236
100.78666666666666	0.5	Z	27	30236
100.92333333333333	0.5	target	30	30277
100.92333333333333	0.5	<	1	30277
101.06	0.5	nontarget	29	30318
101.06	0.5	J	11	30318
101.19666666666667	0.5	nontarget	29	30359
101.19666666666667	0.5	R	19	30359
101.33333333333333	0.5	nontarget	29	30400
101.33333333333333	0.5	P	17	30400
101.47	0.5	nontarget	29	30441
101.47	0.5	G	8	30441
101.60666666666667	0.5	nontarget	29	30482
101.60666666666667	0.5	H	9	30482
106.41	0.5	nontarget	29	31923
106.41	0.5	C	4	31923
106.54666666666667	0.5	nontarget	29	31964
106.54666666666667	0.5	J	11	31964
106.68333333333334	0.5	nontarget	29	32005
106.68333333333334	0.5	S	20	32005
106.82	0.5	nontarget	29	32046
106.82	0.5	O	16	32046
106.95666666666666	0.5	nontarget	29	32087
106.95666666666666	0.5	G	8	32087
107.09333333333333	0.5	nontarget	29	32128
107.09333333333333	0.5	Q	18	32128
107.23	0.5	nontarget	29	32169
107.23	0.5	D	5	32169
107.36666666666666	0.5	nontarget	29	32210
107.36666666666666	0.5	K	12	32210
107.50333333333333	0.5	nontarget	29	32251
107.50333333333333	0.5	U	22	32251
107.64	0.5	nontarget	29	32292
107.64	0.5	I	10	32292
107.78	0.5	nontarget	29	32334
107.78	0.5	_	28	32334
107.91333333333333	0.5	nontarget	29	32374
107.91333333333333	0.5	L	13	32374
108.05	0.5	nontarget	29	32415
108.05	0.5	A	2	32415
108.18666666666667	0.5	nontarget	29	32456
108.18666666666667	0.5	T	21	32456
108.32333333333334	0.5	nontarget	29	32497
108.32333333333334	0.5	B	3	32497
108.46333333333334	0.5	nontarget	29	32539
108.46333333333334	0.5	M	14	32539
108.59666666666666	0.5	nontarget	29	32579
108.59666666666666	0.5	W	24	32579
108.80333333333333	0.5	nontarget	29	32641
108.80333333333333	0.5	Z	27	32641
108.94	0.5	nontarget	29	32682
108.94	0.5	E	6	32682
109.07666666666667	0.5	nontarget	29	32723
109.07666666666667	0.5	X	25	32723
109.21333333333334	0.5	nontarget	29	32764
109.21333333333334	0.5	R	19	32764
109.35	0.5	nontarget	29	32805
109.35	0.5	N	15	32805
109.48666666666666	0.5	nontarget	29	32846
109.48666666666666	0.5	Y	26	32846
109.62	0.5	nontarget	29	32886
109.62	0.5	V	23	32886
109.75666666666666	0.5	nontarget	29	32927
109.75666666666666	0.5	P	17	32927
109.89333333333333	0.5	target	30	32968
109.89333333333333	0.5	<	1	32968
110.03	0.5	nontarget	29	33009
110.03	0.5	F	7	33009
110.16666666666667	0.5	nontarget	29	33050
110.16666666666667	0.5	H	9	33050
114.97	0.5	nontarget	29	34491
114.97	0.5	V	23	34491
115.10666666666667	0.5	nontarget	29	34532
115.10666666666667	0.5	_	28	34532
115.24333333333334	0.5	nontarget	29	34573
115.24333333333334	0.5	F	7	34573
115.38	0.5	nontarget	29	34614
115.38	0.5	J	11	34614
115.51666666666667	0.5	nontarget	29	34655
115.51666666666667	0.5	N	15	34655
115.65	0.5	nontarget	29	34695
115.65	0.5	P	17	34695
115.78666666666666	0.5	nontarget	29	34736
115.78666666666666	0.5	H	9	34736
115.92666666666666	0.5	nontarget	29	34778
115.92666666666666	0.5	S	20	34778
116.06333333333333	0.5	nontarget	29	34819
116.06333333333333	0.5	G	8	34819
116.2	0.5	nontarget	29	34860
116.2	0.5	E	6	34860
116.33666666666667	0.5	nontarget	29	34901
116.33666666666667	0.5	Y	26	34901
116.47333333333333	0.5	nontarget	29	34942
116.47333333333333	0.5	U	22	34942
116.61	0.5	nontarget	29	34983
116.61	0.5	X	25	34983
116.74666666666667	0.5	nontarget	29	35024
116.74666666666667	0.5	T	21	35024
116.88666666666667	0.5	nontarget	29	35066
116.88666666666667	0.5	W	24	35066
117.02	0.5	nontarget	29	35106
117.02	0.5	Z	27	35106
117.15666666666667	0.5	nontarget	29	35147
117.15666666666667	0.5	D	5	35147
117.29666666666667	0.5	nontarget	29	35189
117.29666666666667	0.5	O	16	35189
117.43333333333334	0.5	nontarget	29	35230
117.43333333333334	0.5	A	2	35230
117.57	0.5	nontarget	29	35271
117.57	0.5	L	13	35271
117.70666666666666	0.5	nontarget	29	35312
117.70666666666666	0.5	Q	18	35312
117.84333333333333	0.5	nontarget	29	35353
117.84333333333333	0.5	R	19	35353
117.98	0.5	nontarget	29	35394
117.98	0.5	M	14	35394
118.11666666666666	0.5	nontarget	29	35435
118.11666666666666	0.5	I	10	35435
118.25666666666666	0.5	nontarget	29	35477
118.25666666666666	0.5	B	3	35477
118.39333333333333	0.5	nontarget	29	35518
118.39333333333333	0.5	K	12	35518
118.53	0.5	target	30	35559
118.53	0.5	<	1	35559
118.66666666666667	0.5	nontarget	29	35600
118.66666666666667	0.5	C	4	35600
123.46666666666667	0.5	nontarget	29	37040
123.46666666666667	0.5	W	24	37040
123.60333333333334	0.5	nontarget	29	37081
123.60333333333334	0.5	X	25	37081
123.74333333333334	0.5	nontarget	29	37123
123.74333333333334	0.5	V	23	37123
123.88	0.5	nontarget	29	37164
123.88	0.5	E	6	37164
124.01666666666667	0.5	nontarget	29	37205
124.01666666666667	0.5	Z	27	37205
124.15666666666667	0.5	nontarget	29	37247
124.15666666666667	0.5	F	7	37247
124.29333333333334	0.5	nontarget	29	37288
124.29333333333334	0.5	B	3	37288
124.43	0.5	nontarget	29	37329
124.43	0.5	N	15	37329
124.56666666666666	0.5	nontarget	29	37370
124.56666666666666	0.5	S	20	37370
124.70333333333333	0.5	nontarget	29	37411
124.70333333333333	0.5	U	22	37411
124.84	0.5	nontarget	29	37452
124.84	0.5	L	13	37452
124.97666666666667	0.5	nontarget	29	37493
124.97666666666667	0.5	P	17	37493
125.11333333333333	0.5	nontarget	29	37534
125.11333333333333	0.5	I	10	37534
125.25	0.5	nontarget	29	37575
125.25	0.5	A	2	37575
125.38666666666667	0.5	nontarget	29	37616
125.38666666666667	0.5	H	9	37616
125.52333333333333	0.5	nontarget	29	37657
125.52333333333333	0.5	D	5	37657
125.66	0.5	nontarget	29	37698
125.66	0.5	O	16	37698
125.79666666666667	0.5	nontarget	29	37739
125.79666666666667	0.5	_	28	37739
125.93333333333334	0.5	nontarget	29	37780
125.93333333333334	0.5	C	4	37780
126.07	0.5	nontarget	29	37821
126.07	0.5	G	8	37821
126.20666666666666	0.5	nontarget	29	37862
126.20666666666666	0.5	Y	26	37862
126.34333333333333	0.5	nontarget	29	37903
126.34333333333333	0.5	T	21	37903
126.48	0.5	nontarget	29	37944
126.48	0.5	Q	18	37944
126.61666666666666	0.5	nontarget	29	37985
126.61666666666666	0.5	J	11	37985
126.75333333333333	0.5	nontarget	29	38026
126.75333333333333	0.5	R	19	38026
126.89	0.5	nontarget	29	38067
126.89	0.5	M	14	38067
127.02666666666667	0.5	target	30	38108
127.02666666666667	0.5	<	1	38108
127.16333333333333	0.5	nontarget	29	38149
127.16333333333333	0.5	K	12	38149
131.96333333333334	0.5	nontarget	29	39589
131.96333333333334	0.5	C	4	39589
132.1	0.5	nontarget	29	39630
132.1	0.5	B	3	39630
132.23666666666668	0.5	nontarget	29	39671
132.23666666666668	0.5	M	14	39671
132.37333333333333	0.5	nontarget	29	39712
132.37333333333333	0.5	G	8	39712
132.51	0.5	nontarget	29	39753
132.51	0.5	P	17	39753
132.64333333333335	0.5	nontarget	29	39793
132.64333333333335	0.5	Y	26	39793
132.78	0.5	nontarget	29	39834
132.78	0.5	X	25	39834
132.91666666666666	0.5	nontarget	29	39875
132.91666666666666	0.5	F	7	39875
133.05666666666667	0.5	nontarget	29	39917
133.05666666666667	0.5	A	2	39917
133.19333333333333	0.5	nontarget	29	39958
133.19333333333333	0.5	V	23	39958
133.33	0.5	nontarget	29	39999
133.33	0.5	W	24	39999
133.46666666666667	0.5	nontarget	29	40040
133.46666666666667	0.5	T	21	40040
133.60333333333332	0.5	nontarget	29	40081
133.60333333333332	0.5	Q	18	40081
133.74	0.5	nontarget	29	40122
133.74	0.5	S	20	40122
133.87666666666667	0.5	target	30	40163
133.87666666666667	0.5	<	1	40163
134.01333333333332	0.5	nontarget	29	40204
134.01333333333332	0.5	L	13	40204
134.15333333333334	0.5	nontarget	29	40246
134.15333333333334	0.5	E	6	40246
134.29	0.5	nontarget	29	40287
134.29	0.5	R	19	40287
134.42666666666668	0.5	nontarget	29	40328
134.42666666666668	0.5	O	16	40328
134.56333333333333	0.5	nontarget	29	40369
134.56333333333333	0.5	_	28	40369
134.7	0.5	nontarget	29	40410
134.7	0.5	N	15	40410
134.83666666666667	0.5	nontarget	29	40451
134.83666666666667	0.5	Z	27	40451
134.97333333333333	0.5	nontarget	29	40492
134.97333333333333	0.5	D	5	40492
135.10666666666665	0.5	nontarget	29	40532
135.10666666666665	0.5	J	11	40532
135.24333333333334	0.5	nontarget	29	40573
135.24333333333334	0.5	H	9	40573
135.38333333333333	0.5	nontarget	29	40615
135.38333333333333	0.5	K	12	40615
135.52	0.5	nontarget	29	40656
135.52	0.5	I	10	40656
135.65666666666667	0.5	nontarget	29	40697
135.65666666666667	0.5	U	22	40697
140.46	0.5	nontarget	29	42138
140.46	0.5	H	9	42138
140.59666666666666	0.5	nontarget	29	42179
140.59666666666666	0.5	S	20	42179
140.73666666666668	0.5	nontarget	29	42221
140.73666666666668	0.5	Q	18	42221
140.87333333333333	0.5	nontarget	29	42262
140.87333333333333	0.5	O	16	42262
141.01	0.5	nontarget	29	42303
141.01	0.5	M	14	42303
141.14333333333335	0.5	nontarget	29	42343
141.14333333333335	0.5	W	24	42343
141.28	0.5	nontarget	29	42384
141.28	0.5	T	21	42384
141.41666666666666	0.5	nontarget	29	42425
141.41666666666666	0.5	Z	27	42425
141.55	0.5	nontarget	29	42465
141.55	0.5	_	28	42465
141.68666666666667	0.5	nontarget	29	42506
141.68666666666667	0.5	G	8	42506
141.82333333333332	0.5	nontarget	29	42547
141.82333333333332	0.5	K	12	42547
141.96	0.5	nontarget	29	42588
141.96	0.5	I	10	42588
142.09666666666666	0.5	nontarget	29	42629
142.09666666666666	0.5	R	19	42629
142.23333333333332	0.5	nontarget	29	42670
142.23333333333332	0.5	V	23	42670
142.37	0.5	nontarget	29	42711
142.37	0.5	J	11	42711
142.50666666666666	0.5	nontarget	29	42752
142.50666666666666	0.5	N	15	42752
142.64333333333335	0.5	nontarget	29	42793
142.64333333333335	0.5	P	17	42793
142.78	0.5	nontarget	29	42834
142.78	0.5	E	6	42834
142.91666666666666	0.5	nontarget	29	42875
142.91666666666666	0.5	D	5	42875
143.05333333333334	0.5	target	30	42916
143.05333333333334	0.5	<	1	42916
143.19	0.5	nontarget	29	42957
143.19	0.5	Y	26	42957
143.32666666666665	0.5	nontarget	29	42998
143.32666666666665	0.5	U	22	42998
143.46333333333334	0.5	nontarget	29	43039
143.46333333333334	0.5	A	2	43039
143.6	0.5	nontarget	29	43080
143.6	0.5	F	7	43080
143.73666666666668	0.5	nontarget	29	43121
143.73666666666668	0.5	C	4	43121
143.87333333333333	0.5	nontarget	29	43162
143.87333333333333	0.5	B	3	43162
144.01	0.5	nontarget	29	43203
144.01	0.5	X	25	43203
144.14666666666668	0.5	nontarget	29	43244
144.14666666666668	0.5	L	13	43244
148.96666666666667	0.5	nontarget	29	44690
148.96666666666667	0.5	A	2	44690
149.10333333333332	0.5	nontarget	29	44731
149.10333333333332	0.5	X	25	44731
149.23666666666668	0.5	nontarget	29	44771
149.23666666666668	0.5	V	23	44771
149.37333333333333	0.5	nontarget	29	44812
149.37333333333333	0.5	L	13	44812
149.51	0.5	nontarget	29	44853
149.51	0.5	H	9	44853
149.64666666666668	0.5	nontarget	29	44894
149.64666666666668	0.5	J	11	44894
149.78666666666666	0.5	nontarget	29	44936
149.78666666666666	0.5	O	16	44936
149.92333333333335	0.5	nontarget	29	44977
149.92333333333335	0.5	M	14	44977
150.06	0.5	nontarget	29	45018
150.06	0.5	Q	18	45018
150.19666666666666	0.5	nontarget	29	45059
150.19666666666666	0.5	_	28	45059
150.33333333333334	0.5	nontarget	29	45100
150.33333333333334	0.5	U	22	45100
150.47	0.5	nontarget	29	45141
150.47	0.5	D	5	45141
150.60666666666665	0.5	nontarget	29	45182
150.60666666666665	0.5	T	21	45182
150.74333333333334	0.5	nontarget	29	45223
150.74333333333334	0.5	W	24	45223
150.88	0.5	nontarget	29	45264
150.88	0.5	K	12	45264
151.01666666666668	0.5	nontarget	29	45305
151.01666666666668	0.5	N	15	45305
151.15333333333334	0.5	nontarget	29	45346
151.15333333333334	0.5	Z	27	45346
151.29333333333332	0.5	nontarget	29	45388
151.29333333333332	0.5	E	6	45388
151.43	0.5	nontarget	29	45429
151.43	0.5	B	3	45429
151.58	0.5	nontarget	29	45474
151.58	0.5	F	7	45474
151.72	0.5	nontarget	29	45516
151.72	0.5	I	10	45516
151.85666666666665	0.5	target	30	45557
151.85666666666665	0.5	<	1	45557
151.99333333333334	0.5	nontarget	29	45598
151.99333333333334	0.5	G	8	45598
152.12666666666667	0.5	nontarget	29	45638
152.12666666666667	0.5	S	20	45638
152.26333333333332	0.5	nontarget	29	45679
152.26333333333332	0.5	C	4	45679
152.40333333333334	0.5	nontarget	29	45721
152.40333333333334	0.5	Y	26	45721
152.53666666666666	0.5	nontarget	29	45761
152.53666666666666	0.5	P	17	45761
152.67333333333335	0.5	nontarget	29	45802
152.67333333333335	0.5	R	19	45802
159.48666666666668	0.5	nontarget	29	47846
159.48666666666668	0.5	Y	26	47846
159.62333333333333	0.5	nontarget	29	47887
159.62333333333333	0.5	L	13	47887
159.76	0.5	nontarget	29	47928
159.76	0.5	F	7	47928
159.89666666666668	0.5	nontarget	29	47969
159.89666666666668	0.5	C	4	47969
160.03666666666666	0.5	nontarget	29	48011
160.03666666666666	0.5	Z	27	48011
160.17	0.5	nontarget	29	48051
160.17	0.5	H	9	48051
160.31	0.5	nontarget	29	48093
160.31	0.5	A	2	48093
160.44333333333333	0.5	nontarget	29	48133
160.44333333333333	0.5	R	19	48133
160.58	0.5	nontarget	29	48174
160.58	0.5	E	6	48174
160.71666666666667	0.5	nontarget	29	48215
160.71666666666667	0.5	V	23	48215
160.85333333333332	0.5	nontarget	29	48256
160.85333333333332	0.5	<	1	48256
160.99	0.5	nontarget	29	48297
160.99	0.5	O	16	48297
161.12666666666667	0.5	target	30	48338
161.12666666666667	0.5	W	24	48338
161.26333333333332	0.5	nontarget	29	48379
161.26333333333332	0.5	G	8	48379
161.4	0.5	nontarget	29	48420
161.4	0.5	I	10	48420
161.53666666666666	0.5	nontarget	29	48461
161.53666666666666	0.5	S	20	48461
161.67	0.5	nontarget	29	48501
161.67	0.5	X	25	48501
161.80666666666667	0.5	nontarget	29	48542
161.80666666666667	0.5	T	21	48542
161.94333333333333	0.5	nontarget	29	48583
161.94333333333333	0.5	P	17	48583
162.08	0.5	nontarget	29	48624
162.08	0.5	N	15	48624
162.21666666666667	0.5	nontarget	29	48665
162.21666666666667	0.5	M	14	48665
162.35333333333332	0.5	nontarget	29	48706
162.35333333333332	0.5	_	28	48706
162.49333333333334	0.5	nontarget	29	48748
162.49333333333334	0.5	J	11	48748
162.63	0.5	nontarget	29	48789
162.63	0.5	B	3	48789
162.76666666666668	0.5	nontarget	29	48830
162.76666666666668	0.5	U	22	48830
162.90333333333334	0.5	nontarget	29	48871
162.90333333333334	0.5	Q	18	48871
163.04	0.5	nontarget	29	48912
163.04	0.5	K	12	48912
163.17333333333335	0.5	nontarget	29	48952
163.17333333333335	0.5	D	5	48952
167.98	0.5	nontarget	29	50394
167.98	0.5	Y	26	50394
168.11666666666667	0.5	nontarget	29	50435
168.11666666666667	0.5	P	17	50435
168.25666666666666	0.5	nontarget	29	50477
168.25666666666666	0.5	E	6	50477
168.39333333333335	0.5	nontarget	29	50518
168.39333333333335	0.5	N	15	50518
168.53	0.5	nontarget	29	50559
168.53	0.5	K	12	50559
168.66666666666666	0.5	nontarget	29	50600
168.66666666666666	0.5	A	2	50600
168.80333333333334	0.5	target	30	50641
168.80333333333334	0.5	W	24	50641
168.94	0.5	nontarget	29	50682
168.94	0.5	G	8	50682
169.07666666666665	0.5	nontarget	29	50723
169.07666666666665	0.5	T	21	50723
169.21333333333334	0.5	nontarget	29	50764
169.21333333333334	0.5	O	16	50764
169.34666666666666	0.5	nontarget	29	50804
169.34666666666666	0.5	F	7	50804
169.48333333333332	0.5	nontarget	29	50845
169.48333333333332	0.5	I	10	50845
169.62	0.5	nontarget	29	50886
169.62	0.5	D	5	50886
169.75666666666666	0.5	nontarget	29	50927
169.75666666666666	0.5	H	9	50927
169.89	0.5	nontarget	29	50967
169.89	0.5	R	19	50967
170.03	0.5	nontarget	29	51009
170.03	0.5	Z	27	51009
170.16666666666666	0.5	nontarget	29	51050
170.16666666666666	0.5	L	13	51050
170.30333333333334	0.5	nontarget	29	51091
170.30333333333334	0.5	V	23	51091
170.44	0.5	nontarget	29	51132
170.44	0.5	B	3	51132
170.57666666666665	0.5	nontarget	29	51173
170.57666666666665	0.5	M	14	51173
170.71333333333334	0.5	nontarget	29	51214
170.71333333333334	0.5	<	1	51214
170.85	0.5	nontarget	29	51255
170.85	0.5	S	20	51255
170.98666666666668	0.5	nontarget	29	51296
170.98666666666668	0.5	_	28	51296
171.12333333333333	0.5	nontarget	29	51337
171.12333333333333	0.5	U	22	51337
171.26	0.5	nontarget	29	51378
171.26	0.5	J	11	51378
171.4	0.5	nontarget	29	51420
171.4	0.5	Q	18	51420
171.53666666666666	0.5	nontarget	29	51461
171.53666666666666	0.5	C	4	51461
171.67333333333335	0.5	nontarget	29	51502
171.67333333333335	0.5	X	25	51502
176.47666666666666	0.5	nontarget	29	52943
176.47666666666666	0.5	X	25	52943
176.61333333333334	0.5	nontarget	29	52984
176.61333333333334	0.5	K	12	52984
176.75	0.5	nontarget	29	53025
176.75	0.5	H	9	53025
176.88666666666666	0.5	nontarget	29	53066
176.88666666666666	0.5	N	15	53066
177.02333333333334	0.5	nontarget	29	53107
177.02333333333334	0.5	C	4	53107
177.15666666666667	0.5	nontarget	29	53147
177.15666666666667	0.5	R	19	53147
177.29333333333332	0.5	nontarget	29	53188
177.29333333333332	0.5	L	13	53188
177.43333333333334	0.5	nontarget	29	53230
177.43333333333334	0.5	A	2	53230
177.57	0.5	nontarget	29	53271
177.57	0.5	T	21	53271
177.70666666666668	0.5	nontarget	29	53312
177.70666666666668	0.5	<	1	53312
177.84	0.5	nontarget	29	53352
177.84	0.5	U	22	53352
177.98	0.5	target	30	53394
177.98	0.5	W	24	53394
178.11666666666667	0.5	nontarget	29	53435
178.11666666666667	0.5	S	20	53435
178.25333333333333	0.5	nontarget	29	53476
178.25333333333333	0.5	F	7	53476
178.39	0.5	nontarget	29	53517
178.39	0.5	D	5	53517
178.52666666666667	0.5	nontarget	29	53558
178.52666666666667	0.5	I	10	53558
178.66333333333333	0.5	nontarget	29	53599
178.66333333333333	0.5	P	17	53599
178.8	0.5	nontarget	29	53640
178.8	0.5	E	6	53640
178.93666666666667	0.5	nontarget	29	53681
178.93666666666667	0.5	G	8	53681
179.07333333333332	0.5	nontarget	29	53722
179.07333333333332	0.5	_	28	53722
179.20666666666668	0.5	nontarget	29	53762
179.20666666666668	0.5	J	11	53762
179.34333333333333	0.5	nontarget	29	53803
179.34333333333333	0.5	Q	18	53803
179.48	0.5	nontarget	29	53844
179.48	0.5	B	3	53844
179.61666666666667	0.5	nontarget	29	53885
179.61666666666667	0.5	M	14	53885
179.75333333333333	0.5	nontarget	29	53926
179.75333333333333	0.5	Y	26	53926
179.89	0.5	nontarget	29	53967
179.89	0.5	O	16	53967
180.09333333333333	0.5	nontarget	29	54028
180.09333333333333	0.5	V	23	54028
180.23	0.5	nontarget	29	54069
180.23	0.5	Z	27	54069
185.03333333333333	0.5	nontarget	29	55510
185.03333333333333	0.5	P	17	55510
185.17333333333335	0.5	nontarget	29	55552
185.17333333333335	0.5	C	4	55552
185.31	0.5	nontarget	29	55593
185.31	0.5	U	22	55593
185.44333333333333	0.5	nontarget	29	55633
185.44333333333333	0.5	G	8	55633
185.58	0.5	nontarget	29	55674
185.58	0.5	A	2	55674
185.71666666666667	0.5	nontarget	29	55715
185.71666666666667	0.5	E	6	55715
185.85333333333332	0.5	nontarget	29	55756
185.85333333333332	0.5	F	7	55756
185.99	0.5	nontarget	29	55797
185.99	0.5	M	14	55797
186.12333333333333	0.5	nontarget	29	55837
186.12333333333333	0.5	D	5	55837
186.26333333333332	0.5	target	30	55879
186.26333333333332	0.5	W	24	55879
186.4	0.5	nontarget	29	55920
186.4	0.5	S	20	55920
186.54	0.5	nontarget	29	55962
186.54	0.5	Q	18	55962
186.67333333333335	0.5	nontarget	29	56002
186.67333333333335	0.5	H	9	56002
186.81	0.5	nontarget	29	56043
186.81	0.5	V	23	56043
186.95	0.5	nontarget	29	56085
186.95	0.5	T	21	56085
187.08666666666667	0.5	nontarget	29	56126
187.08666666666667	0.5	O	16	56126
187.22666666666666	0.5	nontarget	29	56168
187.22666666666666	0.5	_	28	56168
187.36	0.5	nontarget	29	56208
187.36	0.5	Y	26	56208
187.49666666666667	0.5	nontarget	29	56249
187.49666666666667	0.5	N	15	56249
187.63666666666666	0.5	nontarget	29	56291
187.63666666666666	0.5	J	11	56291
187.77333333333334	0.5	nontarget	29	56332
187.77333333333334	0.5	K	12	56332
187.90666666666667	0.5	nontarget	29	56372
187.90666666666667	0.5	B	3	56372
188.04666666666665	0.5	nontarget	29	56414
188.04666666666665	0.5	I	10	56414
188.18333333333334	0.5	nontarget	29	56455
188.18333333333334	0.5	R	19	56455
188.32	0.5	nontarget	29	56496
188.32	0.5	<	1	56496
188.46	0.5	nontarget	29	56538
188.46	0.5	L	13	56538
188.59333333333333	0.5	nontarget	29	56578
188.59333333333333	0.5	X	25	56578
188.73	0.5	nontarget	29	56619
188.73	0.5	Z	27	56619
193.53	0.5	nontarget	29	58059
193.53	0.5	J	11	58059
193.66333333333333	0.5	nontarget	29	58099
193.66333333333333	0.5	I	10	58099
193.8	0.5	nontarget	29	58140
193.8	0.5	Q	18	58140
193.93666666666667	0.5	target	30	58181
193.93666666666667	0.5	W	24	58181
194.07666666666665	0.5	nontarget	29	58223
194.07666666666665	0.5	A	2	58223
194.21	0.5	nontarget	29	58263
194.21	0.5	B	3	58263
194.34666666666666	0.5	nontarget	29	58304
194.34666666666666	0.5	P	17	58304
194.48333333333332	0.5	nontarget	29	58345
194.48333333333332	0.5	U	22	58345
194.62	0.5	nontarget	29	58386
194.62	0.5	H	9	58386
194.75666666666666	0.5	nontarget	29	58427
194.75666666666666	0.5	D	5	58427
194.89	0.5	nontarget	29	58467
194.89	0.5	Z	27	58467
195.03	0.5	nontarget	29	58509
195.03	0.5	M	14	58509
195.16333333333333	0.5	nontarget	29	58549
195.16333333333333	0.5	K	12	58549
195.3	0.5	nontarget	29	58590
195.3	0.5	O	16	58590
195.43333333333334	0.5	nontarget	29	58630
195.43333333333334	0.5	L	13	58630
195.57	0.5	nontarget	29	58671
195.57	0.5	N	15	58671
195.70666666666668	0.5	nontarget	29	58712
195.70666666666668	0.5	_	28	58712
195.84333333333333	0.5	nontarget	29	58753
195.84333333333333	0.5	X	25	58753
195.98	0.5	nontarget	29	58794
195.98	0.5	E	6	58794
196.11666666666667	0.5	nontarget	29	58835
196.11666666666667	0.5	T	21	58835
196.25333333333333	0.5	nontarget	29	58876
196.25333333333333	0.5	Y	26	58876
196.39	0.5	nontarget	29	58917
196.39	0.5	G	8	58917
196.52666666666667	0.5	nontarget	29	58958
196.52666666666667	0.5	F	7	58958
196.66	0.5	nontarget	29	58998
196.66	0.5	R	19	58998
196.79666666666665	0.5	nontarget	29	59039
196.79666666666665	0.5	<	1	59039
196.93333333333334	0.5	nontarget	29	59080
196.93333333333334	0.5	C	4	59080
197.06666666666666	0.5	nontarget	29	59120
197.06666666666666	0.5	V	23	59120
197.20333333333335	0.5	nontarget	29	59161
197.20333333333335	0.5	S	20	59161
202.00666666666666	0.5	nontarget	29	60602
202.00666666666666	0.5	D	5	60602
202.14333333333335	0.5	nontarget	29	60643
202.14333333333335	0.5	L	13	60643
202.28	0.5	target	30	60684
202.28	0.5	W	24	60684
202.41666666666666	0.5	nontarget	29	60725
202.41666666666666	0.5	E	6	60725
202.55	0.5	nontarget	29	60765
202.55	0.5	O	16	60765
202.69	0.5	nontarget	29	60807
202.69	0.5	B	3	60807
202.82666666666665	0.5	nontarget	29	60848
202.82666666666665	0.5	U	22	60848
202.96333333333334	0.5	nontarget	29	60889
202.96333333333334	0.5	Q	18	60889
203.1	0.5	nontarget	29	60930
203.1	0.5	G	8	60930
203.23666666666668	0.5	nontarget	29	60971
203.23666666666668	0.5	A	2	60971
203.37333333333333	0.5	nontarget	29	61012
203.37333333333333	0.5	P	17	61012
203.51	0.5	nontarget	29	61053
203.51	0.5	M	14	61053
203.64333333333335	0.5	nontarget	29	61093
203.64333333333335	0.5	J	11	61093
203.78	0.5	nontarget	29	61134
203.78	0.5	S	20	61134
203.91666666666666	0.5	nontarget	29	61175
203.91666666666666	0.5	T	21	61175
204.05333333333334	0.5	nontarget	29	61216
204.05333333333334	0.5	X	25	61216
204.19333333333333	0.5	nontarget	29	61258
204.19333333333333	0.5	I	10	61258
204.32666666666665	0.5	nontarget	29	61298
204.32666666666665	0.5	<	1	61298
204.46333333333334	0.5	nontarget	29	61339
204.46333333333334	0.5	Y	26	61339
204.6	0.5	nontarget	29	61380
204.6	0.5	N	15	61380
204.73666666666668	0.5	nontarget	29	61421
204.73666666666668	0.5	V	23	61421
204.87333333333333	0.5	nontarget	29	61462
204.87333333333333	0.5	H	9	61462
205.00666666666666	0.5	nontarget	29	61502
205.00666666666666	0.5	R	19	61502
205.14333333333335	0.5	nontarget	29	61543
205.14333333333335	0.5	Z	27	61543
205.28	0.5	nontarget	29	61584
205.28	0.5	K	12	61584
205.41666666666666	0.5	nontarget	29	61625
205.41666666666666	0.5	F	7	61625
205.55333333333334	0.5	nontarget	29	61666
205.55333333333334	0.5	_	28	61666
205.69	0.5	nontarget	29	61707
205.69	0.5	C	4	61707
210.49666666666667	0.5	nontarget	29	63149
210.49666666666667	0.5	F	7	63149
210.63	0.5	nontarget	29	63189
210.63	0.5	L	13	63189
210.76666666666668	0.5	target	30	63230
210.76666666666668	0.5	W	24	63230
210.90333333333334	0.5	nontarget	29	63271
210.90333333333334	0.5	_	28	63271
211.04	0.5	nontarget	29	63312
211.04	0.5	G	8	63312
211.17666666666668	0.5	nontarget	29	63353
211.17666666666668	0.5	H	9	63353
211.31333333333333	0.5	nontarget	29	63394
211.31333333333333	0.5	E	6	63394
211.45333333333335	0.5	nontarget	29	63436
211.45333333333335	0.5	C	4	63436
211.59	0.5	nontarget	29	63477
211.59	0.5	I	10	63477
211.72333333333333	0.5	nontarget	29	63517
211.72333333333333	0.5	S	20	63517
211.86	0.5	nontarget	29	63558
211.86	0.5	N	15	63558
211.99666666666667	0.5	nontarget	29	63599
211.99666666666667	0.5	K	12	63599
212.13333333333333	0.5	nontarget	29	63640
212.13333333333333	0.5	X	25	63640
212.27	0.5	nontarget	29	63681
212.27	0.5	Z	27	63681
212.40666666666667	0.5	nontarget	29	63722
212.40666666666667	0.5	A	2	63722
212.54333333333332	0.5	nontarget	29	63763
212.54333333333332	0.5	M	14	63763
212.68	0.5	nontarget	29	63804
212.68	0.5	Q	18	63804
212.81666666666666	0.5	nontarget	29	63845
212.81666666666666	0.5	<	1	63845
212.95333333333335	0.5	nontarget	29	63886
212.95333333333335	0.5	J	11	63886
213.09	0.5	nontarget	29	63927
213.09	0.5	D	5	63927
213.22333333333333	0.5	nontarget	29	63967
213.22333333333333	0.5	U	22	63967
213.36	0.5	nontarget	29	64008
213.36	0.5	B	3	64008
213.49666666666667	0.5	nontarget	29	64049
213.49666666666667	0.5	V	23	64049
213.63333333333333	0.5	nontarget	29	64090
213.63333333333333	0.5	P	17	64090
213.77	0.5	nontarget	29	64131
213.77	0.5	Y	26	64131
213.90666666666667	0.5	nontarget	29	64172
213.90666666666667	0.5	R	19	64172
214.04333333333332	0.5	nontarget	29	64213
214.04333333333332	0.5	O	16	64213
214.18	0.5	nontarget	29	64254
214.18	0.5	T	21	64254
218.98666666666668	0.5	nontarget	29	65696
218.98666666666668	0.5	I	10	65696
219.12333333333333	0.5	nontarget	29	65737
219.12333333333333	0.5	C	4	65737
219.26333333333332	0.5	nontarget	29	65779
219.26333333333332	0.5	_	28	65779
219.4	0.5	nontarget	29	65820
219.4	0.5	T	21	65820
219.54	0.5	nontarget	29	65862
219.54	0.5	P	17	65862
219.67666666666668	0.5	nontarget	29	65903
219.67666666666668	0.5	O	16	65903
219.81333333333333	0.5	nontarget	29	65944
219.81333333333333	0.5	Z	27	65944
219.94666666666666	0.5	target	30	65984
219.94666666666666	0.5	W	24	65984
220.08333333333334	0.5	nontarget	29	66025
220.08333333333334	0.5	<	1	66025
220.22	0.5	nontarget	29	66066
220.22	0.5	H	9	66066
220.35666666666665	0.5	nontarget	29	66107
220.35666666666665	0.5	Y	26	66107
220.49	0.5	nontarget	29	66147
220.49	0.5	V	23	66147
220.62666666666667	0.5	nontarget	29	66188
220.62666666666667	0.5	R	19	66188
220.76333333333332	0.5	nontarget	29	66229
220.76333333333332	0.5	M	14	66229
220.9	0.5	nontarget	29	66270
220.9	0.5	S	20	66270
221.03666666666666	0.5	nontarget	29	66311
221.03666666666666	0.5	G	8	66311
221.17333333333335	0.5	nontarget	29	66352
221.17333333333335	0.5	L	13	66352
221.30666666666667	0.5	nontarget	29	66392
221.30666666666667	0.5	N	15	66392
221.44666666666666	0.5	nontarget	29	66434
221.44666666666666	0.5	U	22	66434
221.58333333333334	0.5	nontarget	29	66475
221.58333333333334	0.5	X	25	66475
221.72	0.5	nontarget	29	66516
221.72	0.5	F	7	66516
221.85666666666665	0.5	nontarget	29	66557
221.85666666666665	0.5	K	12	66557
221.99333333333334	0.5	nontarget	29	66598
221.99333333333334	0.5	A	2	66598
222.13333333333333	0.5	nontarget	29	66640
222.13333333333333	0.5	E	6	66640
222.27	0.5	nontarget	29	66681
222.27	0.5	J	11	66681
222.40666666666667	0.5	nontarget	29	66722
222.40666666666667	0.5	B	3	66722
222.54333333333332	0.5	nontarget	29	66763
222.54333333333332	0.5	D	5	66763
222.68	0.5	nontarget	29	66804
222.68	0.5	Q	18	66804
229.48666666666668	0.5	nontarget	29	68846
229.48666666666668	0.5	D	5	68846
229.62333333333333	0.5	nontarget	29	68887
229.62333333333333	0.5	Z	27	68887
229.77666666666667	0.5	nontarget	29	68933
229.77666666666667	0.5	T	21	68933
229.91333333333333	0.5	nontarget	29	68974
229.91333333333333	0.5	O	16	68974
230.05	0.5	nontarget	29	69015
230.05	0.5	E	6	69015
230.18666666666667	0.5	nontarget	29	69056
230.18666666666667	0.5	Y	26	69056
230.32333333333332	0.5	nontarget	29	69097
230.32333333333332	0.5	Q	18	69097
230.46	0.5	nontarget	29	69138
230.46	0.5	M	14	69138
230.6	0.5	nontarget	29	69180
230.6	0.5	F	7	69180
230.73666666666668	0.5	nontarget	29	69221
230.73666666666668	0.5	_	28	69221
230.87	0.5	nontarget	29	69261
230.87	0.5	W	24	69261
231.01	0.5	nontarget	29	69303
231.01	0.5	I	10	69303
231.14666666666668	0.5	nontarget	29	69344
231.14666666666668	0.5	N	15	69344
231.28333333333333	0.5	nontarget	29	69385
231.28333333333333	0.5	R	19	69385
231.42	0.5	nontarget	29	69426
231.42	0.5	V	23	69426
231.55333333333334	0.5	nontarget	29	69466
231.55333333333334	0.5	P	17	69466
231.69	0.5	nontarget	29	69507
231.69	0.5	A	2	69507
231.83	0.5	nontarget	29	69549
231.83	0.5	H	9	69549
231.96666666666667	0.5	nontarget	29	69590
231.96666666666667	0.5	L	13	69590
232.10333333333332	0.5	nontarget	29	69631
232.10333333333332	0.5	K	12	69631
232.24	0.5	nontarget	29	69672
232.24	0.5	J	11	69672
232.38	0.5	nontarget	29	69714
232.38	0.5	B	3	69714
232.51666666666668	0.5	nontarget	29	69755
232.51666666666668	0.5	S	20	69755
232.65333333333334	0.5	nontarget	29	69796
232.65333333333334	0.5	U	22	69796
232.79	0.5	nontarget	29	69837
232.79	0.5	G	8	69837
232.92666666666668	0.5	target	30	69878
232.92666666666668	0.5	<	1	69878
233.06	0.5	nontarget	29	69918
233.06	0.5	C	4	69918
233.19666666666666	0.5	nontarget	29	69959
233.19666666666666	0.5	X	25	69959
238.00666666666666	0.5	nontarget	29	71402
238.00666666666666	0.5	Z	27	71402
238.14333333333335	0.5	nontarget	29	71443
238.14333333333335	0.5	N	15	71443
238.28	0.5	nontarget	29	71484
238.28	0.5	L	13	71484
238.41666666666666	0.5	nontarget	29	71525
238.41666666666666	0.5	H	9	71525
238.55666666666667	0.5	nontarget	29	71567
238.55666666666667	0.5	U	22	71567
238.69333333333333	0.5	nontarget	29	71608
238.69333333333333	0.5	P	17	71608
238.83	0.5	nontarget	29	71649
238.83	0.5	D	5	71649
238.96666666666667	0.5	nontarget	29	71690
238.96666666666667	0.5	S	20	71690
239.10333333333332	0.5	nontarget	29	71731
239.10333333333332	0.5	B	3	71731
239.23666666666668	0.5	nontarget	29	71771
239.23666666666668	0.5	I	10	71771
239.37666666666667	0.5	nontarget	29	71813
239.37666666666667	0.5	_	28	71813
239.51333333333332	0.5	nontarget	29	71854
239.51333333333332	0.5	X	25	71854
239.65	0.5	nontarget	29	71895
239.65	0.5	K	12	71895
239.78666666666666	0.5	target	30	71936
239.78666666666666	0.5	<	1	71936
239.92333333333335	0.5	nontarget	29	71977
239.92333333333335	0.5	V	23	71977
240.06	0.5	nontarget	29	72018
240.06	0.5	F	7	72018
240.19666666666666	0.5	nontarget	29	72059
240.19666666666666	0.5	T	21	72059
240.33666666666667	0.5	nontarget	29	72101
240.33666666666667	0.5	Q	18	72101
240.47333333333333	0.5	nontarget	29	72142
240.47333333333333	0.5	J	11	72142
240.60666666666665	0.5	nontarget	29	72182
240.60666666666665	0.5	W	24	72182
240.74333333333334	0.5	nontarget	29	72223
240.74333333333334	0.5	Y	26	72223
240.88	0.5	nontarget	29	72264
240.88	0.5	G	8	72264
241.01666666666668	0.5	nontarget	29	72305
241.01666666666668	0.5	C	4	72305
241.15333333333334	0.5	nontarget	29	72346
241.15333333333334	0.5	O	16	72346
241.29	0.5	nontarget	29	72387
241.29	0.5	R	19	72387
241.42333333333335	0.5	nontarget	29	72427
241.42333333333335	0.5	E	6	72427
241.56333333333333	0.5	nontarget	29	72469
241.56333333333333	0.5	A	2	72469
241.7	0.5	nontarget	29	72510
241.7	0.5	M	14	72510
246.50666666666666	0.5	nontarget	29	73952
246.50666666666666	0.5	M	14	73952
246.64333333333335	0.5	nontarget	29	73993
246.64333333333335	0.5	V	23	73993
246.78	0.5	nontarget	29	74034
246.78	0.5	D	5	74034
246.91666666666666	0.5	nontarget	29	74075
246.91666666666666	0.5	_	28	74075
247.05	0.5	nontarget	29	74115
247.05	0.5	H	9	74115
247.19	0.5	nontarget	29	74157
247.19	0.5	U	22	74157
247.32333333333332	0.5	nontarget	29	74197
247.32333333333332	0.5	R	19	74197
247.46333333333334	0.5	nontarget	29	74239
247.46333333333334	0.5	G	8	74239
247.6	0.5	nontarget	29	74280
247.6	0.5	F	7	74280
247.73666666666668	0.5	nontarget	29	74321
247.73666666666668	0.5	J	11	74321
247.87333333333333	0.5	nontarget	29	74362
247.87333333333333	0.5	X	25	74362
248.01	0.5	nontarget	29	74403
248.01	0.5	I	10	74403
248.14666666666668	0.5	nontarget	29	74444
248.14666666666668	0.5	O	16	74444
248.28	0.5	nontarget	29	74484
248.28	0.5	L	13	74484
248.42	0.5	nontarget	29	74526
248.42	0.5	C	4	74526
248.55333333333334	0.5	nontarget	29	74566
248.55333333333334	0.5	N	15	74566
248.69333333333333	0.5	nontarget	29	74608
248.69333333333333	0.5	E	6	74608
248.83	0.5	nontarget	29	74649
248.83	0.5	B	3	74649
248.96666666666667	0.5	nontarget	29	74690
248.96666666666667	0.5	Z	27	74690
249.10333333333332	0.5	target	30	74731
249.10333333333332	0.5	<	1	74731
249.24	0.5	nontarget	29	74772
249.24	0.5	K	12	74772
249.37666666666667	0.5	nontarget	29	74813
249.37666666666667	0.5	W	24	74813
249.51333333333332	0.5	nontarget	29	74854
249.51333333333332	0.5	T	21	74854
249.65333333333334	0.5	nontarget	29	74896
249.65333333333334	0.5	S	20	74896
249.79	0.5	nontarget	29	74937
249.79	0.5	A	2	74937
249.92666666666668	0.5	nontarget	29	74978
249.92666666666668	0.5	Y	26	74978
250.06333333333333	0.5	nontarget	29	75019
250.06333333333333	0.5	P	17	75019
250.2	0.5	nontarget	29	75060
250.2	0.5	Q	18	75060
255.00666666666666	0.5	nontarget	29	76502
255.00666666666666	0.5	Q	18	76502
255.20666666666668	0.5	nontarget	29	76562
255.20666666666668	0.5	A	2	76562
255.34666666666666	0.5	nontarget	29	76604
255.34666666666666	0.5	Y	26	76604
255.48333333333332	0.5	nontarget	29	76645
255.48333333333332	0.5	N	15	76645
255.62	0.5	nontarget	29	76686
255.62	0.5	W	24	76686
255.75333333333333	0.5	nontarget	29	76726
255.75333333333333	0.5	L	13	76726
255.89333333333335	0.5	nontarget	29	76768
255.89333333333335	0.5	Z	27	76768
256.02666666666664	0.5	nontarget	29	76808
256.02666666666664	0.5	C	4	76808
256.1666666666667	0.5	nontarget	29	76850
256.1666666666667	0.5	P	17	76850
256.30333333333334	0.5	nontarget	29	76891
256.30333333333334	0.5	X	25	76891
256.44	0.5	nontarget	29	76932
256.44	0.5	K	12	76932
256.57666666666665	0.5	nontarget	29	76973
256.57666666666665	0.5	B	3	76973
256.7133333333333	0.5	nontarget	29	77014
256.7133333333333	0.5	T	21	77014
256.85	0.5	target	30	77055
256.85	0.5	<	1	77055
256.9866666666667	0.5	nontarget	29	77096
256.9866666666667	0.5	H	9	77096
257.12333333333333	0.5	nontarget	29	77137
257.12333333333333	0.5	J	11	77137
257.2633333333333	0.5	nontarget	29	77179
257.2633333333333	0.5	_	28	77179
257.39666666666665	0.5	nontarget	29	77219
257.39666666666665	0.5	F	7	77219
257.53333333333336	0.5	nontarget	29	77260
257.53333333333336	0.5	R	19	77260
257.67	0.5	nontarget	29	77301
257.67	0.5	E	6	77301
257.81	0.5	nontarget	29	77343
257.81	0.5	O	16	77343
257.9433333333333	0.5	nontarget	29	77383
257.9433333333333	0.5	U	22	77383
258.08	0.5	nontarget	29	77424
258.08	0.5	I	10	77424
258.21666666666664	0.5	nontarget	29	77465
258.21666666666664	0.5	S	20	77465
258.35333333333335	0.5	nontarget	29	77506
258.35333333333335	0.5	G	8	77506
258.49	0.5	nontarget	29	77547
258.49	0.5	V	23	77547
258.62666666666667	0.5	nontarget	29	77588
258.62666666666667	0.5	M	14	77588
258.7633333333333	0.5	nontarget	29	77629
258.7633333333333	0.5	D	5	77629
263.56666666666666	0.5	nontarget	29	79070
263.56666666666666	0.5	B	3	79070
263.7033333333333	0.5	nontarget	29	79111
263.7033333333333	0.5	F	7	79111
263.84	0.5	nontarget	29	79152
263.84	0.5	C	4	79152
263.9766666666667	0.5	nontarget	29	79193
263.9766666666667	0.5	I	10	79193
264.1166666666667	0.5	nontarget	29	79235
264.1166666666667	0.5	V	23	79235
264.25333333333333	0.5	nontarget	29	79276
264.25333333333333	0.5	J	11	79276
264.39	0.5	nontarget	29	79317
264.39	0.5	T	21	79317
264.5233333333333	0.5	nontarget	29	79357
264.5233333333333	0.5	W	24	79357
264.66	0.5	nontarget	29	79398
264.66	0.5	P	17	79398
264.7966666666667	0.5	nontarget	29	79439
264.7966666666667	0.5	L	13	79439
264.93333333333334	0.5	nontarget	29	79480
264.93333333333334	0.5	_	28	79480
265.07	0.5	nontarget	29	79521
265.07	0.5	E	6	79521
265.20666666666665	0.5	nontarget	29	79562
265.20666666666665	0.5	G	8	79562
265.3433333333333	0.5	target	30	79603
265.3433333333333	0.5	<	1	79603
265.48	0.5	nontarget	29	79644
265.48	0.5	Z	27	79644
265.6166666666667	0.5	nontarget	29	79685
265.6166666666667	0.5	R	19	79685
265.75333333333333	0.5	nontarget	29	79726
265.75333333333333	0.5	H	9	79726
265.89	0.5	nontarget	29	79767
265.89	0.5	O	16	79767
266.02666666666664	0.5	nontarget	29	79808
266.02666666666664	0.5	U	22	79808
266.1666666666667	0.5	nontarget	29	79850
266.1666666666667	0.5	A	2	79850
266.30333333333334	0.5	nontarget	29	79891
266.30333333333334	0.5	K	12	79891
266.44	0.5	nontarget	29	79932
266.44	0.5	N	15	79932
266.57666666666665	0.5	nontarget	29	79973
266.57666666666665	0.5	Q	18	79973
266.7133333333333	0.5	nontarget	29	80014
266.7133333333333	0.5	M	14	80014
266.85	0.5	nontarget	29	80055
266.85	0.5	Y	26	80055
266.9866666666667	0.5	nontarget	29	80096
266.9866666666667	0.5	S	20	80096
267.12333333333333	0.5	nontarget	29	80137
267.12333333333333	0.5	D	5	80137
267.26	0.5	nontarget	29	80178
267.26	0.5	X	25	80178
272.06666666666666	0.5	nontarget	29	81620
272.06666666666666	0.5	C	4	81620
272.20666666666665	0.5	nontarget	29	81662
272.20666666666665	0.5	D	5	81662
272.34	0.5	nontarget	29	81702
272.34	0.5	B	3	81702
272.4766666666667	0.5	nontarget	29	81743
272.4766666666667	0.5	_	28	81743
272.61333333333334	0.5	nontarget	29	81784
272.61333333333334	0.5	I	10	81784
272.75	0.5	nontarget	29	81825
272.75	0.5	L	13	81825
272.89	0.5	nontarget	29	81867
272.89	0.5	Z	27	81867
273.02666666666664	0.5	nontarget	29	81908
273.02666666666664	0.5	V	23	81908
273.16333333333336	0.5	nontarget	29	81949
273.16333333333336	0.5	Q	18	81949
273.3	0.5	nontarget	29	81990
273.3	0.5	Y	26	81990
273.43666666666667	0.5	nontarget	29	82031
273.43666666666667	0.5	X	25	82031
273.5733333333333	0.5	nontarget	29	82072
273.5733333333333	0.5	E	6	82072
273.71	0.5	nontarget	29	82113
273.71	0.5	O	16	82113
273.8466666666667	0.5	nontarget	29	82154
273.8466666666667	0.5	K	12	82154
273.98333333333335	0.5	target	30	82195
273.98333333333335	0.5	<	1	82195
274.12333333333333	0.5	nontarget	29	82237
274.12333333333333	0.5	T	21	82237
274.26	0.5	nontarget	29	82278
274.26	0.5	A	2	82278
274.39666666666665	0.5	nontarget	29	82319
274.39666666666665	0.5	N	15	82319
274.53333333333336	0.5	nontarget	29	82360
274.53333333333336	0.5	P	17	82360
274.67	0.5	nontarget	29	82401
274.67	0.5	R	19	82401
274.8066666666667	0.5	nontarget	29	82442
274.8066666666667	0.5	F	7	82442
274.9433333333333	0.5	nontarget	29	82483
274.9433333333333	0.5	U	22	82483
275.08	0.5	nontarget	29	82524
275.08	0.5	H	9	82524
275.2133333333333	0.5	nontarget	29	82564
275.2133333333333	0.5	S	20	82564
275.35333333333335	0.5	nontarget	29	82606
275.35333333333335	0.5	W	24	82606
275.49	0.5	nontarget	29	82647
275.49	0.5	J	11	82647
275.62666666666667	0.5	nontarget	29	82688
275.62666666666667	0.5	M	14	82688
275.7633333333333	0.5	nontarget	29	82729
275.7633333333333	0.5	G	8	82729
280.56666666666666	0.5	nontarget	29	84170
280.56666666666666	0.5	N	15	84170
280.7033333333333	0.5	nontarget	29	84211
280.7033333333333	0.5	Q	18	84211
280.84	0.5	nontarget	29	84252
280.84	0.5	O	16	84252
280.9766666666667	0.5	nontarget	29	84293
280.9766666666667	0.5	U	22	84293
281.11333333333334	0.5	nontarget	29	84334
281.11333333333334	0.5	P	17	84334
281.25	0.5	nontarget	29	84375
281.25	0.5	H	9	84375
281.38666666666666	0.5	nontarget	29	84416
281.38666666666666	0.5	S	20	84416
281.5233333333333	0.5	nontarget	29	84457
281.5233333333333	0.5	D	5	84457
281.66	0.5	target	30	84498
281.66	0.5	<	1	84498
281.7966666666667	0.5	nontarget	29	84539
281.7966666666667	0.5	Z	27	84539
281.93333333333334	0.5	nontarget	29	84580
281.93333333333334	0.5	Y	26	84580
282.07	0.5	nontarget	29	84621
282.07	0.5	G	8	84621
282.21	0.5	nontarget	29	84663
282.21	0.5	E	6	84663
282.3466666666667	0.5	nontarget	29	84704
282.3466666666667	0.5	T	21	84704
282.48333333333335	0.5	nontarget	29	84745
282.48333333333335	0.5	K	12	84745
282.6166666666667	0.5	nontarget	29	84785
282.6166666666667	0.5	W	24	84785
282.75666666666666	0.5	nontarget	29	84827
282.75666666666666	0.5	V	23	84827
282.8933333333333	0.5	nontarget	29	84868
282.8933333333333	0.5	R	19	84868
283.03	0.5	nontarget	29	84909
283.03	0.5	_	28	84909
283.1666666666667	0.5	nontarget	29	84950
283.1666666666667	0.5	I	10	84950
283.3	0.5	nontarget	29	84990
283.3	0.5	C	4	84990
283.44	0.5	nontarget	29	85032
283.44	0.5	F	7	85032
283.5733333333333	0.5	nontarget	29	85072
283.5733333333333	0.5	X	25	85072
283.71	0.5	nontarget	29	85113
283.71	0.5	M	14	85113
283.8466666666667	0.5	nontarget	29	85154
283.8466666666667	0.5	L	13	85154
283.98333333333335	0.5	nontarget	29	85195
283.98333333333335	0.5	A	2	85195
284.12	0.5	nontarget	29	85236
284.12	0.5	J	11	85236
284.25666666666666	0.5	nontarget	29	85277
284.25666666666666	0.5	B	3	85277
289.06	0.5	nontarget	29	86718
289.06	0.5	A	2	86718
289.1933333333333	0.5	nontarget	29	86758
289.1933333333333	0.5	F	7	86758
289.3333333333333	0.5	nontarget	29	86800
289.3333333333333	0.5	S	20	86800
289.47	0.5	nontarget	29	86841
289.47	0.5	Z	27	86841
289.6066666666667	0.5	nontarget	29	86882
289.6066666666667	0.5	L	13	86882
289.74333333333334	0.5	nontarget	29	86923
289.74333333333334	0.5	Q	18	86923
289.87666666666667	0.5	nontarget	29	86963
289.87666666666667	0.5	N	15	86963
290.0133333333333	0.5	nontarget	29	87004
290.0133333333333	0.5	D	5	87004
290.1533333333333	0.5	nontarget	29	87046
290.1533333333333	0.5	J	11	87046
290.29	0.5	nontarget	29	87087
290.29	0.5	X	25	87087
290.4266666666667	0.5	nontarget	29	87128
290.4266666666667	0.5	B	3	87128
290.56333333333333	0.5	nontarget	29	87169
290.56333333333333	0.5	W	24	87169
290.7	0.5	target	30	87210
290.7	0.5	<	1	87210
290.83666666666664	0.5	nontarget	29	87251
290.83666666666664	0.5	G	8	87251
290.97333333333336	0.5	nontarget	29	87292
290.97333333333336	0.5	Y	26	87292
291.11	0.5	nontarget	29	87333
291.11	0.5	R	19	87333
291.24666666666667	0.5	nontarget	29	87374
291.24666666666667	0.5	P	17	87374
291.3833333333333	0.5	nontarget	29	87415
291.3833333333333	0.5	E	6	87415
291.52	0.5	nontarget	29	87456
291.52	0.5	C	4	87456
291.6566666666667	0.5	nontarget	29	87497
291.6566666666667	0.5	V	23	87497
291.79333333333335	0.5	nontarget	29	87538
291.79333333333335	0.5	K	12	87538
291.93	0.5	nontarget	29	87579
291.93	0.5	O	16	87579
292.07	0.5	nontarget	29	87621
292.07	0.5	_	28	87621
292.20666666666665	0.5	nontarget	29	87662
292.20666666666665	0.5	H	9	87662
292.3433333333333	0.5	nontarget	29	87703
292.3433333333333	0.5	T	21	87703
292.48	0.5	nontarget	29	87744
292.48	0.5	U	22	87744
292.6166666666667	0.5	nontarget	29	87785
292.6166666666667	0.5	M	14	87785
292.75333333333333	0.5	nontarget	29	87826
292.75333333333333	0.5	I	10	87826
299.56666666666666	0.5	nontarget	29	89870
299.56666666666666	0.5	C	4	89870
299.70666666666665	0.5	nontarget	29	89912
299.70666666666665	0.5	A	2	89912
299.84	0.5	nontarget	29	89952
299.84	0.5	Z	27	89952
299.9766666666667	0.5	nontarget	29	89993
299.9766666666667	0.5	Q	18	89993
300.1166666666667	0.5	nontarget	29	90035
300.1166666666667	0.5	D	5	90035
300.25333333333333	0.5	nontarget	29	90076
300.25333333333333	0.5	M	14	90076
300.3933333333333	0.5	nontarget	29	90118
300.3933333333333	0.5	T	21	90118
300.54333333333335	0.5	nontarget	29	90163
300.54333333333335	0.5	U	22	90163
300.68333333333334	0.5	nontarget	29	90205
300.68333333333334	0.5	X	25	90205
300.81666666666666	0.5	nontarget	29	90245
300.81666666666666	0.5	R	19	90245
300.95666666666665	0.5	nontarget	29	90287
300.95666666666665	0.5	Y	26	90287
301.09	0.5	nontarget	29	90327
301.09	0.5	_	28	90327
301.2266666666667	0.5	nontarget	29	90368
301.2266666666667	0.5	L	13	90368
301.36333333333334	0.5	nontarget	29	90409
301.36333333333334	0.5	J	11	90409
301.5	0.5	nontarget	29	90450
301.5	0.5	W	24	90450
301.63666666666666	0.5	nontarget	29	90491
301.63666666666666	0.5	F	7	90491
301.7733333333333	0.5	nontarget	29	90532
301.7733333333333	0.5	H	9	90532
301.91333333333336	0.5	nontarget	29	90574
301.91333333333336	0.5	K	12	90574
302.05	0.5	nontarget	29	90615
302.05	0.5	N	15	90615
302.18666666666667	0.5	nontarget	29	90656
302.18666666666667	0.5	V	23	90656
302.3233333333333	0.5	nontarget	29	90697
302.3233333333333	0.5	E	6	90697
302.46	0.5	target	30	90738
302.46	0.5	<	1	90738
302.5966666666667	0.5	nontarget	29	90779
302.5966666666667	0.5	G	8	90779
302.73333333333335	0.5	nontarget	29	90820
302.73333333333335	0.5	O	16	90820
302.87	0.5	nontarget	29	90861
302.87	0.5	S	20	90861
303.00666666666666	0.5	nontarget	29	90902
303.00666666666666	0.5	B	3	90902
303.1433333333333	0.5	nontarget	29	90943
303.1433333333333	0.5	I	10	90943
303.28	0.5	nontarget	29	90984
303.28	0.5	P	17	90984
308.09	0.5	nontarget	29	92427
308.09	0.5	Y	26	92427
308.2266666666667	0.5	nontarget	29	92468
308.2266666666667	0.5	Q	18	92468
308.36333333333334	0.5	nontarget	29	92509
308.36333333333334	0.5	L	13	92509
308.5	0.5	target	30	92550
308.5	0.5	<	1	92550
308.63666666666666	0.5	nontarget	29	92591
308.63666666666666	0.5	C	4	92591
308.77666666666664	0.5	nontarget	29	92633
308.77666666666664	0.5	X	25	92633
308.91333333333336	0.5	nontarget	29	92674
308.91333333333336	0.5	H	9	92674
309.0466666666667	0.5	nontarget	29	92714
309.0466666666667	0.5	O	16	92714
309.18333333333334	0.5	nontarget	29	92755
309.18333333333334	0.5	F	7	92755
309.32	0.5	nontarget	29	92796
309.32	0.5	E	6	92796
309.45666666666665	0.5	nontarget	29	92837
309.45666666666665	0.5	D	5	92837
309.5933333333333	0.5	nontarget	29	92878
309.5933333333333	0.5	_	28	92878
309.73	0.5	nontarget	29	92919
309.73	0.5	B	3	92919
309.8666666666667	0.5	nontarget	29	92960
309.8666666666667	0.5	K	12	92960
310.00333333333333	0.5	nontarget	29	93001
310.00333333333333	0.5	T	21	93001
310.14	0.5	nontarget	29	93042
310.14	0.5	V	23	93042
310.28	0.5	nontarget	29	93084
310.28	0.5	I	10	93084
310.4166666666667	0.5	nontarget	29	93125
310.4166666666667	0.5	M	14	93125
310.55333333333334	0.5	nontarget	29	93166
310.55333333333334	0.5	G	8	93166
310.69	0.5	nontarget	29	93207
310.69	0.5	W	24	93207
310.82666666666665	0.5	nontarget	29	93248
310.82666666666665	0.5	J	11	93248
310.9633333333333	0.5	nontarget	29	93289
310.9633333333333	0.5	R	19	93289
311.1	0.5	nontarget	29	93330
311.1	0.5	P	17	93330
311.2366666666667	0.5	nontarget	29	93371
311.2366666666667	0.5	N	15	93371
311.37333333333333	0.5	nontarget	29	93412
311.37333333333333	0.5	S	20	93412
311.51	0.5	nontarget	29	93453
311.51	0.5	U	22	93453
311.64666666666665	0.5	nontarget	29	93494
311.64666666666665	0.5	Z	27	93494
311.78333333333336	0.5	nontarget	29	93535
311.78333333333336	0.5	A	2	93535
316.5933333333333	0.5	nontarget	29	94978
316.5933333333333	0.5	A	2	94978
316.73	0.5	nontarget	29	95019
316.73	0.5	H	9	95019
316.87	0.5	nontarget	29	95061
316.87	0.5	T	21	95061
317.00666666666666	0.5	nontarget	29	95102
317.00666666666666	0.5	P	17	95102
317.1433333333333	0.5	nontarget	29	95143
317.1433333333333	0.5	M	14	95143
317.28	0.5	nontarget	29	95184
317.28	0.5	K	12	95184
317.41333333333336	0.5	nontarget	29	95224
317.41333333333336	0.5	R	19	95224
317.55	0.5	nontarget	29	95265
317.55	0.5	Y	26	95265
317.68666666666667	0.5	nontarget	29	95306
317.68666666666667	0.5	J	11	95306
317.8233333333333	0.5	nontarget	29	95347
317.8233333333333	0.5	G	8	95347
317.96	0.5	nontarget	29	95388
317.96	0.5	_	28	95388
318.0966666666667	0.5	nontarget	29	95429
318.0966666666667	0.5	F	7	95429
318.23333333333335	0.5	nontarget	29	95470
318.23333333333335	0.5	Q	18	95470
318.37333333333333	0.5	nontarget	29	95512
318.37333333333333	0.5	E	6	95512
318.51	0.5	nontarget	29	95553
318.51	0.5	S	20	95553
318.64666666666665	0.5	nontarget	29	95594
318.64666666666665	0.5	B	3	95594
318.78333333333336	0.5	nontarget	29	95635
318.78333333333336	0.5	D	5	95635
318.92	0.5	nontarget	29	95676
318.92	0.5	C	4	95676
319.0566666666667	0.5	nontarget	29	95717
319.0566666666667	0.5	I	10	95717
319.1933333333333	0.5	nontarget	29	95758
319.1933333333333	0.5	O	16	95758
319.32666666666665	0.5	nontarget	29	95798
319.32666666666665	0.5	U	22	95798
319.46666666666664	0.5	nontarget	29	95840
319.46666666666664	0.5	X	25	95840
319.60333333333335	0.5	nontarget	29	95881
319.60333333333335	0.5	Z	27	95881
319.74	0.5	nontarget	29	95922
319.74	0.5	L	13	95922
319.87333333333333	0.5	nontarget	29	95962
319.87333333333333	0.5	V	23	95962
320.01	0.5	target	30	96003
320.01	0.5	<	1	96003
320.14666666666665	0.5	nontarget	29	96044
320.14666666666665	0.5	W	24	96044
320.28333333333336	0.5	nontarget	29	96085
320.28333333333336	0.5	N	15	96085
325.09	0.5	nontarget	29	97527
325.09	0.5	K	12	97527
325.2266666666667	0.5	nontarget	29	97568
325.2266666666667	0.5	I	10	97568
325.36333333333334	0.5	nontarget	29	97609
325.36333333333334	0.5	H	9	97609
325.5	0.5	nontarget	29	97650
325.5	0.5	U	22	97650
325.63666666666666	0.5	nontarget	29	97691
325.63666666666666	0.5	L	13	97691
325.7733333333333	0.5	nontarget	29	97732
325.7733333333333	0.5	P	17	97732
325.91	0.5	nontarget	29	97773
325.91	0.5	E	6	97773
326.0466666666667	0.5	target	30	97814
326.0466666666667	0.5	<	1	97814
326.18333333333334	0.5	nontarget	29	97855
326.18333333333334	0.5	N	15	97855
326.32	0.5	nontarget	29	97896
326.32	0.5	Q	18	97896
326.5233333333333	0.5	nontarget	29	97957
326.5233333333333	0.5	X	25	97957
326.66	0.5	nontarget	29	97998
326.66	0.5	J	11	97998
326.7966666666667	0.5	nontarget	29	98039
326.7966666666667	0.5	T	21	98039
326.93333333333334	0.5	nontarget	29	98080
326.93333333333334	0.5	V	23	98080
327.07	0.5	nontarget	29	98121
327.07	0.5	S	20	98121
327.20666666666665	0.5	nontarget	29	98162
327.20666666666665	0.5	Z	27	98162
327.3433333333333	0.5	nontarget	29	98203
327.3433333333333	0.5	D	5	98203
327.48	0.5	nontarget	29	98244
327.48	0.5	C	4	98244
327.6166666666667	0.5	nontarget	29	98285
327.6166666666667	0.5	R	19	98285
327.75666666666666	0.5	nontarget	29	98327
327.75666666666666	0.5	G	8	98327
327.89	0.5	nontarget	29	98367
327.89	0.5	M	14	98367
328.02666666666664	0.5	nontarget	29	98408
328.02666666666664	0.5	B	3	98408
328.16333333333336	0.5	nontarget	29	98449
328.16333333333336	0.5	W	24	98449
328.3	0.5	nontarget	29	98490
328.3	0.5	Y	26	98490
328.43666666666667	0.5	nontarget	29	98531
328.43666666666667	0.5	F	7	98531
328.5733333333333	0.5	nontarget	29	98572
328.5733333333333	0.5	_	28	98572
328.71	0.5	nontarget	29	98613
328.71	0.5	A	2	98613
328.8466666666667	0.5	nontarget	29	98654
328.8466666666667	0.5	O	16	98654
333.6566666666667	0.5	nontarget	29	100097
333.6566666666667	0.5	E	6	100097
333.79333333333335	0.5	nontarget	29	100138
333.79333333333335	0.5	W	24	100138
333.93	0.5	nontarget	29	100179
333.93	0.5	Q	18	100179
334.06333333333333	0.5	nontarget	29	100219
334.06333333333333	0.5	R	19	100219
334.2	0.5	nontarget	29	100260
334.2	0.5	C	4	100260
334.33666666666664	0.5	nontarget	29	100301
334.33666666666664	0.5	M	14	100301
334.47	0.5	nontarget	29	100341
334.47	0.5	D	5	100341
334.6066666666667	0.5	nontarget	29	100382
334.6066666666667	0.5	U	22	100382
334.74333333333334	0.5	nontarget	29	100423
334.74333333333334	0.5	G	8	100423
334.88	0.5	nontarget	29	100464
334.88	0.5	A	2	100464
335.01666666666665	0.5	nontarget	29	100505
335.01666666666665	0.5	B	3	100505
335.1533333333333	0.5	nontarget	29	100546
335.1533333333333	0.5	L	13	100546
335.29	0.5	nontarget	29	100587
335.29	0.5	S	20	100587
335.4266666666667	0.5	nontarget	29	100628
335.4266666666667	0.5	_	28	100628
335.56333333333333	0.5	nontarget	29	100669
335.56333333333333	0.5	K	12	100669
335.7	0.5	nontarget	29	100710
335.7	0.5	V	23	100710
335.83666666666664	0.5	nontarget	29	100751
335.83666666666664	0.5	H	9	100751
335.97333333333336	0.5	nontarget	29	100792
335.97333333333336	0.5	P	17	100792
336.1066666666667	0.5	nontarget	29	100832
336.1066666666667	0.5	Y	26	100832
336.25	0.5	nontarget	29	100875
336.25	0.5	X	25	100875
336.38666666666666	0.5	nontarget	29	100916
336.38666666666666	0.5	J	11	100916
336.5233333333333	0.5	nontarget	29	100957
336.5233333333333	0.5	I	10	100957
336.66	0.5	nontarget	29	100998
336.66	0.5	O	16	100998
336.7966666666667	0.5	target	30	101039
336.7966666666667	0.5	<	1	101039
336.93333333333334	0.5	nontarget	29	101080
336.93333333333334	0.5	Z	27	101080
337.07	0.5	nontarget	29	101121
337.07	0.5	T	21	101121
337.21	0.5	nontarget	29	101163
337.21	0.5	N	15	101163
337.3466666666667	0.5	nontarget	29	101204
337.3466666666667	0.5	F	7	101204
342.1533333333333	0.5	nontarget	29	102646
342.1533333333333	0.5	C	4	102646
342.29333333333335	0.5	nontarget	29	102688
342.29333333333335	0.5	_	28	102688
342.43	0.5	nontarget	29	102729
342.43	0.5	Q	18	102729
342.56666666666666	0.5	nontarget	29	102770
342.56666666666666	0.5	J	11	102770
342.7	0.5	nontarget	29	102810
342.7	0.5	F	7	102810
342.84	0.5	nontarget	29	102852
342.84	0.5	R	19	102852
342.97333333333336	0.5	nontarget	29	102892
342.97333333333336	0.5	B	3	102892
343.11333333333334	0.5	nontarget	29	102934
343.11333333333334	0.5	T	21	102934
343.25	0.5	nontarget	29	102975
343.25	0.5	I	10	102975
343.38666666666666	0.5	nontarget	29	103016
343.38666666666666	0.5	H	9	103016
343.5233333333333	0.5	nontarget	29	103057
343.5233333333333	0.5	D	5	103057
343.66	0.5	nontarget	29	103098
343.66	0.5	V	23	103098
343.7966666666667	0.5	nontarget	29	103139
343.7966666666667	0.5	P	17	103139
343.93333333333334	0.5	nontarget	29	103180
343.93333333333334	0.5	Y	26	103180
344.07	0.5	target	30	103221
344.07	0.5	<	1	103221
344.20666666666665	0.5	nontarget	29	103262
344.20666666666665	0.5	X	25	103262
344.3433333333333	0.5	nontarget	29	103303
344.3433333333333	0.5	N	15	103303
344.48	0.5	nontarget	29	103344
344.48	0.5	Z	27	103344
344.6166666666667	0.5	nontarget	29	103385
344.6166666666667	0.5	L	13	103385
344.75333333333333	0.5	nontarget	29	103426
344.75333333333333	0.5	W	24	103426
344.89	0.5	nontarget	29	103467
344.89	0.5	G	8	103467
345.02666666666664	0.5	nontarget	29	103508
345.02666666666664	0.5	A	2	103508
345.16333333333336	0.5	nontarget	29	103549
345.16333333333336	0.5	O	16	103549
345.30333333333334	0.5	nontarget	29	103591
345.30333333333334	0.5	E	6	103591
345.44	0.5	nontarget	29	103632
345.44	0.5	K	12	103632
345.57666666666665	0.5	nontarget	29	103673
345.57666666666665	0.5	S	20	103673
345.7133333333333	0.5	nontarget	29	103714
345.7133333333333	0.5	U	22	103714
345.85	0.5	nontarget	29	103755
345.85	0.5	M	14	103755
352.6666666666667	0.5	nontarget	29	105800
352.6666666666667	0.5	Q	18	105800
352.80333333333334	0.5	nontarget	29	105841
352.80333333333334	0.5	_	28	105841
352.94	0.5	nontarget	29	105882
352.94	0.5	U	22	105882
353.07666666666665	0.5	nontarget	29	105923
353.07666666666665	0.5	V	23	105923
353.21666666666664	0.5	nontarget	29	105965
353.21666666666664	0.5	I	10	105965
353.35333333333335	0.5	nontarget	29	106006
353.35333333333335	0.5	Y	26	106006
353.49	0.5	nontarget	29	106047
353.49	0.5	G	8	106047
353.62333333333333	0.5	nontarget	29	106087
353.62333333333333	0.5	L	13	106087
353.76	0.5	nontarget	29	106128
353.76	0.5	K	12	106128
353.9	0.5	nontarget	29	106170
353.9	0.5	A	2	106170
354.0366666666667	0.5	nontarget	29	106211
354.0366666666667	0.5	N	15	106211
354.17333333333335	0.5	nontarget	29	106252
354.17333333333335	0.5	B	3	106252
354.31	0.5	nontarget	29	106293
354.31	0.5	O	16	106293
354.44666666666666	0.5	nontarget	29	106334
354.44666666666666	0.5	C	4	106334
354.5833333333333	0.5	nontarget	29	106375
354.5833333333333	0.5	F	7	106375
354.72	0.5	nontarget	29	106416
354.72	0.5	W	24	106416
354.85333333333335	0.5	nontarget	29	106456
354.85333333333335	0.5	X	25	106456
354.99333333333334	0.5	nontarget	29	106498
354.99333333333334	0.5	H	9	106498
355.12666666666667	0.5	nontarget	29	106538
355.12666666666667	0.5	M	14	106538
355.2633333333333	0.5	nontarget	29	106579
355.2633333333333	0.5	Z	27	106579
355.4	0.5	nontarget	29	106620
355.4	0.5	R	19	106620
355.54	0.5	nontarget	29	106662
355.54	0.5	J	11	106662
355.6766666666667	0.5	nontarget	29	106703
355.6766666666667	0.5	S	20	106703
355.81333333333333	0.5	nontarget	29	106744
355.81333333333333	0.5	E	6	106744
355.94666666666666	0.5	nontarget	29	106784
355.94666666666666	0.5	D	5	106784
356.0833333333333	0.5	nontarget	29	106825
356.0833333333333	0.5	T	21	106825
356.22	0.5	target	30	106866
356.22	0.5	<	1	106866
356.3566666666667	0.5	nontarget	29	106907
356.3566666666667	0.5	P	17	106907
361.17	0.5	nontarget	29	108351
361.17	0.5	C	4	108351
361.3066666666667	0.5	nontarget	29	108392
361.3066666666667	0.5	_	28	108392
361.4433333333333	0.5	nontarget	29	108433
361.4433333333333	0.5	O	16	108433
361.58	0.5	nontarget	29	108474
361.58	0.5	Q	18	108474
361.7133333333333	0.5	nontarget	29	108514
361.7133333333333	0.5	Y	26	108514
361.85333333333335	0.5	nontarget	29	108556
361.85333333333335	0.5	E	6	108556
361.99333333333334	0.5	nontarget	29	108598
361.99333333333334	0.5	V	23	108598
362.13	0.5	nontarget	29	108639
362.13	0.5	S	20	108639
362.27	0.5	nontarget	29	108681
362.27	0.5	B	3	108681
362.4066666666667	0.5	nontarget	29	108722
362.4066666666667	0.5	J	11	108722
362.54333333333335	0.5	nontarget	29	108763
362.54333333333335	0.5	G	8	108763
362.68	0.5	nontarget	29	108804
362.68	0.5	W	24	108804
362.82	0.5	nontarget	29	108846
362.82	0.5	A	2	108846
362.9533333333333	0.5	nontarget	29	108886
362.9533333333333	0.5	U	22	108886
363.09	0.5	nontarget	29	108927
363.09	0.5	P	17	108927
363.2266666666667	0.5	nontarget	29	108968
363.2266666666667	0.5	F	7	108968
363.36333333333334	0.5	nontarget	29	109009
363.36333333333334	0.5	D	5	109009
363.5	0.5	nontarget	29	109050
363.5	0.5	I	10	109050
363.64	0.5	nontarget	29	109092
363.64	0.5	M	14	109092
363.77666666666664	0.5	nontarget	29	109133
363.77666666666664	0.5	H	9	109133
363.91333333333336	0.5	nontarget	29	109174
363.91333333333336	0.5	Z	27	109174
364.0466666666667	0.5	nontarget	29	109214
364.0466666666667	0.5	L	13	109214
364.18333333333334	0.5	target	30	109255
364.18333333333334	0.5	<	1	109255
364.32	0.5	nontarget	29	109296
364.32	0.5	T	21	109296
364.46	0.5	nontarget	29	109338
364.46	0.5	X	25	109338
364.5966666666667	0.5	nontarget	29	109379
364.5966666666667	0.5	K	12	109379
364.73333333333335	0.5	nontarget	29	109420
364.73333333333335	0.5	R	19	109420
364.87333333333333	0.5	nontarget	29	109462
364.87333333333333	0.5	N	15	109462
369.68333333333334	0.5	nontarget	29	110905
369.68333333333334	0.5	G	8	110905
369.82	0.5	nontarget	29	110946
369.82	0.5	_	28	110946
369.95666666666665	0.5	nontarget	29	110987
369.95666666666665	0.5	Y	26	110987
370.0933333333333	0.5	nontarget	29	111028
370.0933333333333	0.5	B	3	111028
370.23	0.5	nontarget	29	111069
370.23	0.5	A	2	111069
370.3666666666667	0.5	nontarget	29	111110
370.3666666666667	0.5	R	19	111110
370.50333333333333	0.5	nontarget	29	111151
370.50333333333333	0.5	E	6	111151
370.64	0.5	nontarget	29	111192
370.64	0.5	J	11	111192
370.78	0.5	nontarget	29	111234
370.78	0.5	D	5	111234
370.9166666666667	0.5	nontarget	29	111275
370.9166666666667	0.5	Q	18	111275
371.05333333333334	0.5	nontarget	29	111316
371.05333333333334	0.5	C	4	111316
371.1933333333333	0.5	nontarget	29	111358
371.1933333333333	0.5	I	10	111358
371.33	0.5	nontarget	29	111399
371.33	0.5	H	9	111399
371.46666666666664	0.5	nontarget	29	111440
371.46666666666664	0.5	U	22	111440
371.60333333333335	0.5	nontarget	29	111481
371.60333333333335	0.5	W	24	111481
371.74333333333334	0.5	nontarget	29	111523
371.74333333333334	0.5	M	14	111523
371.88	0.5	nontarget	29	111564
371.88	0.5	Z	27	111564
372.01666666666665	0.5	nontarget	29	111605
372.01666666666665	0.5	K	12	111605
372.15	0.5	nontarget	29	111645
372.15	0.5	L	13	111645
372.29	0.5	nontarget	29	111687
372.29	0.5	S	20	111687
372.42333333333335	0.5	nontarget	29	111727
372.42333333333335	0.5	P	17	111727
372.56333333333333	0.5	nontarget	29	111769
372.56333333333333	0.5	F	7	111769
372.69666666666666	0.5	nontarget	29	111809
372.69666666666666	0.5	V	23	111809
372.83666666666664	0.5	nontarget	29	111851
372.83666666666664	0.5	O	16	111851
372.97333333333336	0.5	nontarget	29	111892
372.97333333333336	0.5	T	21	111892
373.11	0.5	nontarget	29	111933
373.11	0.5	N	15	111933
373.24333333333334	0.5	nontarget	29	111973
373.24333333333334	0.5	X	25	111973
373.38	0.5	target	30	112014
373.38	0.5	<	1	112014
378.19	0.5	nontarget	29	113457
378.19	0.5	P	17	113457
378.32666666666665	0.5	nontarget	29	113498
378.32666666666665	0.5	R	19	113498
378.4633333333333	0.5	target	30	113539
378.4633333333333	0.5	<	1	113539
378.5966666666667	0.5	nontarget	29	113579
378.5966666666667	0.5	_	28	113579
378.73333333333335	0.5	nontarget	29	113620
378.73333333333335	0.5	L	13	113620
378.87	0.5	nontarget	29	113661
378.87	0.5	E	6	113661
379.01	0.5	nontarget	29	113703
379.01	0.5	Q	18	113703
379.14666666666665	0.5	nontarget	29	113744
379.14666666666665	0.5	F	7	113744
379.28333333333336	0.5	nontarget	29	113785
379.28333333333336	0.5	H	9	113785
379.42	0.5	nontarget	29	113826
379.42	0.5	Y	26	113826
379.56	0.5	nontarget	29	113868
379.56	0.5	T	21	113868
379.6933333333333	0.5	nontarget	29	113908
379.6933333333333	0.5	W	24	113908
379.83	0.5	nontarget	29	113949
379.83	0.5	D	5	113949
379.96666666666664	0.5	nontarget	29	113990
379.96666666666664	0.5	J	11	113990
380.10333333333335	0.5	nontarget	29	114031
380.10333333333335	0.5	S	20	114031
380.24	0.5	nontarget	29	114072
380.24	0.5	O	16	114072
380.37666666666667	0.5	nontarget	29	114113
380.37666666666667	0.5	N	15	114113
380.5133333333333	0.5	nontarget	29	114154
380.5133333333333	0.5	I	10	114154
380.65	0.5	nontarget	29	114195
380.65	0.5	A	2	114195
380.7866666666667	0.5	nontarget	29	114236
380.7866666666667	0.5	U	22	114236
380.92333333333335	0.5	nontarget	29	114277
380.92333333333335	0.5	B	3	114277
381.06	0.5	nontarget	29	114318
381.06	0.5	K	12	114318
381.19666666666666	0.5	nontarget	29	114359
381.19666666666666	0.5	X	25	114359
381.33666666666664	0.5	nontarget	29	114401
381.33666666666664	0.5	V	23	114401
381.47333333333336	0.5	nontarget	29	114442
381.47333333333336	0.5	C	4	114442
381.6066666666667	0.5	nontarget	29	114482
381.6066666666667	0.5	Z	27	114482
381.74666666666667	0.5	nontarget	29	114524
381.74666666666667	0.5	G	8	114524
381.8833333333333	0.5	nontarget	29	114565
381.8833333333333	0.5	M	14	114565
386.69666666666666	0.5	nontarget	29	116009
386.69666666666666	0.5	_	28	116009
386.8333333333333	0.5	nontarget	29	116050
386.8333333333333	0.5	X	25	116050
386.97	0.5	nontarget	29	116091
386.97	0.5	M	14	116091
387.1066666666667	0.5	nontarget	29	116132
387.1066666666667	0.5	O	16	116132
387.24333333333334	0.5	nontarget	29	116173
387.24333333333334	0.5	D	5	116173
387.38	0.5	nontarget	29	116214
387.38	0.5	Z	27	116214
387.51666666666665	0.5	nontarget	29	116255
387.51666666666665	0.5	U	22	116255
387.6533333333333	0.5	nontarget	29	116296
387.6533333333333	0.5	Y	26	116296
387.79	0.5	nontarget	29	116337
387.79	0.5	G	8	116337
387.9266666666667	0.5	nontarget	29	116378
387.9266666666667	0.5	A	2	116378
388.06333333333333	0.5	target	30	116419
388.06333333333333	0.5	<	1	116419
388.19666666666666	0.5	nontarget	29	116459
388.19666666666666	0.5	Q	18	116459
388.3333333333333	0.5	nontarget	29	116500
388.3333333333333	0.5	L	13	116500
388.47	0.5	nontarget	29	116541
388.47	0.5	C	4	116541
388.61	0.5	nontarget	29	116583
388.61	0.5	R	19	116583
388.74666666666667	0.5	nontarget	29	116624
388.74666666666667	0.5	T	21	116624
388.8833333333333	0.5	nontarget	29	116665
388.8833333333333	0.5	S	20	116665
389.02	0.5	nontarget	29	116706
389.02	0.5	N	15	116706
389.1566666666667	0.5	nontarget	29	116747
389.1566666666667	0.5	K	12	116747
389.29333333333335	0.5	nontarget	29	116788
389.29333333333335	0.5	F	7	116788
389.43	0.5	nontarget	29	116829
389.43	0.5	B	3	116829
389.56666666666666	0.5	nontarget	29	116870
389.56666666666666	0.5	W	24	116870
389.7033333333333	0.5	nontarget	29	116911
389.7033333333333	0.5	H	9	116911
389.84	0.5	nontarget	29	116952
389.84	0.5	J	11	116952
389.9766666666667	0.5	nontarget	29	116993
389.9766666666667	0.5	V	23	116993
390.11333333333334	0.5	nontarget	29	117034
390.11333333333334	0.5	P	17	117034
390.25333333333333	0.5	nontarget	29	117076
390.25333333333333	0.5	E	6	117076
390.39	0.5	nontarget	29	117117
390.39	0.5	I	10	117117
395.2033333333333	0.5	nontarget	29	118561
395.2033333333333	0.5	C	4	118561
395.33666666666664	0.5	nontarget	29	118601
395.33666666666664	0.5	D	5	118601
395.47333333333336	0.5	nontarget	29	118642
395.47333333333336	0.5	X	25	118642
395.61	0.5	nontarget	29	118683
395.61	0.5	W	24	118683
395.74666666666667	0.5	nontarget	29	118724
395.74666666666667	0.5	F	7	118724
395.88666666666666	0.5	nontarget	29	118766
395.88666666666666	0.5	R	19	118766
396.02	0.5	nontarget	29	118806
396.02	0.5	P	17	118806
396.16	0.5	nontarget	29	118848
396.16	0.5	Y	26	118848
396.3	0.5	nontarget	29	118890
396.3	0.5	T	21	118890
396.43666666666667	0.5	nontarget	29	118931
396.43666666666667	0.5	Q	18	118931
396.5733333333333	0.5	target	30	118972
396.5733333333333	0.5	<	1	118972
396.71	0.5	nontarget	29	119013
396.71	0.5	Z	27	119013
396.8466666666667	0.5	nontarget	29	119054
396.8466666666667	0.5	E	6	119054
396.98333333333335	0.5	nontarget	29	119095
396.98333333333335	0.5	S	20	119095
397.12	0.5	nontarget	29	119136
397.12	0.5	N	15	119136
397.25666666666666	0.5	nontarget	29	119177
397.25666666666666	0.5	B	3	119177
397.3933333333333	0.5	nontarget	29	119218
397.3933333333333	0.5	V	23	119218
397.53	0.5	nontarget	29	119259
397.53	0.5	I	10	119259
397.6666666666667	0.5	nontarget	29	119300
397.6666666666667	0.5	J	11	119300
397.80333333333334	0.5	nontarget	29	119341
397.80333333333334	0.5	G	8	119341
397.94	0.5	nontarget	29	119382
397.94	0.5	O	16	119382
398.14666666666665	0.5	nontarget	29	119444
398.14666666666665	0.5	L	13	119444
398.28333333333336	0.5	nontarget	29	119485
398.28333333333336	0.5	U	22	119485
398.42	0.5	nontarget	29	119526
398.42	0.5	_	28	119526
398.56	0.5	nontarget	29	119568
398.56	0.5	M	14	119568
398.69666666666666	0.5	nontarget	29	119609
398.69666666666666	0.5	K	12	119609
398.8333333333333	0.5	nontarget	29	119650
398.8333333333333	0.5	A	2	119650
398.97	0.5	nontarget	29	119691
398.97	0.5	H	9	119691
403.78	0.5	nontarget	29	121134
403.78	0.5	M	14	121134
403.9166666666667	0.5	nontarget	29	121175
403.9166666666667	0.5	S	20	121175
404.05333333333334	0.5	nontarget	29	121216
404.05333333333334	0.5	E	6	121216
404.18666666666667	0.5	nontarget	29	121256
404.18666666666667	0.5	Y	26	121256
404.32666666666665	0.5	nontarget	29	121298
404.32666666666665	0.5	L	13	121298
404.4633333333333	0.5	nontarget	29	121339
404.4633333333333	0.5	F	7	121339
404.5966666666667	0.5	nontarget	29	121379
404.5966666666667	0.5	R	19	121379
404.73333333333335	0.5	nontarget	29	121420
404.73333333333335	0.5	I	10	121420
404.87	0.5	nontarget	29	121461
404.87	0.5	P	17	121461
405.00666666666666	0.5	nontarget	29	121502
405.00666666666666	0.5	T	21	121502
405.14666666666665	0.5	nontarget	29	121544
405.14666666666665	0.5	H	9	121544
405.28333333333336	0.5	nontarget	29	121585
405.28333333333336	0.5	O	16	121585
405.42	0.5	nontarget	29	121626
405.42	0.5	W	24	121626
405.5566666666667	0.5	nontarget	29	121667
405.5566666666667	0.5	U	22	121667
405.69	0.5	nontarget	29	121707
405.69	0.5	Z	27	121707
405.82666666666665	0.5	nontarget	29	121748
405.82666666666665	0.5	A	2	121748
405.9633333333333	0.5	nontarget	29	121789
405.9633333333333	0.5	X	25	121789
406.1	0.5	nontarget	29	121830
406.1	0.5	G	8	121830
406.24	0.5	nontarget	29	121872
406.24	0.5	Q	18	121872
406.37666666666667	0.5	nontarget	29	121913
406.37666666666667	0.5	_	28	121913
406.5133333333333	0.5	nontarget	29	121954
406.5133333333333	0.5	V	23	121954
406.64666666666665	0.5	nontarget	29	121994
406.64666666666665	0.5	D	5	121994
406.7866666666667	0.5	nontarget	29	122036
406.7866666666667	0.5	B	3	122036
406.92333333333335	0.5	nontarget	29	122077
406.92333333333335	0.5	K	12	122077
407.06	0.5	nontarget	29	122118
407.06	0.5	J	11	122118
407.19666666666666	0.5	nontarget	29	122159
407.19666666666666	0.5	C	4	122159
407.3333333333333	0.5	nontarget	29	122200
407.3333333333333	0.5	N	15	122200
407.47	0.5	target	30	122241
407.47	0.5	<	1	122241
412.2866666666667	0.5	nontarget	29	123686
412.2866666666667	0.5	U	22	123686
412.42333333333335	0.5	nontarget	29	123727
412.42333333333335	0.5	G	8	123727
412.56	0.5	nontarget	29	123768
412.56	0.5	J	11	123768
412.7	0.5	nontarget	29	123810
412.7	0.5	C	4	123810
412.8333333333333	0.5	nontarget	29	123850
412.8333333333333	0.5	V	23	123850
412.97	0.5	nontarget	29	123891
412.97	0.5	K	12	123891
413.1066666666667	0.5	nontarget	29	123932
413.1066666666667	0.5	H	9	123932
413.24333333333334	0.5	nontarget	29	123973
413.24333333333334	0.5	B	3	123973
413.3833333333333	0.5	nontarget	29	124015
413.3833333333333	0.5	L	13	124015
413.51666666666665	0.5	nontarget	29	124055
413.51666666666665	0.5	A	2	124055
413.6533333333333	0.5	nontarget	29	124096
413.6533333333333	0.5	X	25	124096
413.79333333333335	0.5	nontarget	29	124138
413.79333333333335	0.5	S	20	124138
413.93	0.5	nontarget	29	124179
413.93	0.5	F	7	124179
414.06666666666666	0.5	nontarget	29	124220
414.06666666666666	0.5	I	10	124220
414.2033333333333	0.5	nontarget	29	124261
414.2033333333333	0.5	M	14	124261
414.34	0.5	nontarget	29	124302
414.34	0.5	D	5	124302
414.48	0.5	nontarget	29	124344
414.48	0.5	Y	26	124344
414.63	0.5	nontarget	29	124389
414.63	0.5	W	24	124389
414.76666666666665	0.5	nontarget	29	124430
414.76666666666665	0.5	P	17	124430
414.9066666666667	0.5	target	30	124472
414.9066666666667	0.5	<	1	124472
415.04333333333335	0.5	nontarget	29	124513
415.04333333333335	0.5	O	16	124513
415.18	0.5	nontarget	29	124554
415.18	0.5	Q	18	124554
415.31666666666666	0.5	nontarget	29	124595
415.31666666666666	0.5	E	6	124595
415.4533333333333	0.5	nontarget	29	124636
415.4533333333333	0.5	R	19	124636
415.58666666666664	0.5	nontarget	29	124676
415.58666666666664	0.5	Z	27	124676
415.72333333333336	0.5	nontarget	29	124717
415.72333333333336	0.5	T	21	124717
415.86	0.5	nontarget	29	124758
415.86	0.5	N	15	124758
415.99666666666667	0.5	nontarget	29	124799
415.99666666666667	0.5	_	28	124799
422.81333333333333	0.5	nontarget	29	126844
422.81333333333333	0.5	I	10	126844
422.95	0.5	nontarget	29	126885
422.95	0.5	V	23	126885
423.08666666666664	0.5	nontarget	29	126926
423.08666666666664	0.5	J	11	126926
423.22333333333336	0.5	nontarget	29	126967
423.22333333333336	0.5	H	9	126967
423.36	0.5	nontarget	29	127008
423.36	0.5	S	20	127008
423.49333333333334	0.5	nontarget	29	127048
423.49333333333334	0.5	Q	18	127048
423.63	0.5	nontarget	29	127089
423.63	0.5	E	6	127089
423.77	0.5	nontarget	29	127131
423.77	0.5	N	15	127131
423.9066666666667	0.5	nontarget	29	127172
423.9066666666667	0.5	Y	26	127172
424.04333333333335	0.5	nontarget	29	127213
424.04333333333335	0.5	K	12	127213
424.18	0.5	nontarget	29	127254
424.18	0.5	M	14	127254
424.31666666666666	0.5	nontarget	29	127295
424.31666666666666	0.5	T	21	127295
424.4533333333333	0.5	nontarget	29	127336
424.4533333333333	0.5	R	19	127336
424.59	0.5	nontarget	29	127377
424.59	0.5	D	5	127377
424.7266666666667	0.5	nontarget	29	127418
424.7266666666667	0.5	_	28	127418
424.86333333333334	0.5	nontarget	29	127459
424.86333333333334	0.5	F	7	127459
425.0	0.5	nontarget	29	127500
425.0	0.5	O	16	127500
425.13666666666666	0.5	nontarget	29	127541
425.13666666666666	0.5	Z	27	127541
425.2733333333333	0.5	nontarget	29	127582
425.2733333333333	0.5	A	2	127582
425.41333333333336	0.5	nontarget	29	127624
425.41333333333336	0.5	L	13	127624
425.55	0.5	nontarget	29	127665
425.55	0.5	U	22	127665
425.68333333333334	0.5	nontarget	29	127705
425.68333333333334	0.5	B	3	127705
425.82	0.5	nontarget	29	127746
425.82	0.5	W	24	127746
425.95666666666665	0.5	nontarget	29	127787
425.95666666666665	0.5	X	25	127787
426.0933333333333	0.5	nontarget	29	127828
426.0933333333333	0.5	P	17	127828
426.23	0.5	nontarget	29	127869
426.23	0.5	C	4	127869
426.37	0.5	target	30	127911
426.37	0.5	<	1	127911
426.50666666666666	0.5	nontarget	29	127952
426.50666666666666	0.5	G	8	127952
431.31666666666666	0.5	nontarget	29	129395
431.31666666666666	0.5	X	25	129395
431.4533333333333	0.5	target	30	129436
431.4533333333333	0.5	<	1	129436
431.5933333333333	0.5	nontarget	29	129478
431.5933333333333	0.5	S	20	129478
431.73	0.5	nontarget	29	129519
431.73	0.5	H	9	129519
431.8666666666667	0.5	nontarget	29	129560
431.8666666666667	0.5	Y	26	129560
432.00333333333333	0.5	nontarget	29	129601
432.00333333333333	0.5	R	19	129601
432.13666666666666	0.5	nontarget	29	129641
432.13666666666666	0.5	B	3	129641
432.2733333333333	0.5	nontarget	29	129682
432.2733333333333	0.5	P	17	129682
432.41333333333336	0.5	nontarget	29	129724
432.41333333333336	0.5	J	11	129724
432.5466666666667	0.5	nontarget	29	129764
432.5466666666667	0.5	G	8	129764
432.68666666666667	0.5	nontarget	29	129806
432.68666666666667	0.5	C	4	129806
432.8233333333333	0.5	nontarget	29	129847
432.8233333333333	0.5	T	21	129847
432.96	0.5	nontarget	29	129888
432.96	0.5	A	2	129888
433.0966666666667	0.5	nontarget	29	129929
433.0966666666667	0.5	K	12	129929
433.23333333333335	0.5	nontarget	29	129970
433.23333333333335	0.5	N	15	129970
433.3666666666667	0.5	nontarget	29	130010
433.3666666666667	0.5	Z	27	130010
433.50333333333333	0.5	nontarget	29	130051
433.50333333333333	0.5	U	22	130051
433.64	0.5	nontarget	29	130092
433.64	0.5	_	28	130092
433.78	0.5	nontarget	29	130134
433.78	0.5	V	23	130134
433.9166666666667	0.5	nontarget	29	130175
433.9166666666667	0.5	F	7	130175
434.05333333333334	0.5	nontarget	29	130216
434.05333333333334	0.5	L	13	130216
434.19	0.5	nontarget	29	130257
434.19	0.5	D	5	130257
434.33	0.5	nontarget	29	130299
434.33	0.5	M	14	130299
434.46666666666664	0.5	nontarget	29	130340
434.46666666666664	0.5	Q	18	130340
434.60333333333335	0.5	nontarget	29	130381
434.60333333333335	0.5	E	6	130381
434.74	0.5	nontarget	29	130422
434.74	0.5	O	16	130422
434.87666666666667	0.5	nontarget	29	130463
434.87666666666667	0.5	W	24	130463
435.0133333333333	0.5	nontarget	29	130504
435.0133333333333	0.5	I	10	130504
439.82666666666665	0.5	nontarget	29	131948
439.82666666666665	0.5	P	17	131948
439.96	0.5	nontarget	29	131988
439.96	0.5	N	15	131988
440.1	0.5	nontarget	29	132030
440.1	0.5	R	19	132030
440.23333333333335	0.5	nontarget	29	132070
440.23333333333335	0.5	Z	27	132070
440.37333333333333	0.5	nontarget	29	132112
440.37333333333333	0.5	G	8	132112
440.51	0.5	nontarget	29	132153
440.51	0.5	B	3	132153
440.64666666666665	0.5	nontarget	29	132194
440.64666666666665	0.5	_	28	132194
440.78333333333336	0.5	nontarget	29	132235
440.78333333333336	0.5	D	5	132235
440.92	0.5	nontarget	29	132276
440.92	0.5	F	7	132276
441.06	0.5	nontarget	29	132318
441.06	0.5	H	9	132318
441.19666666666666	0.5	nontarget	29	132359
441.19666666666666	0.5	L	13	132359
441.3333333333333	0.5	nontarget	29	132400
441.3333333333333	0.5	S	20	132400
441.47	0.5	nontarget	29	132441
441.47	0.5	I	10	132441
441.6066666666667	0.5	nontarget	29	132482
441.6066666666667	0.5	W	24	132482
441.74333333333334	0.5	nontarget	29	132523
441.74333333333334	0.5	Y	26	132523
441.88	0.5	nontarget	29	132564
441.88	0.5	Q	18	132564
442.01666666666665	0.5	nontarget	29	132605
442.01666666666665	0.5	U	22	132605
442.1533333333333	0.5	nontarget	29	132646
442.1533333333333	0.5	E	6	132646
442.29333333333335	0.5	nontarget	29	132688
442.29333333333335	0.5	O	16	132688
442.43	0.5	nontarget	29	132729
442.43	0.5	C	4	132729
442.57	0.5	nontarget	29	132771
442.57	0.5	M	14	132771
442.70666666666665	0.5	nontarget	29	132812
442.70666666666665	0.5	A	2	132812
442.8433333333333	0.5	nontarget	29	132853
442.8433333333333	0.5	J	11	132853
442.98	0.5	target	30	132894
442.98	0.5	<	1	132894
443.1166666666667	0.5	nontarget	29	132935
443.1166666666667	0.5	T	21	132935
443.25333333333333	0.5	nontarget	29	132976
443.25333333333333	0.5	X	25	132976
443.39	0.5	nontarget	29	133017
443.39	0.5	V	23	133017
443.52666666666664	0.5	nontarget	29	133058
443.52666666666664	0.5	K	12	133058
448.3433333333333	0.5	nontarget	29	134503
448.3433333333333	0.5	C	4	134503
448.48	0.5	nontarget	29	134544
448.48	0.5	K	12	134544
448.62	0.5	nontarget	29	134586
448.62	0.5	H	9	134586
448.75666666666666	0.5	nontarget	29	134627
448.75666666666666	0.5	S	20	134627
448.89	0.5	nontarget	29	134667
448.89	0.5	_	28	134667
449.02666666666664	0.5	nontarget	29	134708
449.02666666666664	0.5	Y	26	134708
449.16333333333336	0.5	nontarget	29	134749
449.16333333333336	0.5	M	14	134749
449.3	0.5	nontarget	29	134790
449.3	0.5	D	5	134790
449.43666666666667	0.5	nontarget	29	134831
449.43666666666667	0.5	J	11	134831
449.5733333333333	0.5	nontarget	29	134872
449.5733333333333	0.5	B	3	134872
449.71	0.5	nontarget	29	134913
449.71	0.5	U	22	134913
449.85	0.5	nontarget	29	134955
449.85	0.5	O	16	134955
449.98333333333335	0.5	nontarget	29	134995
449.98333333333335	0.5	E	6	134995
450.12	0.5	nontarget	29	135036
450.12	0.5	A	2	135036
450.25666666666666	0.5	nontarget	29	135077
450.25666666666666	0.5	T	21	135077
450.3933333333333	0.5	nontarget	29	135118
450.3933333333333	0.5	G	8	135118
450.53333333333336	0.5	nontarget	29	135160
450.53333333333336	0.5	Z	27	135160
450.67	0.5	target	30	135201
450.67	0.5	<	1	135201
450.8066666666667	0.5	nontarget	29	135242
450.8066666666667	0.5	I	10	135242
450.9433333333333	0.5	nontarget	29	135283
450.9433333333333	0.5	Q	18	135283
451.08	0.5	nontarget	29	135324
451.08	0.5	N	15	135324
451.21666666666664	0.5	nontarget	29	135365
451.21666666666664	0.5	P	17	135365
451.35333333333335	0.5	nontarget	29	135406
451.35333333333335	0.5	W	24	135406
451.49	0.5	nontarget	29	135447
451.49	0.5	R	19	135447
451.62666666666667	0.5	nontarget	29	135488
451.62666666666667	0.5	X	25	135488
451.7633333333333	0.5	nontarget	29	135529
451.7633333333333	0.5	V	23	135529
451.9	0.5	nontarget	29	135570
451.9	0.5	F	7	135570
452.0366666666667	0.5	nontarget	29	135611
452.0366666666667	0.5	L	13	135611
458.85333333333335	0.5	nontarget	29	137656
458.85333333333335	0.5	X	25	137656
458.9866666666667	0.5	nontarget	29	137696
458.9866666666667	0.5	U	22	137696
459.12666666666667	0.5	nontarget	29	137738
459.12666666666667	0.5	G	8	137738
459.26	0.5	nontarget	29	137778
459.26	0.5	I	10	137778
459.4	0.5	nontarget	29	137820
459.4	0.5	V	23	137820
459.5366666666667	0.5	nontarget	29	137861
459.5366666666667	0.5	D	5	137861
459.67333333333335	0.5	nontarget	29	137902
459.67333333333335	0.5	C	4	137902
459.81	0.5	nontarget	29	137943
459.81	0.5	S	20	137943
459.94666666666666	0.5	target	30	137984
459.94666666666666	0.5	<	1	137984
460.0833333333333	0.5	nontarget	29	138025
460.0833333333333	0.5	N	15	138025
460.22	0.5	nontarget	29	138066
460.22	0.5	B	3	138066
460.36	0.5	nontarget	29	138108
460.36	0.5	W	24	138108
460.49666666666667	0.5	nontarget	29	138149
460.49666666666667	0.5	H	9	138149
460.6333333333333	0.5	nontarget	29	138190
460.6333333333333	0.5	A	2	138190
460.77	0.5	nontarget	29	138231
460.77	0.5	M	14	138231
460.9066666666667	0.5	nontarget	29	138272
460.9066666666667	0.5	E	6	138272
461.04333333333335	0.5	nontarget	29	138313
461.04333333333335	0.5	T	21	138313
461.18	0.5	nontarget	29	138354
461.18	0.5	R	19	138354
461.31666666666666	0.5	nontarget	29	138395
461.31666666666666	0.5	K	12	138395
461.4533333333333	0.5	nontarget	29	138436
461.4533333333333	0.5	Y	26	138436
461.59	0.5	nontarget	29	138477
461.59	0.5	P	17	138477
461.7266666666667	0.5	nontarget	29	138518
461.7266666666667	0.5	O	16	138518
461.86333333333334	0.5	nontarget	29	138559
461.86333333333334	0.5	F	7	138559
462.0	0.5	nontarget	29	138600
462.0	0.5	Z	27	138600
462.13666666666666	0.5	nontarget	29	138641
462.13666666666666	0.5	J	11	138641
462.2733333333333	0.5	nontarget	29	138682
462.2733333333333	0.5	_	28	138682
462.41	0.5	nontarget	29	138723
462.41	0.5	Q	18	138723
462.55	0.5	nontarget	29	138765
462.55	0.5	L	13	138765
467.36333333333334	0.5	nontarget	29	140209
467.36333333333334	0.5	G	8	140209
467.5	0.5	nontarget	29	140250
467.5	0.5	V	23	140250
467.63666666666666	0.5	nontarget	29	140291
467.63666666666666	0.5	Z	27	140291
467.7733333333333	0.5	nontarget	29	140332
467.7733333333333	0.5	_	28	140332
467.91	0.5	nontarget	29	140373
467.91	0.5	F	7	140373
468.0466666666667	0.5	nontarget	29	140414
468.0466666666667	0.5	Q	18	140414
468.18333333333334	0.5	nontarget	29	140455
468.18333333333334	0.5	T	21	140455
468.32	0.5	nontarget	29	140496
468.32	0.5	L	13	140496
468.45666666666665	0.5	nontarget	29	140537
468.45666666666665	0.5	B	3	140537
468.5933333333333	0.5	nontarget	29	140578
468.5933333333333	0.5	A	2	140578
468.73	0.5	nontarget	29	140619
468.73	0.5	D	5	140619
468.8666666666667	0.5	nontarget	29	140660
468.8666666666667	0.5	Y	26	140660
469.00666666666666	0.5	nontarget	29	140702
469.00666666666666	0.5	J	11	140702
469.1433333333333	0.5	nontarget	29	140743
469.1433333333333	0.5	P	17	140743
469.28	0.5	nontarget	29	140784
469.28	0.5	K	12	140784
469.4166666666667	0.5	nontarget	29	140825
469.4166666666667	0.5	X	25	140825
469.5566666666667	0.5	nontarget	29	140867
469.5566666666667	0.5	C	4	140867
469.6933333333333	0.5	nontarget	29	140908
469.6933333333333	0.5	E	6	140908
469.83	0.5	nontarget	29	140949
469.83	0.5	U	22	140949
469.96666666666664	0.5	nontarget	29	140990
469.96666666666664	0.5	S	20	140990
470.10333333333335	0.5	nontarget	29	141031
470.10333333333335	0.5	R	19	141031
470.24333333333334	0.5	nontarget	29	141073
470.24333333333334	0.5	O	16	141073
470.38	0.5	nontarget	29	141114
470.38	0.5	I	10	141114
470.51666666666665	0.5	target	30	141155
470.51666666666665	0.5	<	1	141155
470.6533333333333	0.5	nontarget	29	141196
470.6533333333333	0.5	W	24	141196
470.79	0.5	nontarget	29	141237
470.79	0.5	M	14	141237
470.93	0.5	nontarget	29	141279
470.93	0.5	N	15	141279
471.06666666666666	0.5	nontarget	29	141320
471.06666666666666	0.5	H	9	141320
475.94666666666666	0.5	nontarget	29	142784
475.94666666666666	0.5	Y	26	142784
476.0833333333333	0.5	nontarget	29	142825
476.0833333333333	0.5	N	15	142825
476.22	0.5	nontarget	29	142866
476.22	0.5	R	19	142866
476.36	0.5	nontarget	29	142908
476.36	0.5	Q	18	142908
476.5	0.5	nontarget	29	142950
476.5	0.5	A	2	142950
476.63666666666666	0.5	nontarget	29	142991
476.63666666666666	0.5	B	3	142991
476.7733333333333	0.5	nontarget	29	143032
476.7733333333333	0.5	D	5	143032
476.91	0.5	nontarget	29	143073
476.91	0.5	_	28	143073
477.0466666666667	0.5	nontarget	29	143114
477.0466666666667	0.5	W	24	143114
477.18333333333334	0.5	nontarget	29	143155
477.18333333333334	0.5	K	12	143155
477.3233333333333	0.5	nontarget	29	143197
477.3233333333333	0.5	F	7	143197
477.46	0.5	nontarget	29	143238
477.46	0.5	G	8	143238
477.6	0.5	nontarget	29	143280
477.6	0.5	J	11	143280
477.7366666666667	0.5	nontarget	29	143321
477.7366666666667	0.5	Z	27	143321
477.87333333333333	0.5	nontarget	29	143362
477.87333333333333	0.5	C	4	143362
478.01	0.5	nontarget	29	143403
478.01	0.5	H	9	143403
478.14666666666665	0.5	target	30	143444
478.14666666666665	0.5	<	1	143444
478.28333333333336	0.5	nontarget	29	143485
478.28333333333336	0.5	O	16	143485
478.42333333333335	0.5	nontarget	29	143527
478.42333333333335	0.5	T	21	143527
478.56	0.5	nontarget	29	143568
478.56	0.5	X	25	143568
478.69666666666666	0.5	nontarget	29	143609
478.69666666666666	0.5	M	14	143609
478.8333333333333	0.5	nontarget	29	143650
478.8333333333333	0.5	P	17	143650
478.97	0.5	nontarget	29	143691
478.97	0.5	U	22	143691
479.1066666666667	0.5	nontarget	29	143732
479.1066666666667	0.5	L	13	143732
479.24333333333334	0.5	nontarget	29	143773
479.24333333333334	0.5	S	20	143773
479.38	0.5	nontarget	29	143814
479.38	0.5	V	23	143814
479.51666666666665	0.5	nontarget	29	143855
479.51666666666665	0.5	I	10	143855
479.6533333333333	0.5	nontarget	29	143896
479.6533333333333	0.5	E	6	143896
484.46666666666664	0.5	nontarget	29	145340
484.46666666666664	0.5	W	24	145340
484.60333333333335	0.5	nontarget	29	145381
484.60333333333335	0.5	J	11	145381
484.74	0.5	nontarget	29	145422
484.74	0.5	U	22	145422
484.88	0.5	nontarget	29	145464
484.88	0.5	O	16	145464
485.01666666666665	0.5	nontarget	29	145505
485.01666666666665	0.5	E	6	145505
485.1533333333333	0.5	nontarget	29	145546
485.1533333333333	0.5	M	14	145546
485.29	0.5	nontarget	29	145587
485.29	0.5	K	12	145587
485.4266666666667	0.5	nontarget	29	145628
485.4266666666667	0.5	H	9	145628
485.56333333333333	0.5	nontarget	29	145669
485.56333333333333	0.5	N	15	145669
485.7	0.5	target	30	145710
485.7	0.5	<	1	145710
485.83666666666664	0.5	nontarget	29	145751
485.83666666666664	0.5	Z	27	145751
485.97333333333336	0.5	nontarget	29	145792
485.97333333333336	0.5	T	21	145792
486.11333333333334	0.5	nontarget	29	145834
486.11333333333334	0.5	Y	26	145834
486.25	0.5	nontarget	29	145875
486.25	0.5	F	7	145875
486.38666666666666	0.5	nontarget	29	145916
486.38666666666666	0.5	X	25	145916
486.5233333333333	0.5	nontarget	29	145957
486.5233333333333	0.5	R	19	145957
486.66	0.5	nontarget	29	145998
486.66	0.5	S	20	145998
486.7966666666667	0.5	nontarget	29	146039
486.7966666666667	0.5	L	13	146039
486.95	0.5	nontarget	29	146085
486.95	0.5	D	5	146085
487.08666666666664	0.5	nontarget	29	146126
487.08666666666664	0.5	Q	18	146126
487.22333333333336	0.5	nontarget	29	146167
487.22333333333336	0.5	B	3	146167
487.36	0.5	nontarget	29	146208
487.36	0.5	I	10	146208
487.49666666666667	0.5	nontarget	29	146249
487.49666666666667	0.5	C	4	146249
487.6333333333333	0.5	nontarget	29	146290
487.6333333333333	0.5	A	2	146290
487.7733333333333	0.5	nontarget	29	146332
487.7733333333333	0.5	V	23	146332
487.91	0.5	nontarget	29	146373
487.91	0.5	P	17	146373
488.0466666666667	0.5	nontarget	29	146414
488.0466666666667	0.5	_	28	146414
488.18333333333334	0.5	nontarget	29	146455
488.18333333333334	0.5	G	8	146455
493.0	0.5	nontarget	29	147900
493.0	0.5	F	7	147900
493.14	0.5	nontarget	29	147942
493.14	0.5	Z	27	147942
493.27666666666664	0.5	nontarget	29	147983
493.27666666666664	0.5	_	28	147983
493.41333333333336	0.5	nontarget	29	148024
493.41333333333336	0.5	L	13	148024
493.55	0.5	nontarget	29	148065
493.55	0.5	M	14	148065
493.68666666666667	0.5	nontarget	29	148106
493.68666666666667	0.5	Y	26	148106
493.8233333333333	0.5	nontarget	29	148147
493.8233333333333	0.5	H	9	148147
493.96	0.5	nontarget	29	148188
493.96	0.5	V	23	148188
494.0966666666667	0.5	nontarget	29	148229
494.0966666666667	0.5	R	19	148229
494.23333333333335	0.5	nontarget	29	148270
494.23333333333335	0.5	P	17	148270
494.37	0.5	nontarget	29	148311
494.37	0.5	N	15	148311
494.51	0.5	nontarget	29	148353
494.51	0.5	G	8	148353
494.6433333333333	0.5	target	30	148393
494.6433333333333	0.5	<	1	148393
494.78333333333336	0.5	nontarget	29	148435
494.78333333333336	0.5	T	21	148435
494.92	0.5	nontarget	29	148476
494.92	0.5	J	11	148476
495.0566666666667	0.5	nontarget	29	148517
495.0566666666667	0.5	E	6	148517
495.1933333333333	0.5	nontarget	29	148558
495.1933333333333	0.5	K	12	148558
495.33	0.5	nontarget	29	148599
495.33	0.5	O	16	148599
495.46666666666664	0.5	nontarget	29	148640
495.46666666666664	0.5	B	3	148640
495.60333333333335	0.5	nontarget	29	148681
495.60333333333335	0.5	D	5	148681
495.74333333333334	0.5	nontarget	29	148723
495.74333333333334	0.5	I	10	148723
495.88	0.5	nontarget	29	148764
495.88	0.5	Q	18	148764
496.01666666666665	0.5	nontarget	29	148805
496.01666666666665	0.5	A	2	148805
496.15	0.5	nontarget	29	148845
496.15	0.5	S	20	148845
496.2866666666667	0.5	nontarget	29	148886
496.2866666666667	0.5	U	22	148886
496.42333333333335	0.5	nontarget	29	148927
496.42333333333335	0.5	C	4	148927
496.56	0.5	nontarget	29	148968
496.56	0.5	X	25	148968
496.69666666666666	0.5	nontarget	29	149009
496.69666666666666	0.5	W	24	149009
501.51	0.5	nontarget	29	150453
501.51	0.5	N	15	150453
501.64666666666665	0.5	nontarget	29	150494
501.64666666666665	0.5	F	7	150494
501.78333333333336	0.5	nontarget	29	150535
501.78333333333336	0.5	T	21	150535
501.92333333333335	0.5	nontarget	29	150577
501.92333333333335	0.5	V	23	150577
502.06	0.5	nontarget	29	150618
502.06	0.5	S	20	150618
502.19666666666666	0.5	nontarget	29	150659
502.19666666666666	0.5	Q	18	150659
502.33666666666664	0.5	nontarget	29	150701
502.33666666666664	0.5	O	16	150701
502.47333333333336	0.5	nontarget	29	150742
502.47333333333336	0.5	K	12	150742
502.61	0.5	nontarget	29	150783
502.61	0.5	P	17	150783
502.74666666666667	0.5	target	30	150824
502.74666666666667	0.5	<	1	150824
502.8833333333333	0.5	nontarget	29	150865
502.8833333333333	0.5	C	4	150865
503.02	0.5	nontarget	29	150906
503.02	0.5	Z	27	150906
503.1566666666667	0.5	nontarget	29	150947
503.1566666666667	0.5	B	3	150947
503.29333333333335	0.5	nontarget	29	150988
503.29333333333335	0.5	A	2	150988
503.43	0.5	nontarget	29	151029
503.43	0.5	I	10	151029
503.56666666666666	0.5	nontarget	29	151070
503.56666666666666	0.5	G	8	151070
503.70666666666665	0.5	nontarget	29	151112
503.70666666666665	0.5	J	11	151112
503.8433333333333	0.5	nontarget	29	151153
503.8433333333333	0.5	H	9	151153
503.98	0.5	nontarget	29	151194
503.98	0.5	L	13	151194
504.12	0.5	nontarget	29	151236
504.12	0.5	U	22	151236
504.25666666666666	0.5	nontarget	29	151277
504.25666666666666	0.5	E	6	151277
504.3933333333333	0.5	nontarget	29	151318
504.3933333333333	0.5	_	28	151318
504.53	0.5	nontarget	29	151359
504.53	0.5	Y	26	151359
504.6666666666667	0.5	nontarget	29	151400
504.6666666666667	0.5	R	19	151400
504.80333333333334	0.5	nontarget	29	151441
504.80333333333334	0.5	W	24	151441
504.94	0.5	nontarget	29	151482
504.94	0.5	D	5	151482
505.08	0.5	nontarget	29	151524
505.08	0.5	X	25	151524
505.21666666666664	0.5	nontarget	29	151565
505.21666666666664	0.5	M	14	151565
510.03333333333336	0.5	nontarget	29	153010
510.03333333333336	0.5	J	11	153010
510.17	0.5	nontarget	29	153051
510.17	0.5	A	2	153051
510.3066666666667	0.5	nontarget	29	153092
510.3066666666667	0.5	Z	27	153092
510.4433333333333	0.5	nontarget	29	153133
510.4433333333333	0.5	Q	18	153133
510.5833333333333	0.5	nontarget	29	153175
510.5833333333333	0.5	M	14	153175
510.72	0.5	nontarget	29	153216
510.72	0.5	P	17	153216
510.86	0.5	nontarget	29	153258
510.86	0.5	R	19	153258
510.99333333333334	0.5	nontarget	29	153298
510.99333333333334	0.5	Y	26	153298
511.13	0.5	nontarget	29	153339
511.13	0.5	S	20	153339
511.27	0.5	nontarget	29	153381
511.27	0.5	V	23	153381
511.4066666666667	0.5	nontarget	29	153422
511.4066666666667	0.5	B	3	153422
511.54333333333335	0.5	nontarget	29	153463
511.54333333333335	0.5	C	4	153463
511.68	0.5	nontarget	29	153504
511.68	0.5	T	21	153504
511.81666666666666	0.5	nontarget	29	153545
511.81666666666666	0.5	K	12	153545
511.9533333333333	0.5	nontarget	29	153586
511.9533333333333	0.5	D	5	153586
512.09	0.5	nontarget	29	153627
512.09	0.5	F	7	153627
512.2266666666667	0.5	nontarget	29	153668
512.2266666666667	0.5	X	25	153668
512.3666666666667	0.5	target	30	153710
512.3666666666667	0.5	<	1	153710
512.5033333333333	0.5	nontarget	29	153751
512.5033333333333	0.5	_	28	153751
512.64	0.5	nontarget	29	153792
512.64	0.5	W	24	153792
512.7766666666666	0.5	nontarget	29	153833
512.7766666666666	0.5	H	9	153833
512.9133333333333	0.5	nontarget	29	153874
512.9133333333333	0.5	I	10	153874
513.05	0.5	nontarget	29	153915
513.05	0.5	G	8	153915
513.1866666666666	0.5	nontarget	29	153956
513.1866666666666	0.5	O	16	153956
513.3233333333334	0.5	nontarget	29	153997
513.3233333333334	0.5	E	6	153997
513.4633333333334	0.5	nontarget	29	154039
513.4633333333334	0.5	U	22	154039
513.6	0.5	nontarget	29	154080
513.6	0.5	N	15	154080
513.7366666666667	0.5	nontarget	29	154121
513.7366666666667	0.5	L	13	154121
518.5533333333333	0.5	nontarget	29	155566
518.5533333333333	0.5	H	9	155566
518.69	0.5	nontarget	29	155607
518.69	0.5	T	21	155607
518.83	0.5	nontarget	29	155649
518.83	0.5	Z	27	155649
518.9666666666667	0.5	nontarget	29	155690
518.9666666666667	0.5	G	8	155690
519.1033333333334	0.5	nontarget	29	155731
519.1033333333334	0.5	V	23	155731
519.24	0.5	nontarget	29	155772
519.24	0.5	W	24	155772
519.3766666666667	0.5	target	30	155813
519.3766666666667	0.5	<	1	155813
519.5166666666667	0.5	nontarget	29	155855
519.5166666666667	0.5	L	13	155855
519.65	0.5	nontarget	29	155895
519.65	0.5	D	5	155895
519.79	0.5	nontarget	29	155937
519.79	0.5	B	3	155937
519.9266666666666	0.5	nontarget	29	155978
519.9266666666666	0.5	J	11	155978
520.0633333333334	0.5	nontarget	29	156019
520.0633333333334	0.5	E	6	156019
520.2	0.5	nontarget	29	156060
520.2	0.5	I	10	156060
520.3366666666667	0.5	nontarget	29	156101
520.3366666666667	0.5	K	12	156101
520.4733333333334	0.5	nontarget	29	156142
520.4733333333334	0.5	R	19	156142
520.61	0.5	nontarget	29	156183
520.61	0.5	C	4	156183
520.75	0.5	nontarget	29	156225
520.75	0.5	F	7	156225
520.8866666666667	0.5	nontarget	29	156266
520.8866666666667	0.5	Y	26	156266
521.0233333333333	0.5	nontarget	29	156307
521.0233333333333	0.5	P	17	156307
521.16	0.5	nontarget	29	156348
521.16	0.5	N	15	156348
521.2966666666666	0.5	nontarget	29	156389
521.2966666666666	0.5	U	22	156389
521.4333333333333	0.5	nontarget	29	156430
521.4333333333333	0.5	X	25	156430
521.57	0.5	nontarget	29	156471
521.57	0.5	A	2	156471
521.7066666666667	0.5	nontarget	29	156512
521.7066666666667	0.5	O	16	156512
521.8433333333334	0.5	nontarget	29	156553
521.8433333333334	0.5	M	14	156553
521.98	0.5	nontarget	29	156594
521.98	0.5	S	20	156594
522.12	0.5	nontarget	29	156636
522.12	0.5	_	28	156636
522.2566666666667	0.5	nontarget	29	156677
522.2566666666667	0.5	Q	18	156677
529.0766666666667	0.5	nontarget	29	158723
529.0766666666667	0.5	L	13	158723
529.2266666666667	0.5	nontarget	29	158768
529.2266666666667	0.5	E	6	158768
529.3633333333333	0.5	nontarget	29	158809
529.3633333333333	0.5	O	16	158809
529.5	0.5	nontarget	29	158850
529.5	0.5	X	25	158850
529.6366666666667	0.5	nontarget	29	158891
529.6366666666667	0.5	C	4	158891
529.7733333333333	0.5	nontarget	29	158932
529.7733333333333	0.5	I	10	158932
529.91	0.5	nontarget	29	158973
529.91	0.5	T	21	158973
530.05	0.5	nontarget	29	159015
530.05	0.5	G	8	159015
530.1866666666666	0.5	nontarget	29	159056
530.1866666666666	0.5	Y	26	159056
530.3233333333334	0.5	nontarget	29	159097
530.3233333333334	0.5	F	7	159097
530.46	0.5	nontarget	29	159138
530.46	0.5	W	24	159138
530.5966666666667	0.5	nontarget	29	159179
530.5966666666667	0.5	V	23	159179
530.73	0.5	nontarget	29	159219
530.73	0.5	R	19	159219
530.87	0.5	nontarget	29	159261
530.87	0.5	H	9	159261
531.0066666666667	0.5	nontarget	29	159302
531.0066666666667	0.5	N	15	159302
531.1433333333333	0.5	nontarget	29	159343
531.1433333333333	0.5	Q	18	159343
531.2833333333333	0.5	target	30	159385
531.2833333333333	0.5	<	1	159385
531.42	0.5	nontarget	29	159426
531.42	0.5	S	20	159426
531.5566666666666	0.5	nontarget	29	159467
531.5566666666666	0.5	K	12	159467
531.6933333333334	0.5	nontarget	29	159508
531.6933333333334	0.5	B	3	159508
531.83	0.5	nontarget	29	159549
531.83	0.5	P	17	159549
531.9666666666667	0.5	nontarget	29	159590
531.9666666666667	0.5	D	5	159590
532.1066666666667	0.5	nontarget	29	159632
532.1066666666667	0.5	Z	27	159632
532.2433333333333	0.5	nontarget	29	159673
532.2433333333333	0.5	U	22	159673
532.3833333333333	0.5	nontarget	29	159715
532.3833333333333	0.5	M	14	159715
532.52	0.5	nontarget	29	159756
532.52	0.5	J	11	159756
532.6533333333333	0.5	nontarget	29	159796
532.6533333333333	0.5	_	28	159796
532.79	0.5	nontarget	29	159837
532.79	0.5	A	2	159837
537.6066666666667	0.5	nontarget	29	161282
537.6066666666667	0.5	B	3	161282
537.7433333333333	0.5	target	30	161323
537.7433333333333	0.5	<	1	161323
537.88	0.5	nontarget	29	161364
537.88	0.5	Y	26	161364
538.0166666666667	0.5	nontarget	29	161405
538.0166666666667	0.5	I	10	161405
538.1533333333333	0.5	nontarget	29	161446
538.1533333333333	0.5	Z	27	161446
538.29	0.5	nontarget	29	161487
538.29	0.5	X	25	161487
538.43	0.5	nontarget	29	161529
538.43	0.5	C	4	161529
538.5666666666667	0.5	nontarget	29	161570
538.5666666666667	0.5	S	20	161570
538.7033333333334	0.5	nontarget	29	161611
538.7033333333334	0.5	K	12	161611
538.84	0.5	nontarget	29	161652
538.84	0.5	E	6	161652
538.9766666666667	0.5	nontarget	29	161693
538.9766666666667	0.5	U	22	161693
539.1133333333333	0.5	nontarget	29	161734
539.1133333333333	0.5	A	2	161734
539.25	0.5	nontarget	29	161775
539.25	0.5	L	13	161775
539.39	0.5	nontarget	29	161817
539.39	0.5	T	21	161817
539.5266666666666	0.5	nontarget	29	161858
539.5266666666666	0.5	V	23	161858
539.6633333333333	0.5	nontarget	29	161899
539.6633333333333	0.5	H	9	161899
539.8	0.5	nontarget	29	161940
539.8	0.5	G	8	161940
539.9366666666666	0.5	nontarget	29	161981
539.9366666666666	0.5	Q	18	161981
540.0733333333334	0.5	nontarget	29	162022
540.0733333333334	0.5	_	28	162022
540.21	0.5	nontarget	29	162063
540.21	0.5	M	14	162063
540.3466666666667	0.5	nontarget	29	162104
540.3466666666667	0.5	W	24	162104
540.4833333333333	0.5	nontarget	29	162145
540.4833333333333	0.5	O	16	162145
540.62	0.5	nontarget	29	162186
540.62	0.5	F	7	162186
540.7566666666667	0.5	nontarget	29	162227
540.7566666666667	0.5	D	5	162227
540.8933333333333	0.5	nontarget	29	162268
540.8933333333333	0.5	P	17	162268
541.03	0.5	nontarget	29	162309
541.03	0.5	R	19	162309
541.1666666666666	0.5	nontarget	29	162350
541.1666666666666	0.5	J	11	162350
541.3033333333333	0.5	nontarget	29	162391
541.3033333333333	0.5	N	15	162391
546.12	0.5	nontarget	29	163836
546.12	0.5	C	4	163836
546.2566666666667	0.5	target	30	163877
546.2566666666667	0.5	<	1	163877
546.3966666666666	0.5	nontarget	29	163919
546.3966666666666	0.5	_	28	163919
546.5366666666666	0.5	nontarget	29	163961
546.5366666666666	0.5	T	21	163961
546.67	0.5	nontarget	29	164001
546.67	0.5	Y	26	164001
546.8766666666667	0.5	nontarget	29	164063
546.8766666666667	0.5	A	2	164063
547.0133333333333	0.5	nontarget	29	164104
547.0133333333333	0.5	V	23	164104
547.1533333333333	0.5	nontarget	29	164146
547.1533333333333	0.5	F	7	164146
547.29	0.5	nontarget	29	164187
547.29	0.5	P	17	164187
547.4266666666666	0.5	nontarget	29	164228
547.4266666666666	0.5	H	9	164228
547.5633333333334	0.5	nontarget	29	164269
547.5633333333334	0.5	M	14	164269
547.7	0.5	nontarget	29	164310
547.7	0.5	X	25	164310
547.8366666666667	0.5	nontarget	29	164351
547.8366666666667	0.5	Q	18	164351
547.9766666666667	0.5	nontarget	29	164393
547.9766666666667	0.5	U	22	164393
548.1133333333333	0.5	nontarget	29	164434
548.1133333333333	0.5	G	8	164434
548.25	0.5	nontarget	29	164475
548.25	0.5	R	19	164475
548.39	0.5	nontarget	29	164517
548.39	0.5	B	3	164517
548.5266666666666	0.5	nontarget	29	164558
548.5266666666666	0.5	W	24	164558
548.6633333333333	0.5	nontarget	29	164599
548.6633333333333	0.5	J	11	164599
548.8	0.5	nontarget	29	164640
548.8	0.5	E	6	164640
548.9366666666666	0.5	nontarget	29	164681
548.9366666666666	0.5	Z	27	164681
549.0733333333334	0.5	nontarget	29	164722
549.0733333333334	0.5	K	12	164722
549.21	0.5	nontarget	29	164763
549.21	0.5	O	16	164763
549.35	0.5	nontarget	29	164805
549.35	0.5	S	20	164805
549.4866666666667	0.5	nontarget	29	164846
549.4866666666667	0.5	N	15	164846
549.6233333333333	0.5	nontarget	29	164887
549.6233333333333	0.5	I	10	164887
549.76	0.5	nontarget	29	164928
549.76	0.5	L	13	164928
549.8966666666666	0.5	nontarget	29	164969
549.8966666666666	0.5	D	5	164969
554.7166666666667	0.5	nontarget	29	166415
554.7166666666667	0.5	A	2	166415
554.85	0.5	nontarget	29	166455
554.85	0.5	F	7	166455
554.99	0.5	nontarget	29	166497
554.99	0.5	S	20	166497
555.1233333333333	0.5	target	30	166537
555.1233333333333	0.5	<	1	166537
555.26	0.5	nontarget	29	166578
555.26	0.5	Q	18	166578
555.3966666666666	0.5	nontarget	29	166619
555.3966666666666	0.5	X	25	166619
555.5366666666666	0.5	nontarget	29	166661
555.5366666666666	0.5	W	24	166661
555.6733333333333	0.5	nontarget	29	166702
555.6733333333333	0.5	K	12	166702
555.81	0.5	nontarget	29	166743
555.81	0.5	L	13	166743
555.9466666666667	0.5	nontarget	29	166784
555.9466666666667	0.5	M	14	166784
556.08	0.5	nontarget	29	166824
556.08	0.5	T	21	166824
556.2166666666667	0.5	nontarget	29	166865
556.2166666666667	0.5	C	4	166865
556.3533333333334	0.5	nontarget	29	166906
556.3533333333334	0.5	D	5	166906
556.49	0.5	nontarget	29	166947
556.49	0.5	Y	26	166947
556.6266666666667	0.5	nontarget	29	166988
556.6266666666667	0.5	N	15	166988
556.7633333333333	0.5	nontarget	29	167029
556.7633333333333	0.5	I	10	167029
556.9	0.5	nontarget	29	167070
556.9	0.5	V	23	167070
557.04	0.5	nontarget	29	167112
557.04	0.5	P	17	167112
557.1766666666666	0.5	nontarget	29	167153
557.1766666666666	0.5	G	8	167153
557.31	0.5	nontarget	29	167193
557.31	0.5	Z	27	167193
557.4466666666667	0.5	nontarget	29	167234
557.4466666666667	0.5	B	3	167234
557.5833333333334	0.5	nontarget	29	167275
557.5833333333334	0.5	_	28	167275
557.7166666666667	0.5	nontarget	29	167315
557.7166666666667	0.5	R	19	167315
557.8533333333334	0.5	nontarget	29	167356
557.8533333333334	0.5	J	11	167356
557.99	0.5	nontarget	29	167397
557.99	0.5	O	16	167397
558.1266666666667	0.5	nontarget	29	167438
558.1266666666667	0.5	E	6	167438
558.2666666666667	0.5	nontarget	29	167480
558.2666666666667	0.5	H	9	167480
558.4033333333333	0.5	nontarget	29	167521
558.4033333333333	0.5	U	22	167521
563.22	0.5	nontarget	29	168966
563.22	0.5	Q	18	168966
563.3566666666667	0.5	nontarget	29	169007
563.3566666666667	0.5	H	9	169007
563.4933333333333	0.5	nontarget	29	169048
563.4933333333333	0.5	T	21	169048
563.63	0.5	nontarget	29	169089
563.63	0.5	Y	26	169089
563.7666666666667	0.5	target	30	169130
563.7666666666667	0.5	<	1	169130
563.9033333333333	0.5	nontarget	29	169171
563.9033333333333	0.5	A	2	169171
564.04	0.5	nontarget	29	169212
564.04	0.5	_	28	169212
564.1766666666666	0.5	nontarget	29	169253
564.1766666666666	0.5	K	12	169253
564.3133333333334	0.5	nontarget	29	169294
564.3133333333334	0.5	V	23	169294
564.4533333333334	0.5	nontarget	29	169336
564.4533333333334	0.5	R	19	169336
564.59	0.5	nontarget	29	169377
564.59	0.5	M	14	169377
564.7266666666667	0.5	nontarget	29	169418
564.7266666666667	0.5	B	3	169418
564.86	0.5	nontarget	29	169458
564.86	0.5	G	8	169458
564.9966666666667	0.5	nontarget	29	169499
564.9966666666667	0.5	N	15	169499
565.1333333333333	0.5	nontarget	29	169540
565.1333333333333	0.5	S	20	169540
565.2733333333333	0.5	nontarget	29	169582
565.2733333333333	0.5	L	13	169582
565.41	0.5	nontarget	29	169623
565.41	0.5	W	24	169623
565.5466666666666	0.5	nontarget	29	169664
565.5466666666666	0.5	F	7	169664
565.6833333333333	0.5	nontarget	29	169705
565.6833333333333	0.5	U	22	169705
565.82	0.5	nontarget	29	169746
565.82	0.5	I	10	169746
565.9566666666667	0.5	nontarget	29	169787
565.9566666666667	0.5	J	11	169787
566.0933333333334	0.5	nontarget	29	169828
566.0933333333334	0.5	C	4	169828
566.23	0.5	nontarget	29	169869
566.23	0.5	D	5	169869
566.3666666666667	0.5	nontarget	29	169910
566.3666666666667	0.5	O	16	169910
566.5033333333333	0.5	nontarget	29	169951
566.5033333333333	0.5	P	17	169951
566.64	0.5	nontarget	29	169992
566.64	0.5	X	25	169992
566.7766666666666	0.5	nontarget	29	170033
566.7766666666666	0.5	Z	27	170033
566.9133333333333	0.5	nontarget	29	170074
566.9133333333333	0.5	E	6	170074
571.73	0.5	nontarget	29	171519
571.73	0.5	G	8	171519
571.8666666666667	0.5	nontarget	29	171560
571.8666666666667	0.5	R	19	171560
572.0033333333333	0.5	nontarget	29	171601
572.0033333333333	0.5	H	9	171601
572.14	0.5	nontarget	29	171642
572.14	0.5	B	3	171642
572.2766666666666	0.5	nontarget	29	171683
572.2766666666666	0.5	O	16	171683
572.4133333333333	0.5	nontarget	29	171724
572.4133333333333	0.5	Y	26	171724
572.55	0.5	nontarget	29	171765
572.55	0.5	N	15	171765
572.69	0.5	nontarget	29	171807
572.69	0.5	K	12	171807
572.8233333333334	0.5	nontarget	29	171847
572.8233333333334	0.5	M	14	171847
572.9633333333334	0.5	nontarget	29	171889
572.9633333333334	0.5	A	2	171889
573.1	0.5	nontarget	29	171930
573.1	0.5	W	24	171930
573.2366666666667	0.5	nontarget	29	171971
573.2366666666667	0.5	L	13	171971
573.3733333333333	0.5	nontarget	29	172012
573.3733333333333	0.5	Q	18	172012
573.51	0.5	nontarget	29	172053
573.51	0.5	X	25	172053
573.6433333333333	0.5	nontarget	29	172093
573.6433333333333	0.5	P	17	172093
573.7833333333333	0.5	nontarget	29	172135
573.7833333333333	0.5	C	4	172135
573.92	0.5	nontarget	29	172176
573.92	0.5	S	20	172176
574.0566666666666	0.5	target	30	172217
574.0566666666666	0.5	<	1	172217
574.1933333333334	0.5	nontarget	29	172258
574.1933333333334	0.5	F	7	172258
574.33	0.5	nontarget	29	172299
574.33	0.5	Z	27	172299
574.4666666666667	0.5	nontarget	29	172340
574.4666666666667	0.5	J	11	172340
574.6033333333334	0.5	nontarget	29	172381
574.6033333333334	0.5	E	6	172381
574.74	0.5	nontarget	29	172422
574.74	0.5	_	28	172422
574.8733333333333	0.5	nontarget	29	172462
574.8733333333333	0.5	T	21	172462
575.0133333333333	0.5	nontarget	29	172504
575.0133333333333	0.5	D	5	172504
575.1466666666666	0.5	nontarget	29	172544
575.1466666666666	0.5	U	22	172544
575.2833333333333	0.5	nontarget	29	172585
575.2833333333333	0.5	V	23	172585
575.4233333333333	0.5	nontarget	29	172627
575.4233333333333	0.5	I	10	172627
580.2366666666667	0.5	nontarget	29	174071
580.2366666666667	0.5	I	10	174071
580.3733333333333	0.5	nontarget	29	174112
580.3733333333333	0.5	C	4	174112
580.51	0.5	nontarget	29	174153
580.51	0.5	O	16	174153
580.65	0.5	nontarget	29	174195
580.65	0.5	V	23	174195
580.7833333333333	0.5	nontarget	29	174235
580.7833333333333	0.5	Q	18	174235
580.92	0.5	nontarget	29	174276
580.92	0.5	P	17	174276
581.0566666666666	0.5	nontarget	29	174317
581.0566666666666	0.5	U	22	174317
581.1933333333334	0.5	nontarget	29	174358
581.1933333333334	0.5	D	5	174358
581.33	0.5	nontarget	29	174399
581.33	0.5	_	28	174399
581.4666666666667	0.5	nontarget	29	174440
581.4666666666667	0.5	E	6	174440
581.6033333333334	0.5	nontarget	29	174481
581.6033333333334	0.5	A	2	174481
581.7433333333333	0.5	nontarget	29	174523
581.7433333333333	0.5	T	21	174523
581.88	0.5	nontarget	29	174564
581.88	0.5	W	24	174564
582.0166666666667	0.5	nontarget	29	174605
582.0166666666667	0.5	G	8	174605
582.1533333333333	0.5	nontarget	29	174646
582.1533333333333	0.5	N	15	174646
582.29	0.5	nontarget	29	174687
582.29	0.5	K	12	174687
582.43	0.5	nontarget	29	174729
582.43	0.5	J	11	174729
582.5666666666667	0.5	nontarget	29	174770
582.5666666666667	0.5	B	3	174770
582.7033333333334	0.5	nontarget	29	174811
582.7033333333334	0.5	L	13	174811
582.84	0.5	nontarget	29	174852
582.84	0.5	R	19	174852
582.9766666666667	0.5	nontarget	29	174893
582.9766666666667	0.5	M	14	174893
583.1133333333333	0.5	nontarget	29	174934
583.1133333333333	0.5	Z	27	174934
583.25	0.5	nontarget	29	174975
583.25	0.5	F	7	174975
583.3866666666667	0.5	nontarget	29	175016
583.3866666666667	0.5	Y	26	175016
583.5233333333333	0.5	nontarget	29	175057
583.5233333333333	0.5	S	20	175057
583.66	0.5	nontarget	29	175098
583.66	0.5	H	9	175098
583.7966666666666	0.5	nontarget	29	175139
583.7966666666666	0.5	X	25	175139
583.9333333333333	0.5	target	30	175180
583.9333333333333	0.5	<	1	175180
588.75	0.5	nontarget	29	176625
588.75	0.5	H	9	176625
588.8866666666667	0.5	nontarget	29	176666
588.8866666666667	0.5	L	13	176666
589.0233333333333	0.5	nontarget	29	176707
589.0233333333333	0.5	U	22	176707
589.16	0.5	nontarget	29	176748
589.16	0.5	T	21	176748
589.2966666666666	0.5	nontarget	29	176789
589.2966666666666	0.5	X	25	176789
589.4333333333333	0.5	nontarget	29	176830
589.4333333333333	0.5	G	8	176830
589.57	0.5	nontarget	29	176871
589.57	0.5	A	2	176871
589.71	0.5	nontarget	29	176913
589.71	0.5	_	28	176913
589.8466666666667	0.5	nontarget	29	176954
589.8466666666667	0.5	I	10	176954
589.9833333333333	0.5	nontarget	29	176995
589.9833333333333	0.5	Z	27	176995
590.12	0.5	nontarget	29	177036
590.12	0.5	E	6	177036
590.26	0.5	nontarget	29	177078
590.26	0.5	K	12	177078
590.3966666666666	0.5	nontarget	29	177119
590.3966666666666	0.5	P	17	177119
590.5333333333333	0.5	target	30	177160
590.5333333333333	0.5	<	1	177160
590.67	0.5	nontarget	29	177201
590.67	0.5	R	19	177201
590.8066666666666	0.5	nontarget	29	177242
590.8066666666666	0.5	V	23	177242
590.9433333333334	0.5	nontarget	29	177283
590.9433333333334	0.5	Y	26	177283
591.0833333333334	0.5	nontarget	29	177325
591.0833333333334	0.5	O	16	177325
591.22	0.5	nontarget	29	177366
591.22	0.5	J	11	177366
591.3566666666667	0.5	nontarget	29	177407
591.3566666666667	0.5	B	3	177407
591.4933333333333	0.5	nontarget	29	177448
591.4933333333333	0.5	Q	18	177448
591.63	0.5	nontarget	29	177489
591.63	0.5	F	7	177489
591.7666666666667	0.5	nontarget	29	177530
591.7666666666667	0.5	M	14	177530
591.9066666666666	0.5	nontarget	29	177572
591.9066666666666	0.5	S	20	177572
592.0433333333333	0.5	nontarget	29	177613
592.0433333333333	0.5	D	5	177613
592.18	0.5	nontarget	29	177654
592.18	0.5	C	4	177654
592.3166666666667	0.5	nontarget	29	177695
592.3166666666667	0.5	W	24	177695
592.4566666666667	0.5	nontarget	29	177737
592.4566666666667	0.5	N	15	177737
