onset	duration	trial_type	value	sample
13.8	0.5	nontarget	29	4140
13.8	0.5	L	13	4140
13.936666666666667	0.5	nontarget	29	4181
13.936666666666667	0.5	A	2	4181
14.07	0.5	nontarget	29	4221
14.07	0.5	P	17	4221
14.206666666666667	0.5	target	30	4262
14.206666666666667	0.5	S	20	4262
14.343333333333334	0.5	nontarget	29	4303
14.343333333333334	0.5	W	24	4303
14.48	0.5	nontarget	29	4344
14.48	0.5	_	28	4344
14.616666666666667	0.5	nontarget	29	4385
14.616666666666667	0.5	G	8	4385
14.75	0.5	nontarget	29	4425
14.75	0.5	Z	27	4425
14.89	0.5	nontarget	29	4467
14.89	0.5	U	22	4467
15.023333333333333	0.5	nontarget	29	4507
15.023333333333333	0.5	F	7	4507
15.163333333333334	0.5	nontarget	29	4549
15.163333333333334	0.5	N	15	4549
15.3	0.5	nontarget	29	4590
15.3	0.5	Q	18	4590
15.433333333333334	0.5	nontarget	29	4630
15.433333333333334	0.5	X	25	4630
15.57	0.5	nontarget	29	4671
15.57	0.5	E	6	4671
15.706666666666667	0.5	nontarget	29	4712
15.706666666666667	0.5	B	3	4712
15.84	0.5	nontarget	29	4752
15.84	0.5	M	14	4752
15.976666666666667	0.5	nontarget	29	4793
15.976666666666667	0.5	I	10	4793
16.11	0.5	nontarget	29	4833
16.11	0.5	Y	26	4833
16.246666666666666	0.5	nontarget	29	4874
16.246666666666666	0.5	T	21	4874
16.38	0.5	nontarget	29	4914
16.38	0.5	<	1	4914
16.516666666666666	0.5	nontarget	29	4955
16.516666666666666	0.5	R	19	4955
16.65	0.5	nontarget	29	4995
16.65	0.5	O	16	4995
16.786666666666665	0.5	nontarget	29	5036
16.786666666666665	0.5	J	11	5036
16.92	0.5	nontarget	29	5076
16.92	0.5	V	23	5076
17.05666666666667	0.5	nontarget	29	5117
17.05666666666667	0.5	C	4	5117
17.19	0.5	nontarget	29	5157
17.19	0.5	H	9	5157
17.326666666666668	0.5	nontarget	29	5198
17.326666666666668	0.5	D	5	5198
17.463333333333335	0.5	nontarget	29	5239
17.463333333333335	0.5	K	12	5239
22.263333333333332	0.5	nontarget	29	6679
22.263333333333332	0.5	F	7	6679
22.4	0.5	nontarget	29	6720
22.4	0.5	K	12	6720
22.536666666666665	0.5	nontarget	29	6761
22.536666666666665	0.5	J	11	6761
22.673333333333332	0.5	nontarget	29	6802
22.673333333333332	0.5	D	5	6802
22.81	0.5	nontarget	29	6843
22.81	0.5	U	22	6843
22.946666666666665	0.5	nontarget	29	6884
22.946666666666665	0.5	I	10	6884
23.083333333333332	0.5	nontarget	29	6925
23.083333333333332	0.5	N	15	6925
23.22	0.5	nontarget	29	6966
23.22	0.5	<	1	6966
23.356666666666666	0.5	nontarget	29	7007
23.356666666666666	0.5	C	4	7007
23.49	0.5	nontarget	29	7047
23.49	0.5	O	16	7047
23.626666666666665	0.5	nontarget	29	7088
23.626666666666665	0.5	B	3	7088
23.763333333333332	0.5	nontarget	29	7129
23.763333333333332	0.5	G	8	7129
23.9	0.5	nontarget	29	7170
23.9	0.5	M	14	7170
24.036666666666665	0.5	nontarget	29	7211
24.036666666666665	0.5	_	28	7211
24.173333333333332	0.5	nontarget	29	7252
24.173333333333332	0.5	W	24	7252
24.31	0.5	nontarget	29	7293
24.31	0.5	T	21	7293
24.446666666666665	0.5	target	30	7334
24.446666666666665	0.5	S	20	7334
24.583333333333332	0.5	nontarget	29	7375
24.583333333333332	0.5	A	2	7375
24.72	0.5	nontarget	29	7416
24.72	0.5	R	19	7416
24.85333333333333	0.5	nontarget	29	7456
24.85333333333333	0.5	H	9	7456
24.99	0.5	nontarget	29	7497
24.99	0.5	V	23	7497
25.126666666666665	0.5	nontarget	29	7538
25.126666666666665	0.5	P	17	7538
25.263333333333332	0.5	nontarget	29	7579
25.263333333333332	0.5	Q	18	7579
25.39666666666667	0.5	nontarget	29	7619
25.39666666666667	0.5	Y	26	7619
25.533333333333335	0.5	nontarget	29	7660
25.533333333333335	0.5	Z	27	7660
25.673333333333332	0.5	nontarget	29	7702
25.673333333333332	0.5	E	6	7702
25.81	0.5	nontarget	29	7743
25.81	0.5	L	13	7743
25.946666666666665	0.5	nontarget	29	7784
25.946666666666665	0.5	X	25	7784
30.743333333333332	0.5	nontarget	29	9223
30.743333333333332	0.5	G	8	9223
30.88	0.5	nontarget	29	9264
30.88	0.5	F	7	9264
31.016666666666666	0.5	nontarget	29	9305
31.016666666666666	0.5	Z	27	9305
31.153333333333332	0.5	nontarget	29	9346
31.153333333333332	0.5	B	3	9346
31.29	0.5	nontarget	29	9387
31.29	0.5	U	22	9387
31.426666666666666	0.5	nontarget	29	9428
31.426666666666666	0.5	E	6	9428
31.563333333333333	0.5	nontarget	29	9469
31.563333333333333	0.5	Y	26	9469
31.7	0.5	nontarget	29	9510
31.7	0.5	M	14	9510
31.833333333333332	0.5	nontarget	29	9550
31.833333333333332	0.5	R	19	9550
31.97	0.5	nontarget	29	9591
31.97	0.5	H	9	9591
32.10666666666667	0.5	nontarget	29	9632
32.10666666666667	0.5	_	28	9632
32.24	0.5	nontarget	29	9672
32.24	0.5	W	24	9672
32.376666666666665	0.5	nontarget	29	9713
32.376666666666665	0.5	Q	18	9713
32.51	0.5	nontarget	29	9753
32.51	0.5	V	23	9753
32.64333333333333	0.5	nontarget	29	9793
32.64333333333333	0.5	<	1	9793
32.78	0.5	nontarget	29	9834
32.78	0.5	C	4	9834
32.916666666666664	0.5	nontarget	29	9875
32.916666666666664	0.5	J	11	9875
33.05	0.5	nontarget	29	9915
33.05	0.5	I	10	9915
33.18666666666667	0.5	nontarget	29	9956
33.18666666666667	0.5	O	16	9956
33.32333333333333	0.5	nontarget	29	9997
33.32333333333333	0.5	X	25	9997
33.46	0.5	nontarget	29	10038
33.46	0.5	D	5	10038
33.593333333333334	0.5	nontarget	29	10078
33.593333333333334	0.5	L	13	10078
33.733333333333334	0.5	nontarget	29	10120
33.733333333333334	0.5	A	2	10120
33.87	0.5	nontarget	29	10161
33.87	0.5	T	21	10161
34.01	0.5	target	30	10203
34.01	0.5	S	20	10203
34.14666666666667	0.5	nontarget	29	10244
34.14666666666667	0.5	K	12	10244
34.28333333333333	0.5	nontarget	29	10285
34.28333333333333	0.5	P	17	10285
34.416666666666664	0.5	nontarget	29	10325
34.416666666666664	0.5	N	15	10325
39.21333333333333	0.5	nontarget	29	11764
39.21333333333333	0.5	_	28	11764
39.346666666666664	0.5	nontarget	29	11804
39.346666666666664	0.5	B	3	11804
39.483333333333334	0.5	nontarget	29	11845
39.483333333333334	0.5	G	8	11845
39.62	0.5	nontarget	29	11886
39.62	0.5	H	9	11886
39.75666666666667	0.5	nontarget	29	11927
39.75666666666667	0.5	Z	27	11927
39.89333333333333	0.5	nontarget	29	11968
39.89333333333333	0.5	F	7	11968
40.03	0.5	nontarget	29	12009
40.03	0.5	X	25	12009
40.163333333333334	0.5	nontarget	29	12049
40.163333333333334	0.5	O	16	12049
40.3	0.5	nontarget	29	12090
40.3	0.5	T	21	12090
40.43666666666667	0.5	nontarget	29	12131
40.43666666666667	0.5	L	13	12131
40.57333333333333	0.5	target	30	12172
40.57333333333333	0.5	S	20	12172
40.71	0.5	nontarget	29	12213
40.71	0.5	R	19	12213
40.846666666666664	0.5	nontarget	29	12254
40.846666666666664	0.5	N	15	12254
41.053333333333335	0.5	nontarget	29	12316
41.053333333333335	0.5	Y	26	12316
41.19	0.5	nontarget	29	12357
41.19	0.5	W	24	12357
41.32333333333333	0.5	nontarget	29	12397
41.32333333333333	0.5	C	4	12397
41.46	0.5	nontarget	29	12438
41.46	0.5	D	5	12438
41.596666666666664	0.5	nontarget	29	12479
41.596666666666664	0.5	<	1	12479
41.733333333333334	0.5	nontarget	29	12520
41.733333333333334	0.5	E	6	12520
41.86666666666667	0.5	nontarget	29	12560
41.86666666666667	0.5	K	12	12560
42.00333333333333	0.5	nontarget	29	12601
42.00333333333333	0.5	A	2	12601
42.14	0.5	nontarget	29	12642
42.14	0.5	M	14	12642
42.276666666666664	0.5	nontarget	29	12683
42.276666666666664	0.5	J	11	12683
42.41	0.5	nontarget	29	12723
42.41	0.5	U	22	12723
42.54666666666667	0.5	nontarget	29	12764
42.54666666666667	0.5	I	10	12764
42.68333333333333	0.5	nontarget	29	12805
42.68333333333333	0.5	P	17	12805
42.81666666666667	0.5	nontarget	29	12845
42.81666666666667	0.5	V	23	12845
42.95333333333333	0.5	nontarget	29	12886
42.95333333333333	0.5	Q	18	12886
47.74666666666667	0.5	nontarget	29	14324
47.74666666666667	0.5	E	6	14324
47.88333333333333	0.5	nontarget	29	14365
47.88333333333333	0.5	_	28	14365
48.02333333333333	0.5	nontarget	29	14407
48.02333333333333	0.5	C	4	14407
48.156666666666666	0.5	nontarget	29	14447
48.156666666666666	0.5	I	10	14447
48.29333333333334	0.5	nontarget	29	14488
48.29333333333334	0.5	T	21	14488
48.43	0.5	nontarget	29	14529
48.43	0.5	Q	18	14529
48.57	0.5	nontarget	29	14571
48.57	0.5	O	16	14571
48.70333333333333	0.5	nontarget	29	14611
48.70333333333333	0.5	P	17	14611
48.843333333333334	0.5	nontarget	29	14653
48.843333333333334	0.5	D	5	14653
48.98	0.5	nontarget	29	14694
48.98	0.5	X	25	14694
49.11666666666667	0.5	nontarget	29	14735
49.11666666666667	0.5	R	19	14735
49.25333333333333	0.5	nontarget	29	14776
49.25333333333333	0.5	L	13	14776
49.39	0.5	nontarget	29	14817
49.39	0.5	N	15	14817
49.526666666666664	0.5	nontarget	29	14858
49.526666666666664	0.5	K	12	14858
49.663333333333334	0.5	nontarget	29	14899
49.663333333333334	0.5	Z	27	14899
49.8	0.5	nontarget	29	14940
49.8	0.5	G	8	14940
49.93666666666667	0.5	nontarget	29	14981
49.93666666666667	0.5	V	23	14981
50.07333333333333	0.5	target	30	15022
50.07333333333333	0.5	S	20	15022
50.21	0.5	nontarget	29	15063
50.21	0.5	Y	26	15063
50.343333333333334	0.5	nontarget	29	15103
50.343333333333334	0.5	M	14	15103
50.48	0.5	nontarget	29	15144
50.48	0.5	H	9	15144
50.61666666666667	0.5	nontarget	29	15185
50.61666666666667	0.5	J	11	15185
50.75333333333333	0.5	nontarget	29	15226
50.75333333333333	0.5	A	2	15226
50.88666666666666	0.5	nontarget	29	15266
50.88666666666666	0.5	F	7	15266
51.026666666666664	0.5	nontarget	29	15308
51.026666666666664	0.5	W	24	15308
51.163333333333334	0.5	nontarget	29	15349
51.163333333333334	0.5	<	1	15349
51.3	0.5	nontarget	29	15390
51.3	0.5	B	3	15390
51.43333333333333	0.5	nontarget	29	15430
51.43333333333333	0.5	U	22	15430
58.24333333333333	0.5	nontarget	29	17473
58.24333333333333	0.5	K	12	17473
58.38	0.5	target	30	17514
58.38	0.5	C	4	17514
58.516666666666666	0.5	nontarget	29	17555
58.516666666666666	0.5	Y	26	17555
58.65	0.5	nontarget	29	17595
58.65	0.5	I	10	17595
58.78666666666667	0.5	nontarget	29	17636
58.78666666666667	0.5	D	5	17636
58.92333333333333	0.5	nontarget	29	17677
58.92333333333333	0.5	W	24	17677
59.056666666666665	0.5	nontarget	29	17717
59.056666666666665	0.5	V	23	17717
59.193333333333335	0.5	nontarget	29	17758
59.193333333333335	0.5	_	28	17758
59.33	0.5	nontarget	29	17799
59.33	0.5	T	21	17799
59.46666666666667	0.5	nontarget	29	17840
59.46666666666667	0.5	L	13	17840
59.60333333333333	0.5	nontarget	29	17881
59.60333333333333	0.5	O	16	17881
59.74333333333333	0.5	nontarget	29	17923
59.74333333333333	0.5	<	1	17923
59.88	0.5	nontarget	29	17964
59.88	0.5	H	9	17964
60.016666666666666	0.5	nontarget	29	18005
60.016666666666666	0.5	S	20	18005
60.153333333333336	0.5	nontarget	29	18046
60.153333333333336	0.5	Z	27	18046
60.28666666666667	0.5	nontarget	29	18086
60.28666666666667	0.5	U	22	18086
60.42333333333333	0.5	nontarget	29	18127
60.42333333333333	0.5	F	7	18127
60.56	0.5	nontarget	29	18168
60.56	0.5	J	11	18168
60.696666666666665	0.5	nontarget	29	18209
60.696666666666665	0.5	R	19	18209
60.833333333333336	0.5	nontarget	29	18250
60.833333333333336	0.5	X	25	18250
60.97	0.5	nontarget	29	18291
60.97	0.5	Q	18	18291
61.10666666666667	0.5	nontarget	29	18332
61.10666666666667	0.5	N	15	18332
61.24333333333333	0.5	nontarget	29	18373
61.24333333333333	0.5	M	14	18373
61.376666666666665	0.5	nontarget	29	18413
61.376666666666665	0.5	G	8	18413
61.513333333333335	0.5	nontarget	29	18454
61.513333333333335	0.5	E	6	18454
61.65	0.5	nontarget	29	18495
61.65	0.5	P	17	18495
61.78666666666667	0.5	nontarget	29	18536
61.78666666666667	0.5	A	2	18536
61.92333333333333	0.5	nontarget	29	18577
61.92333333333333	0.5	B	3	18577
66.72333333333333	0.5	nontarget	29	20017
66.72333333333333	0.5	P	17	20017
66.86	0.5	nontarget	29	20058
66.86	0.5	O	16	20058
66.99666666666667	0.5	nontarget	29	20099
66.99666666666667	0.5	U	22	20099
67.13333333333334	0.5	nontarget	29	20140
67.13333333333334	0.5	A	2	20140
67.26666666666667	0.5	nontarget	29	20180
67.26666666666667	0.5	B	3	20180
67.40333333333334	0.5	nontarget	29	20221
67.40333333333334	0.5	H	9	20221
67.54	0.5	nontarget	29	20262
67.54	0.5	E	6	20262
67.67666666666666	0.5	nontarget	29	20303
67.67666666666666	0.5	X	25	20303
67.81333333333333	0.5	nontarget	29	20344
67.81333333333333	0.5	Q	18	20344
67.95	0.5	nontarget	29	20385
67.95	0.5	D	5	20385
68.08666666666667	0.5	nontarget	29	20426
68.08666666666667	0.5	M	14	20426
68.22	0.5	nontarget	29	20466
68.22	0.5	S	20	20466
68.35666666666667	0.5	nontarget	29	20507
68.35666666666667	0.5	Z	27	20507
68.49333333333334	0.5	nontarget	29	20548
68.49333333333334	0.5	V	23	20548
68.63	0.5	nontarget	29	20589
68.63	0.5	_	28	20589
68.76666666666667	0.5	nontarget	29	20630
68.76666666666667	0.5	Y	26	20630
68.90333333333334	0.5	nontarget	29	20671
68.90333333333334	0.5	N	15	20671
69.04	0.5	nontarget	29	20712
69.04	0.5	L	13	20712
69.17666666666666	0.5	target	30	20753
69.17666666666666	0.5	C	4	20753
69.31333333333333	0.5	nontarget	29	20794
69.31333333333333	0.5	K	12	20794
69.45	0.5	nontarget	29	20835
69.45	0.5	<	1	20835
69.58666666666667	0.5	nontarget	29	20876
69.58666666666667	0.5	J	11	20876
69.72666666666667	0.5	nontarget	29	20918
69.72666666666667	0.5	R	19	20918
69.86333333333333	0.5	nontarget	29	20959
69.86333333333333	0.5	F	7	20959
70.0	0.5	nontarget	29	21000
70.0	0.5	W	24	21000
70.13666666666667	0.5	nontarget	29	21041
70.13666666666667	0.5	T	21	21041
70.27333333333333	0.5	nontarget	29	21082
70.27333333333333	0.5	G	8	21082
70.41	0.5	nontarget	29	21123
70.41	0.5	I	10	21123
75.21	0.5	nontarget	29	22563
75.21	0.5	O	16	22563
75.34333333333333	0.5	nontarget	29	22603
75.34333333333333	0.5	A	2	22603
75.48	0.5	nontarget	29	22644
75.48	0.5	G	8	22644
75.61333333333333	0.5	nontarget	29	22684
75.61333333333333	0.5	Y	26	22684
75.75	0.5	nontarget	29	22725
75.75	0.5	X	25	22725
75.88666666666667	0.5	nontarget	29	22766
75.88666666666667	0.5	P	17	22766
76.02666666666667	0.5	nontarget	29	22808
76.02666666666667	0.5	_	28	22808
76.16333333333333	0.5	nontarget	29	22849
76.16333333333333	0.5	E	6	22849
76.31333333333333	0.5	nontarget	29	22894
76.31333333333333	0.5	U	22	22894
76.45	0.5	nontarget	29	22935
76.45	0.5	K	12	22935
76.58666666666667	0.5	nontarget	29	22976
76.58666666666667	0.5	F	7	22976
76.72333333333333	0.5	nontarget	29	23017
76.72333333333333	0.5	I	10	23017
76.86	0.5	nontarget	29	23058
76.86	0.5	V	23	23058
76.99666666666667	0.5	nontarget	29	23099
76.99666666666667	0.5	Q	18	23099
77.13333333333334	0.5	nontarget	29	23140
77.13333333333334	0.5	J	11	23140
77.26666666666667	0.5	nontarget	29	23180
77.26666666666667	0.5	H	9	23180
77.40333333333334	0.5	target	30	23221
77.40333333333334	0.5	C	4	23221
77.54	0.5	nontarget	29	23262
77.54	0.5	N	15	23262
77.67666666666666	0.5	nontarget	29	23303
77.67666666666666	0.5	<	1	23303
77.81333333333333	0.5	nontarget	29	23344
77.81333333333333	0.5	R	19	23344
77.95	0.5	nontarget	29	23385
77.95	0.5	B	3	23385
78.08666666666667	0.5	nontarget	29	23426
78.08666666666667	0.5	L	13	23426
78.22333333333333	0.5	nontarget	29	23467
78.22333333333333	0.5	W	24	23467
78.36	0.5	nontarget	29	23508
78.36	0.5	S	20	23508
78.49666666666667	0.5	nontarget	29	23549
78.49666666666667	0.5	D	5	23549
78.63333333333334	0.5	nontarget	29	23590
78.63333333333334	0.5	Z	27	23590
78.77	0.5	nontarget	29	23631
78.77	0.5	T	21	23631
78.90666666666667	0.5	nontarget	29	23672
78.90666666666667	0.5	M	14	23672
83.70666666666666	0.5	nontarget	29	25112
83.70666666666666	0.5	_	28	25112
83.84333333333333	0.5	target	30	25153
83.84333333333333	0.5	C	4	25153
83.98	0.5	nontarget	29	25194
83.98	0.5	N	15	25194
84.11666666666666	0.5	nontarget	29	25235
84.11666666666666	0.5	O	16	25235
84.25333333333333	0.5	nontarget	29	25276
84.25333333333333	0.5	X	25	25276
84.39	0.5	nontarget	29	25317
84.39	0.5	G	8	25317
84.52666666666667	0.5	nontarget	29	25358
84.52666666666667	0.5	W	24	25358
84.66333333333333	0.5	nontarget	29	25399
84.66333333333333	0.5	P	17	25399
84.8	0.5	nontarget	29	25440
84.8	0.5	S	20	25440
84.93666666666667	0.5	nontarget	29	25481
84.93666666666667	0.5	Q	18	25481
85.07333333333334	0.5	nontarget	29	25522
85.07333333333334	0.5	E	6	25522
85.21	0.5	nontarget	29	25563
85.21	0.5	B	3	25563
85.34666666666666	0.5	nontarget	29	25604
85.34666666666666	0.5	I	10	25604
85.48333333333333	0.5	nontarget	29	25645
85.48333333333333	0.5	H	9	25645
85.62	0.5	nontarget	29	25686
85.62	0.5	J	11	25686
85.75666666666666	0.5	nontarget	29	25727
85.75666666666666	0.5	T	21	25727
85.89333333333333	0.5	nontarget	29	25768
85.89333333333333	0.5	Y	26	25768
86.03	0.5	nontarget	29	25809
86.03	0.5	V	23	25809
86.17	0.5	nontarget	29	25851
86.17	0.5	Z	27	25851
86.30666666666667	0.5	nontarget	29	25892
86.30666666666667	0.5	M	14	25892
86.44333333333333	0.5	nontarget	29	25933
86.44333333333333	0.5	D	5	25933
86.58	0.5	nontarget	29	25974
86.58	0.5	U	22	25974
86.71666666666667	0.5	nontarget	29	26015
86.71666666666667	0.5	F	7	26015
86.85333333333334	0.5	nontarget	29	26056
86.85333333333334	0.5	L	13	26056
86.99333333333334	0.5	nontarget	29	26098
86.99333333333334	0.5	A	2	26098
87.13	0.5	nontarget	29	26139
87.13	0.5	<	1	26139
87.26666666666667	0.5	nontarget	29	26180
87.26666666666667	0.5	R	19	26180
87.4	0.5	nontarget	29	26220
87.4	0.5	K	12	26220
92.2	0.5	nontarget	29	27660
92.2	0.5	T	21	27660
92.33666666666667	0.5	nontarget	29	27701
92.33666666666667	0.5	Z	27	27701
92.47333333333333	0.5	nontarget	29	27742
92.47333333333333	0.5	M	14	27742
92.61	0.5	nontarget	29	27783
92.61	0.5	S	20	27783
92.74666666666667	0.5	nontarget	29	27824
92.74666666666667	0.5	W	24	27824
92.88333333333334	0.5	nontarget	29	27865
92.88333333333334	0.5	Q	18	27865
93.02	0.5	nontarget	29	27906
93.02	0.5	B	3	27906
93.16	0.5	nontarget	29	27948
93.16	0.5	L	13	27948
93.29666666666667	0.5	nontarget	29	27989
93.29666666666667	0.5	K	12	27989
93.43333333333334	0.5	nontarget	29	28030
93.43333333333334	0.5	U	22	28030
93.57	0.5	nontarget	29	28071
93.57	0.5	V	23	28071
93.70333333333333	0.5	nontarget	29	28111
93.70333333333333	0.5	J	11	28111
93.84	0.5	nontarget	29	28152
93.84	0.5	G	8	28152
93.97666666666667	0.5	nontarget	29	28193
93.97666666666667	0.5	F	7	28193
94.11	0.5	nontarget	29	28233
94.11	0.5	P	17	28233
94.24666666666667	0.5	nontarget	29	28274
94.24666666666667	0.5	A	2	28274
94.38333333333334	0.5	nontarget	29	28315
94.38333333333334	0.5	H	9	28315
94.52	0.5	nontarget	29	28356
94.52	0.5	I	10	28356
94.65666666666667	0.5	nontarget	29	28397
94.65666666666667	0.5	<	1	28397
94.79333333333334	0.5	nontarget	29	28438
94.79333333333334	0.5	N	15	28438
94.93	0.5	nontarget	29	28479
94.93	0.5	X	25	28479
95.06666666666666	0.5	nontarget	29	28520
95.06666666666666	0.5	O	16	28520
95.20333333333333	0.5	target	30	28561
95.20333333333333	0.5	C	4	28561
95.34	0.5	nontarget	29	28602
95.34	0.5	_	28	28602
95.47666666666667	0.5	nontarget	29	28643
95.47666666666667	0.5	E	6	28643
95.61666666666666	0.5	nontarget	29	28685
95.61666666666666	0.5	D	5	28685
95.75333333333333	0.5	nontarget	29	28726
95.75333333333333	0.5	Y	26	28726
95.89	0.5	nontarget	29	28767
95.89	0.5	R	19	28767
100.69	0.5	nontarget	29	30207
100.69	0.5	W	24	30207
100.82666666666667	0.5	nontarget	29	30248
100.82666666666667	0.5	X	25	30248
100.96333333333334	0.5	nontarget	29	30289
100.96333333333334	0.5	R	19	30289
101.1	0.5	nontarget	29	30330
101.1	0.5	D	5	30330
101.23666666666666	0.5	nontarget	29	30371
101.23666666666666	0.5	J	11	30371
101.37333333333333	0.5	nontarget	29	30412
101.37333333333333	0.5	Y	26	30412
101.51	0.5	nontarget	29	30453
101.51	0.5	Q	18	30453
101.64666666666666	0.5	nontarget	29	30494
101.64666666666666	0.5	I	10	30494
101.78333333333333	0.5	nontarget	29	30535
101.78333333333333	0.5	V	23	30535
101.92	0.5	nontarget	29	30576
101.92	0.5	O	16	30576
102.06	0.5	nontarget	29	30618
102.06	0.5	T	21	30618
102.19333333333333	0.5	nontarget	29	30658
102.19333333333333	0.5	_	28	30658
102.33	0.5	nontarget	29	30699
102.33	0.5	Z	27	30699
102.46666666666667	0.5	nontarget	29	30740
102.46666666666667	0.5	B	3	30740
102.60333333333334	0.5	nontarget	29	30781
102.60333333333334	0.5	N	15	30781
102.74	0.5	nontarget	29	30822
102.74	0.5	H	9	30822
102.87333333333333	0.5	nontarget	29	30862
102.87333333333333	0.5	M	14	30862
103.01333333333334	0.5	nontarget	29	30904
103.01333333333334	0.5	S	20	30904
103.15	0.5	nontarget	29	30945
103.15	0.5	K	12	30945
103.28666666666666	0.5	nontarget	29	30986
103.28666666666666	0.5	L	13	30986
103.42333333333333	0.5	nontarget	29	31027
103.42333333333333	0.5	E	6	31027
103.56	0.5	nontarget	29	31068
103.56	0.5	G	8	31068
103.69666666666667	0.5	target	30	31109
103.69666666666667	0.5	C	4	31109
103.83333333333333	0.5	nontarget	29	31150
103.83333333333333	0.5	P	17	31150
103.97	0.5	nontarget	29	31191
103.97	0.5	<	1	31191
104.10666666666667	0.5	nontarget	29	31232
104.10666666666667	0.5	U	22	31232
104.24333333333334	0.5	nontarget	29	31273
104.24333333333334	0.5	A	2	31273
104.38	0.5	nontarget	29	31314
104.38	0.5	F	7	31314
109.17666666666666	0.5	target	30	32753
109.17666666666666	0.5	C	4	32753
109.31333333333333	0.5	nontarget	29	32794
109.31333333333333	0.5	U	22	32794
109.45	0.5	nontarget	29	32835
109.45	0.5	P	17	32835
109.58666666666667	0.5	nontarget	29	32876
109.58666666666667	0.5	Q	18	32876
109.72333333333333	0.5	nontarget	29	32917
109.72333333333333	0.5	S	20	32917
109.86	0.5	nontarget	29	32958
109.86	0.5	B	3	32958
109.99666666666667	0.5	nontarget	29	32999
109.99666666666667	0.5	F	7	32999
110.13333333333334	0.5	nontarget	29	33040
110.13333333333334	0.5	J	11	33040
110.26666666666667	0.5	nontarget	29	33080
110.26666666666667	0.5	I	10	33080
110.40333333333334	0.5	nontarget	29	33121
110.40333333333334	0.5	K	12	33121
110.53666666666666	0.5	nontarget	29	33161
110.53666666666666	0.5	O	16	33161
110.67333333333333	0.5	nontarget	29	33202
110.67333333333333	0.5	<	1	33202
110.81	0.5	nontarget	29	33243
110.81	0.5	E	6	33243
110.94333333333333	0.5	nontarget	29	33283
110.94333333333333	0.5	D	5	33283
111.08	0.5	nontarget	29	33324
111.08	0.5	Z	27	33324
111.22	0.5	nontarget	29	33366
111.22	0.5	A	2	33366
111.35666666666667	0.5	nontarget	29	33407
111.35666666666667	0.5	_	28	33407
111.49333333333334	0.5	nontarget	29	33448
111.49333333333334	0.5	R	19	33448
111.62666666666667	0.5	nontarget	29	33488
111.62666666666667	0.5	H	9	33488
111.76666666666667	0.5	nontarget	29	33530
111.76666666666667	0.5	X	25	33530
111.90333333333334	0.5	nontarget	29	33571
111.90333333333334	0.5	G	8	33571
112.04	0.5	nontarget	29	33612
112.04	0.5	N	15	33612
112.24	0.5	nontarget	29	33672
112.24	0.5	Y	26	33672
112.37666666666667	0.5	nontarget	29	33713
112.37666666666667	0.5	W	24	33713
112.51333333333334	0.5	nontarget	29	33754
112.51333333333334	0.5	V	23	33754
112.65	0.5	nontarget	29	33795
112.65	0.5	M	14	33795
112.78666666666666	0.5	nontarget	29	33836
112.78666666666666	0.5	T	21	33836
112.92	0.5	nontarget	29	33876
112.92	0.5	L	13	33876
117.72	0.5	nontarget	29	35316
117.72	0.5	U	22	35316
117.85666666666667	0.5	nontarget	29	35357
117.85666666666667	0.5	P	17	35357
117.99333333333334	0.5	nontarget	29	35398
117.99333333333334	0.5	E	6	35398
118.13	0.5	nontarget	29	35439
118.13	0.5	O	16	35439
118.27	0.5	nontarget	29	35481
118.27	0.5	W	24	35481
118.41	0.5	nontarget	29	35523
118.41	0.5	I	10	35523
118.54333333333334	0.5	nontarget	29	35563
118.54333333333334	0.5	D	5	35563
118.68	0.5	nontarget	29	35604
118.68	0.5	L	13	35604
118.81666666666666	0.5	nontarget	29	35645
118.81666666666666	0.5	N	15	35645
118.95333333333333	0.5	nontarget	29	35686
118.95333333333333	0.5	V	23	35686
119.09	0.5	nontarget	29	35727
119.09	0.5	H	9	35727
119.22666666666667	0.5	nontarget	29	35768
119.22666666666667	0.5	<	1	35768
119.36333333333333	0.5	nontarget	29	35809
119.36333333333333	0.5	B	3	35809
119.5	0.5	nontarget	29	35850
119.5	0.5	K	12	35850
119.63333333333334	0.5	nontarget	29	35890
119.63333333333334	0.5	Z	27	35890
119.77333333333333	0.5	target	30	35932
119.77333333333333	0.5	C	4	35932
119.91	0.5	nontarget	29	35973
119.91	0.5	A	2	35973
120.04333333333334	0.5	nontarget	29	36013
120.04333333333334	0.5	J	11	36013
120.18	0.5	nontarget	29	36054
120.18	0.5	Y	26	36054
120.31666666666666	0.5	nontarget	29	36095
120.31666666666666	0.5	G	8	36095
120.45333333333333	0.5	nontarget	29	36136
120.45333333333333	0.5	X	25	36136
120.59	0.5	nontarget	29	36177
120.59	0.5	Q	18	36177
120.72666666666667	0.5	nontarget	29	36218
120.72666666666667	0.5	S	20	36218
120.86	0.5	nontarget	29	36258
120.86	0.5	_	28	36258
121.0	0.5	nontarget	29	36300
121.0	0.5	R	19	36300
121.13666666666667	0.5	nontarget	29	36341
121.13666666666667	0.5	T	21	36341
121.27	0.5	nontarget	29	36381
121.27	0.5	F	7	36381
121.41	0.5	nontarget	29	36423
121.41	0.5	M	14	36423
128.21	0.5	nontarget	29	38463
128.21	0.5	I	10	38463
128.35	0.5	target	30	38505
128.35	0.5	<	1	38505
128.48666666666668	0.5	nontarget	29	38546
128.48666666666668	0.5	U	22	38546
128.62	0.5	nontarget	29	38586
128.62	0.5	Z	27	38586
128.75666666666666	0.5	nontarget	29	38627
128.75666666666666	0.5	N	15	38627
128.89333333333335	0.5	nontarget	29	38668
128.89333333333335	0.5	L	13	38668
129.03	0.5	nontarget	29	38709
129.03	0.5	G	8	38709
129.16666666666666	0.5	nontarget	29	38750
129.16666666666666	0.5	W	24	38750
129.30333333333334	0.5	nontarget	29	38791
129.30333333333334	0.5	J	11	38791
129.44	0.5	nontarget	29	38832
129.44	0.5	C	4	38832
129.57666666666665	0.5	nontarget	29	38873
129.57666666666665	0.5	R	19	38873
129.71333333333334	0.5	nontarget	29	38914
129.71333333333334	0.5	B	3	38914
129.85	0.5	nontarget	29	38955
129.85	0.5	Y	26	38955
129.98333333333332	0.5	nontarget	29	38995
129.98333333333332	0.5	_	28	38995
130.12	0.5	nontarget	29	39036
130.12	0.5	T	21	39036
130.26	0.5	nontarget	29	39078
130.26	0.5	P	17	39078
130.39333333333335	0.5	nontarget	29	39118
130.39333333333335	0.5	F	7	39118
130.53	0.5	nontarget	29	39159
130.53	0.5	E	6	39159
130.66666666666666	0.5	nontarget	29	39200
130.66666666666666	0.5	V	23	39200
130.80333333333334	0.5	nontarget	29	39241
130.80333333333334	0.5	Q	18	39241
130.93666666666667	0.5	nontarget	29	39281
130.93666666666667	0.5	S	20	39281
131.07333333333332	0.5	nontarget	29	39322
131.07333333333332	0.5	X	25	39322
131.20666666666668	0.5	nontarget	29	39362
131.20666666666668	0.5	M	14	39362
131.34333333333333	0.5	nontarget	29	39403
131.34333333333333	0.5	O	16	39403
131.48	0.5	nontarget	29	39444
131.48	0.5	H	9	39444
131.61666666666667	0.5	nontarget	29	39485
131.61666666666667	0.5	A	2	39485
131.75333333333333	0.5	nontarget	29	39526
131.75333333333333	0.5	K	12	39526
131.89333333333335	0.5	nontarget	29	39568
131.89333333333335	0.5	D	5	39568
136.69666666666666	0.5	nontarget	29	41009
136.69666666666666	0.5	P	17	41009
136.83	0.5	nontarget	29	41049
136.83	0.5	B	3	41049
136.96666666666667	0.5	nontarget	29	41090
136.96666666666667	0.5	V	23	41090
137.10333333333332	0.5	nontarget	29	41131
137.10333333333332	0.5	Y	26	41131
137.24	0.5	nontarget	29	41172
137.24	0.5	H	9	41172
137.37333333333333	0.5	nontarget	29	41212
137.37333333333333	0.5	I	10	41212
137.51	0.5	nontarget	29	41253
137.51	0.5	R	19	41253
137.65	0.5	nontarget	29	41295
137.65	0.5	M	14	41295
137.78666666666666	0.5	nontarget	29	41336
137.78666666666666	0.5	C	4	41336
137.92333333333335	0.5	nontarget	29	41377
137.92333333333335	0.5	F	7	41377
138.06	0.5	nontarget	29	41418
138.06	0.5	K	12	41418
138.19666666666666	0.5	nontarget	29	41459
138.19666666666666	0.5	_	28	41459
138.33333333333334	0.5	target	30	41500
138.33333333333334	0.5	<	1	41500
138.47	0.5	nontarget	29	41541
138.47	0.5	N	15	41541
138.60666666666665	0.5	nontarget	29	41582
138.60666666666665	0.5	L	13	41582
138.74333333333334	0.5	nontarget	29	41623
138.74333333333334	0.5	E	6	41623
138.87666666666667	0.5	nontarget	29	41663
138.87666666666667	0.5	S	20	41663
139.01666666666668	0.5	nontarget	29	41705
139.01666666666668	0.5	W	24	41705
139.15333333333334	0.5	nontarget	29	41746
139.15333333333334	0.5	G	8	41746
139.29	0.5	nontarget	29	41787
139.29	0.5	U	22	41787
139.42333333333335	0.5	nontarget	29	41827
139.42333333333335	0.5	O	16	41827
139.56	0.5	nontarget	29	41868
139.56	0.5	D	5	41868
139.69666666666666	0.5	nontarget	29	41909
139.69666666666666	0.5	J	11	41909
139.83333333333334	0.5	nontarget	29	41950
139.83333333333334	0.5	X	25	41950
139.97	0.5	nontarget	29	41991
139.97	0.5	Q	18	41991
140.10666666666665	0.5	nontarget	29	42032
140.10666666666665	0.5	T	21	42032
140.24666666666667	0.5	nontarget	29	42074
140.24666666666667	0.5	Z	27	42074
140.38333333333333	0.5	nontarget	29	42115
140.38333333333333	0.5	A	2	42115
145.18333333333334	0.5	nontarget	29	43555
145.18333333333334	0.5	D	5	43555
145.32	0.5	nontarget	29	43596
145.32	0.5	I	10	43596
145.45333333333335	0.5	nontarget	29	43636
145.45333333333335	0.5	J	11	43636
145.59	0.5	nontarget	29	43677
145.59	0.5	E	6	43677
145.72666666666666	0.5	nontarget	29	43718
145.72666666666666	0.5	P	17	43718
145.86333333333334	0.5	nontarget	29	43759
145.86333333333334	0.5	Y	26	43759
146.0	0.5	target	30	43800
146.0	0.5	<	1	43800
146.13666666666666	0.5	nontarget	29	43841
146.13666666666666	0.5	_	28	43841
146.27333333333334	0.5	nontarget	29	43882
146.27333333333334	0.5	H	9	43882
146.40666666666667	0.5	nontarget	29	43922
146.40666666666667	0.5	O	16	43922
146.54333333333332	0.5	nontarget	29	43963
146.54333333333332	0.5	S	20	43963
146.68	0.5	nontarget	29	44004
146.68	0.5	B	3	44004
146.81666666666666	0.5	nontarget	29	44045
146.81666666666666	0.5	N	15	44045
146.95333333333335	0.5	nontarget	29	44086
146.95333333333335	0.5	L	13	44086
147.09	0.5	nontarget	29	44127
147.09	0.5	A	2	44127
147.22333333333333	0.5	nontarget	29	44167
147.22333333333333	0.5	Q	18	44167
147.36	0.5	nontarget	29	44208
147.36	0.5	X	25	44208
147.49666666666667	0.5	nontarget	29	44249
147.49666666666667	0.5	K	12	44249
147.63	0.5	nontarget	29	44289
147.63	0.5	V	23	44289
147.76666666666668	0.5	nontarget	29	44330
147.76666666666668	0.5	M	14	44330
147.90333333333334	0.5	nontarget	29	44371
147.90333333333334	0.5	F	7	44371
148.04	0.5	nontarget	29	44412
148.04	0.5	Z	27	44412
148.17666666666668	0.5	nontarget	29	44453
148.17666666666668	0.5	C	4	44453
148.31	0.5	nontarget	29	44493
148.31	0.5	R	19	44493
148.44666666666666	0.5	nontarget	29	44534
148.44666666666666	0.5	U	22	44534
148.58333333333334	0.5	nontarget	29	44575
148.58333333333334	0.5	W	24	44575
148.72	0.5	nontarget	29	44616
148.72	0.5	G	8	44616
148.85666666666665	0.5	nontarget	29	44657
148.85666666666665	0.5	T	21	44657
153.66	0.5	nontarget	29	46098
153.66	0.5	A	2	46098
153.79666666666665	0.5	nontarget	29	46139
153.79666666666665	0.5	B	3	46139
153.93	0.5	nontarget	29	46179
153.93	0.5	I	10	46179
154.06666666666666	0.5	nontarget	29	46220
154.06666666666666	0.5	C	4	46220
154.20333333333335	0.5	nontarget	29	46261
154.20333333333335	0.5	X	25	46261
154.33666666666667	0.5	nontarget	29	46301
154.33666666666667	0.5	V	23	46301
154.47333333333333	0.5	nontarget	29	46342
154.47333333333333	0.5	F	7	46342
154.61	0.5	nontarget	29	46383
154.61	0.5	G	8	46383
154.74666666666667	0.5	nontarget	29	46424
154.74666666666667	0.5	J	11	46424
154.88333333333333	0.5	nontarget	29	46465
154.88333333333333	0.5	_	28	46465
155.02	0.5	nontarget	29	46506
155.02	0.5	R	19	46506
155.15666666666667	0.5	nontarget	29	46547
155.15666666666667	0.5	L	13	46547
155.29	0.5	nontarget	29	46587
155.29	0.5	U	22	46587
155.43	0.5	nontarget	29	46629
155.43	0.5	P	17	46629
155.56666666666666	0.5	nontarget	29	46670
155.56666666666666	0.5	D	5	46670
155.7	0.5	nontarget	29	46710
155.7	0.5	O	16	46710
155.84	0.5	target	30	46752
155.84	0.5	<	1	46752
155.97666666666666	0.5	nontarget	29	46793
155.97666666666666	0.5	S	20	46793
156.11333333333334	0.5	nontarget	29	46834
156.11333333333334	0.5	Z	27	46834
156.25	0.5	nontarget	29	46875
156.25	0.5	H	9	46875
156.38666666666666	0.5	nontarget	29	46916
156.38666666666666	0.5	Q	18	46916
156.52333333333334	0.5	nontarget	29	46957
156.52333333333334	0.5	K	12	46957
156.66	0.5	nontarget	29	46998
156.66	0.5	T	21	46998
156.79666666666665	0.5	nontarget	29	47039
156.79666666666665	0.5	M	14	47039
156.93	0.5	nontarget	29	47079
156.93	0.5	Y	26	47079
157.06666666666666	0.5	nontarget	29	47120
157.06666666666666	0.5	N	15	47120
157.20333333333335	0.5	nontarget	29	47161
157.20333333333335	0.5	W	24	47161
157.34	0.5	nontarget	29	47202
157.34	0.5	E	6	47202
162.14666666666668	0.5	nontarget	29	48644
162.14666666666668	0.5	Y	26	48644
162.28	0.5	nontarget	29	48684
162.28	0.5	V	23	48684
162.42	0.5	nontarget	29	48726
162.42	0.5	W	24	48726
162.55666666666667	0.5	nontarget	29	48767
162.55666666666667	0.5	S	20	48767
162.69	0.5	nontarget	29	48807
162.69	0.5	C	4	48807
162.82666666666665	0.5	nontarget	29	48848
162.82666666666665	0.5	_	28	48848
162.96333333333334	0.5	nontarget	29	48889
162.96333333333334	0.5	D	5	48889
163.1	0.5	nontarget	29	48930
163.1	0.5	T	21	48930
163.23333333333332	0.5	nontarget	29	48970
163.23333333333332	0.5	X	25	48970
163.37	0.5	nontarget	29	49011
163.37	0.5	E	6	49011
163.50666666666666	0.5	nontarget	29	49052
163.50666666666666	0.5	B	3	49052
163.64333333333335	0.5	nontarget	29	49093
163.64333333333335	0.5	N	15	49093
163.77666666666667	0.5	nontarget	29	49133
163.77666666666667	0.5	O	16	49133
163.91666666666666	0.5	nontarget	29	49175
163.91666666666666	0.5	L	13	49175
164.05333333333334	0.5	nontarget	29	49216
164.05333333333334	0.5	H	9	49216
164.19	0.5	nontarget	29	49257
164.19	0.5	P	17	49257
164.32333333333332	0.5	nontarget	29	49297
164.32333333333332	0.5	Z	27	49297
164.46	0.5	nontarget	29	49338
164.46	0.5	I	10	49338
164.59666666666666	0.5	nontarget	29	49379
164.59666666666666	0.5	R	19	49379
164.73	0.5	nontarget	29	49419
164.73	0.5	F	7	49419
164.86666666666667	0.5	nontarget	29	49460
164.86666666666667	0.5	A	2	49460
165.00333333333333	0.5	nontarget	29	49501
165.00333333333333	0.5	G	8	49501
165.14	0.5	nontarget	29	49542
165.14	0.5	M	14	49542
165.27666666666667	0.5	nontarget	29	49583
165.27666666666667	0.5	U	22	49583
165.41333333333333	0.5	nontarget	29	49624
165.41333333333333	0.5	J	11	49624
165.55	0.5	nontarget	29	49665
165.55	0.5	K	12	49665
165.68666666666667	0.5	nontarget	29	49706
165.68666666666667	0.5	Q	18	49706
165.82333333333332	0.5	target	30	49747
165.82333333333332	0.5	<	1	49747
170.62666666666667	0.5	nontarget	29	51188
170.62666666666667	0.5	M	14	51188
170.76333333333332	0.5	nontarget	29	51229
170.76333333333332	0.5	R	19	51229
170.90333333333334	0.5	nontarget	29	51271
170.90333333333334	0.5	L	13	51271
171.03666666666666	0.5	nontarget	29	51311
171.03666666666666	0.5	_	28	51311
171.17666666666668	0.5	nontarget	29	51353
171.17666666666668	0.5	Q	18	51353
171.31333333333333	0.5	nontarget	29	51394
171.31333333333333	0.5	D	5	51394
171.45	0.5	nontarget	29	51435
171.45	0.5	T	21	51435
171.58333333333334	0.5	nontarget	29	51475
171.58333333333334	0.5	A	2	51475
171.72	0.5	nontarget	29	51516
171.72	0.5	I	10	51516
171.86	0.5	nontarget	29	51558
171.86	0.5	X	25	51558
171.99666666666667	0.5	nontarget	29	51599
171.99666666666667	0.5	J	11	51599
172.13333333333333	0.5	nontarget	29	51640
172.13333333333333	0.5	K	12	51640
172.27	0.5	nontarget	29	51681
172.27	0.5	O	16	51681
172.40666666666667	0.5	nontarget	29	51722
172.40666666666667	0.5	G	8	51722
172.54333333333332	0.5	nontarget	29	51763
172.54333333333332	0.5	Z	27	51763
172.68	0.5	nontarget	29	51804
172.68	0.5	P	17	51804
172.81666666666666	0.5	nontarget	29	51845
172.81666666666666	0.5	U	22	51845
172.95333333333335	0.5	nontarget	29	51886
172.95333333333335	0.5	N	15	51886
173.09	0.5	nontarget	29	51927
173.09	0.5	V	23	51927
173.22333333333333	0.5	target	30	51967
173.22333333333333	0.5	<	1	51967
173.36	0.5	nontarget	29	52008
173.36	0.5	F	7	52008
173.49666666666667	0.5	nontarget	29	52049
173.49666666666667	0.5	W	24	52049
173.63333333333333	0.5	nontarget	29	52090
173.63333333333333	0.5	H	9	52090
173.77	0.5	nontarget	29	52131
173.77	0.5	B	3	52131
173.90666666666667	0.5	nontarget	29	52172
173.90666666666667	0.5	E	6	52172
174.04333333333332	0.5	nontarget	29	52213
174.04333333333332	0.5	Y	26	52213
174.18	0.5	nontarget	29	52254
174.18	0.5	C	4	52254
174.31666666666666	0.5	nontarget	29	52295
174.31666666666666	0.5	S	20	52295
179.12	0.5	nontarget	29	53736
179.12	0.5	V	23	53736
179.25666666666666	0.5	nontarget	29	53777
179.25666666666666	0.5	U	22	53777
179.39666666666668	0.5	nontarget	29	53819
179.39666666666668	0.5	G	8	53819
179.53333333333333	0.5	nontarget	29	53860
179.53333333333333	0.5	C	4	53860
179.67	0.5	nontarget	29	53901
179.67	0.5	W	24	53901
179.80333333333334	0.5	nontarget	29	53941
179.80333333333334	0.5	A	2	53941
179.94333333333333	0.5	nontarget	29	53983
179.94333333333333	0.5	X	25	53983
180.07666666666665	0.5	nontarget	29	54023
180.07666666666665	0.5	_	28	54023
180.21333333333334	0.5	nontarget	29	54064
180.21333333333334	0.5	S	20	54064
180.35	0.5	nontarget	29	54105
180.35	0.5	Y	26	54105
180.48666666666668	0.5	nontarget	29	54146
180.48666666666668	0.5	T	21	54146
180.62333333333333	0.5	nontarget	29	54187
180.62333333333333	0.5	Q	18	54187
180.76	0.5	nontarget	29	54228
180.76	0.5	E	6	54228
180.89666666666668	0.5	nontarget	29	54269
180.89666666666668	0.5	O	16	54269
181.03333333333333	0.5	nontarget	29	54310
181.03333333333333	0.5	M	14	54310
181.17333333333335	0.5	nontarget	29	54352
181.17333333333335	0.5	K	12	54352
181.30666666666667	0.5	nontarget	29	54392
181.30666666666667	0.5	H	9	54392
181.50666666666666	0.5	nontarget	29	54452
181.50666666666666	0.5	P	17	54452
181.64333333333335	0.5	nontarget	29	54493
181.64333333333335	0.5	J	11	54493
181.78	0.5	nontarget	29	54534
181.78	0.5	Z	27	54534
181.91666666666666	0.5	nontarget	29	54575
181.91666666666666	0.5	L	13	54575
182.05666666666667	0.5	nontarget	29	54617
182.05666666666667	0.5	F	7	54617
182.19333333333333	0.5	nontarget	29	54658
182.19333333333333	0.5	B	3	54658
182.33	0.5	target	30	54699
182.33	0.5	<	1	54699
182.46333333333334	0.5	nontarget	29	54739
182.46333333333334	0.5	I	10	54739
182.6	0.5	nontarget	29	54780
182.6	0.5	N	15	54780
182.74	0.5	nontarget	29	54822
182.74	0.5	D	5	54822
182.87666666666667	0.5	nontarget	29	54863
182.87666666666667	0.5	R	19	54863
187.68	0.5	nontarget	29	56304
187.68	0.5	K	12	56304
187.81666666666666	0.5	nontarget	29	56345
187.81666666666666	0.5	Z	27	56345
187.95333333333335	0.5	nontarget	29	56386
187.95333333333335	0.5	V	23	56386
188.09	0.5	target	30	56427
188.09	0.5	<	1	56427
188.22666666666666	0.5	nontarget	29	56468
188.22666666666666	0.5	W	24	56468
188.36333333333334	0.5	nontarget	29	56509
188.36333333333334	0.5	Q	18	56509
188.5	0.5	nontarget	29	56550
188.5	0.5	A	2	56550
188.63666666666666	0.5	nontarget	29	56591
188.63666666666666	0.5	T	21	56591
188.77333333333334	0.5	nontarget	29	56632
188.77333333333334	0.5	L	13	56632
188.91	0.5	nontarget	29	56673
188.91	0.5	D	5	56673
189.04666666666665	0.5	nontarget	29	56714
189.04666666666665	0.5	B	3	56714
189.18333333333334	0.5	nontarget	29	56755
189.18333333333334	0.5	J	11	56755
189.31666666666666	0.5	nontarget	29	56795
189.31666666666666	0.5	S	20	56795
189.45333333333335	0.5	nontarget	29	56836
189.45333333333335	0.5	M	14	56836
189.59	0.5	nontarget	29	56877
189.59	0.5	H	9	56877
189.72666666666666	0.5	nontarget	29	56918
189.72666666666666	0.5	Y	26	56918
189.86333333333334	0.5	nontarget	29	56959
189.86333333333334	0.5	E	6	56959
190.00333333333333	0.5	nontarget	29	57001
190.00333333333333	0.5	I	10	57001
190.14	0.5	nontarget	29	57042
190.14	0.5	C	4	57042
190.27666666666667	0.5	nontarget	29	57083
190.27666666666667	0.5	O	16	57083
190.41333333333333	0.5	nontarget	29	57124
190.41333333333333	0.5	X	25	57124
190.55	0.5	nontarget	29	57165
190.55	0.5	F	7	57165
190.68666666666667	0.5	nontarget	29	57206
190.68666666666667	0.5	_	28	57206
190.82333333333332	0.5	nontarget	29	57247
190.82333333333332	0.5	R	19	57247
190.96	0.5	nontarget	29	57288
190.96	0.5	U	22	57288
191.09666666666666	0.5	nontarget	29	57329
191.09666666666666	0.5	P	17	57329
191.23333333333332	0.5	nontarget	29	57370
191.23333333333332	0.5	N	15	57370
191.37	0.5	nontarget	29	57411
191.37	0.5	G	8	57411
198.18	0.5	nontarget	29	59454
198.18	0.5	Q	18	59454
198.32	0.5	nontarget	29	59496
198.32	0.5	P	17	59496
198.45666666666668	0.5	nontarget	29	59537
198.45666666666668	0.5	V	23	59537
198.59	0.5	nontarget	29	59577
198.59	0.5	K	12	59577
198.73	0.5	nontarget	29	59619
198.73	0.5	F	7	59619
198.86666666666667	0.5	nontarget	29	59660
198.86666666666667	0.5	A	2	59660
199.00333333333333	0.5	target	30	59701
199.00333333333333	0.5	C	4	59701
199.14	0.5	nontarget	29	59742
199.14	0.5	T	21	59742
199.27666666666667	0.5	nontarget	29	59783
199.27666666666667	0.5	O	16	59783
199.41	0.5	nontarget	29	59823
199.41	0.5	G	8	59823
199.54666666666665	0.5	nontarget	29	59864
199.54666666666665	0.5	<	1	59864
199.68333333333334	0.5	nontarget	29	59905
199.68333333333334	0.5	_	28	59905
199.82	0.5	nontarget	29	59946
199.82	0.5	L	13	59946
199.95666666666668	0.5	nontarget	29	59987
199.95666666666668	0.5	N	15	59987
200.09	0.5	nontarget	29	60027
200.09	0.5	R	19	60027
200.22666666666666	0.5	nontarget	29	60068
200.22666666666666	0.5	E	6	60068
200.36333333333334	0.5	nontarget	29	60109
200.36333333333334	0.5	H	9	60109
200.5	0.5	nontarget	29	60150
200.5	0.5	Z	27	60150
200.63666666666666	0.5	nontarget	29	60191
200.63666666666666	0.5	Y	26	60191
200.77	0.5	nontarget	29	60231
200.77	0.5	B	3	60231
200.90666666666667	0.5	nontarget	29	60272
200.90666666666667	0.5	J	11	60272
201.04333333333332	0.5	nontarget	29	60313
201.04333333333332	0.5	M	14	60313
201.18	0.5	nontarget	29	60354
201.18	0.5	X	25	60354
201.32	0.5	nontarget	29	60396
201.32	0.5	U	22	60396
201.45666666666668	0.5	nontarget	29	60437
201.45666666666668	0.5	S	20	60437
201.59	0.5	nontarget	29	60477
201.59	0.5	I	10	60477
201.72666666666666	0.5	nontarget	29	60518
201.72666666666666	0.5	D	5	60518
201.86666666666667	0.5	nontarget	29	60560
201.86666666666667	0.5	W	24	60560
206.67	0.5	nontarget	29	62001
206.67	0.5	M	14	62001
206.80666666666667	0.5	nontarget	29	62042
206.80666666666667	0.5	Y	26	62042
206.94	0.5	nontarget	29	62082
206.94	0.5	H	9	62082
207.08	0.5	nontarget	29	62124
207.08	0.5	U	22	62124
207.21666666666667	0.5	nontarget	29	62165
207.21666666666667	0.5	J	11	62165
207.35333333333332	0.5	nontarget	29	62206
207.35333333333332	0.5	L	13	62206
207.49333333333334	0.5	nontarget	29	62248
207.49333333333334	0.5	_	28	62248
207.63	0.5	nontarget	29	62289
207.63	0.5	O	16	62289
207.76666666666668	0.5	nontarget	29	62330
207.76666666666668	0.5	X	25	62330
207.90333333333334	0.5	nontarget	29	62371
207.90333333333334	0.5	Z	27	62371
208.04	0.5	nontarget	29	62412
208.04	0.5	R	19	62412
208.17666666666668	0.5	nontarget	29	62453
208.17666666666668	0.5	N	15	62453
208.31333333333333	0.5	nontarget	29	62494
208.31333333333333	0.5	S	20	62494
208.45	0.5	nontarget	29	62535
208.45	0.5	T	21	62535
208.59	0.5	nontarget	29	62577
208.59	0.5	W	24	62577
208.72666666666666	0.5	target	30	62618
208.72666666666666	0.5	C	4	62618
208.86333333333334	0.5	nontarget	29	62659
208.86333333333334	0.5	I	10	62659
208.99666666666667	0.5	nontarget	29	62699
208.99666666666667	0.5	K	12	62699
209.13333333333333	0.5	nontarget	29	62740
209.13333333333333	0.5	A	2	62740
209.27	0.5	nontarget	29	62781
209.27	0.5	Q	18	62781
209.40666666666667	0.5	nontarget	29	62822
209.40666666666667	0.5	P	17	62822
209.54333333333332	0.5	nontarget	29	62863
209.54333333333332	0.5	G	8	62863
209.68	0.5	nontarget	29	62904
209.68	0.5	B	3	62904
209.82	0.5	nontarget	29	62946
209.82	0.5	F	7	62946
209.95666666666668	0.5	nontarget	29	62987
209.95666666666668	0.5	E	6	62987
210.09	0.5	nontarget	29	63027
210.09	0.5	<	1	63027
210.22666666666666	0.5	nontarget	29	63068
210.22666666666666	0.5	D	5	63068
210.36333333333334	0.5	nontarget	29	63109
210.36333333333334	0.5	V	23	63109
215.16666666666666	0.5	nontarget	29	64550
215.16666666666666	0.5	I	10	64550
215.30333333333334	0.5	nontarget	29	64591
215.30333333333334	0.5	<	1	64591
215.44	0.5	nontarget	29	64632
215.44	0.5	A	2	64632
215.57666666666665	0.5	nontarget	29	64673
215.57666666666665	0.5	Y	26	64673
215.71333333333334	0.5	nontarget	29	64714
215.71333333333334	0.5	N	15	64714
215.85	0.5	nontarget	29	64755
215.85	0.5	Z	27	64755
215.98666666666668	0.5	nontarget	29	64796
215.98666666666668	0.5	B	3	64796
216.12333333333333	0.5	nontarget	29	64837
216.12333333333333	0.5	W	24	64837
216.25666666666666	0.5	nontarget	29	64877
216.25666666666666	0.5	T	21	64877
216.39666666666668	0.5	nontarget	29	64919
216.39666666666668	0.5	R	19	64919
216.53333333333333	0.5	nontarget	29	64960
216.53333333333333	0.5	K	12	64960
216.67	0.5	nontarget	29	65001
216.67	0.5	M	14	65001
216.80666666666667	0.5	nontarget	29	65042
216.80666666666667	0.5	J	11	65042
216.94333333333333	0.5	nontarget	29	65083
216.94333333333333	0.5	V	23	65083
217.08	0.5	nontarget	29	65124
217.08	0.5	L	13	65124
217.21333333333334	0.5	nontarget	29	65164
217.21333333333334	0.5	X	25	65164
217.35	0.5	nontarget	29	65205
217.35	0.5	U	22	65205
217.48666666666668	0.5	nontarget	29	65246
217.48666666666668	0.5	O	16	65246
217.62333333333333	0.5	nontarget	29	65287
217.62333333333333	0.5	S	20	65287
217.76	0.5	target	30	65328
217.76	0.5	C	4	65328
217.89666666666668	0.5	nontarget	29	65369
217.89666666666668	0.5	F	7	65369
218.03333333333333	0.5	nontarget	29	65410
218.03333333333333	0.5	H	9	65410
218.17	0.5	nontarget	29	65451
218.17	0.5	G	8	65451
218.30666666666667	0.5	nontarget	29	65492
218.30666666666667	0.5	P	17	65492
218.44333333333333	0.5	nontarget	29	65533
218.44333333333333	0.5	D	5	65533
218.58	0.5	nontarget	29	65574
218.58	0.5	_	28	65574
218.71333333333334	0.5	nontarget	29	65614
218.71333333333334	0.5	E	6	65614
218.85	0.5	nontarget	29	65655
218.85	0.5	Q	18	65655
223.65666666666667	0.5	nontarget	29	67097
223.65666666666667	0.5	B	3	67097
223.79333333333332	0.5	nontarget	29	67138
223.79333333333332	0.5	L	13	67138
223.93	0.5	nontarget	29	67179
223.93	0.5	Z	27	67179
224.07	0.5	nontarget	29	67221
224.07	0.5	J	11	67221
224.20666666666668	0.5	nontarget	29	67262
224.20666666666668	0.5	G	8	67262
224.34333333333333	0.5	nontarget	29	67303
224.34333333333333	0.5	A	2	67303
224.47666666666666	0.5	target	30	67343
224.47666666666666	0.5	C	4	67343
224.61333333333334	0.5	nontarget	29	67384
224.61333333333334	0.5	N	15	67384
224.75	0.5	nontarget	29	67425
224.75	0.5	I	10	67425
224.88666666666666	0.5	nontarget	29	67466
224.88666666666666	0.5	E	6	67466
225.02333333333334	0.5	nontarget	29	67507
225.02333333333334	0.5	P	17	67507
225.16333333333333	0.5	nontarget	29	67549
225.16333333333333	0.5	M	14	67549
225.3	0.5	nontarget	29	67590
225.3	0.5	Y	26	67590
225.43666666666667	0.5	nontarget	29	67631
225.43666666666667	0.5	W	24	67631
225.57	0.5	nontarget	29	67671
225.57	0.5	O	16	67671
225.70666666666668	0.5	nontarget	29	67712
225.70666666666668	0.5	_	28	67712
225.84666666666666	0.5	nontarget	29	67754
225.84666666666666	0.5	S	20	67754
225.98	0.5	nontarget	29	67794
225.98	0.5	Q	18	67794
226.11666666666667	0.5	nontarget	29	67835
226.11666666666667	0.5	R	19	67835
226.25333333333333	0.5	nontarget	29	67876
226.25333333333333	0.5	X	25	67876
226.39	0.5	nontarget	29	67917
226.39	0.5	U	22	67917
226.52666666666667	0.5	nontarget	29	67958
226.52666666666667	0.5	K	12	67958
226.66333333333333	0.5	nontarget	29	67999
226.66333333333333	0.5	H	9	67999
226.80333333333334	0.5	nontarget	29	68041
226.80333333333334	0.5	V	23	68041
226.94	0.5	nontarget	29	68082
226.94	0.5	<	1	68082
227.07666666666665	0.5	nontarget	29	68123
227.07666666666665	0.5	T	21	68123
227.21333333333334	0.5	nontarget	29	68164
227.21333333333334	0.5	F	7	68164
227.35	0.5	nontarget	29	68205
227.35	0.5	D	5	68205
232.15666666666667	0.5	nontarget	29	69647
232.15666666666667	0.5	Q	18	69647
232.29	0.5	nontarget	29	69687
232.29	0.5	T	21	69687
232.42666666666668	0.5	nontarget	29	69728
232.42666666666668	0.5	B	3	69728
232.56333333333333	0.5	nontarget	29	69769
232.56333333333333	0.5	K	12	69769
232.7	0.5	nontarget	29	69810
232.7	0.5	H	9	69810
232.83666666666667	0.5	nontarget	29	69851
232.83666666666667	0.5	_	28	69851
232.97333333333333	0.5	nontarget	29	69892
232.97333333333333	0.5	N	15	69892
233.11	0.5	nontarget	29	69933
233.11	0.5	D	5	69933
233.24666666666667	0.5	nontarget	29	69974
233.24666666666667	0.5	W	24	69974
233.38333333333333	0.5	nontarget	29	70015
233.38333333333333	0.5	X	25	70015
233.52	0.5	nontarget	29	70056
233.52	0.5	F	7	70056
233.65666666666667	0.5	nontarget	29	70097
233.65666666666667	0.5	V	23	70097
233.79333333333332	0.5	nontarget	29	70138
233.79333333333332	0.5	Y	26	70138
233.93	0.5	target	30	70179
233.93	0.5	C	4	70179
234.06666666666666	0.5	nontarget	29	70220
234.06666666666666	0.5	Z	27	70220
234.2	0.5	nontarget	29	70260
234.2	0.5	<	1	70260
234.33666666666667	0.5	nontarget	29	70301
234.33666666666667	0.5	I	10	70301
234.47333333333333	0.5	nontarget	29	70342
234.47333333333333	0.5	E	6	70342
234.61	0.5	nontarget	29	70383
234.61	0.5	U	22	70383
234.74666666666667	0.5	nontarget	29	70424
234.74666666666667	0.5	O	16	70424
234.88333333333333	0.5	nontarget	29	70465
234.88333333333333	0.5	M	14	70465
235.03666666666666	0.5	nontarget	29	70511
235.03666666666666	0.5	R	19	70511
235.17	0.5	nontarget	29	70551
235.17	0.5	J	11	70551
235.30666666666667	0.5	nontarget	29	70592
235.30666666666667	0.5	L	13	70592
235.44333333333333	0.5	nontarget	29	70633
235.44333333333333	0.5	P	17	70633
235.57666666666665	0.5	nontarget	29	70673
235.57666666666665	0.5	G	8	70673
235.71333333333334	0.5	nontarget	29	70714
235.71333333333334	0.5	S	20	70714
235.85	0.5	nontarget	29	70755
235.85	0.5	A	2	70755
240.65666666666667	0.5	nontarget	29	72197
240.65666666666667	0.5	J	11	72197
240.79333333333332	0.5	nontarget	29	72238
240.79333333333332	0.5	H	9	72238
240.93	0.5	nontarget	29	72279
240.93	0.5	K	12	72279
241.06666666666666	0.5	nontarget	29	72320
241.06666666666666	0.5	E	6	72320
241.20333333333335	0.5	nontarget	29	72361
241.20333333333335	0.5	P	17	72361
241.34333333333333	0.5	nontarget	29	72403
241.34333333333333	0.5	W	24	72403
241.47666666666666	0.5	nontarget	29	72443
241.47666666666666	0.5	A	2	72443
241.61333333333334	0.5	nontarget	29	72484
241.61333333333334	0.5	D	5	72484
241.75	0.5	nontarget	29	72525
241.75	0.5	N	15	72525
241.89	0.5	nontarget	29	72567
241.89	0.5	G	8	72567
242.02666666666667	0.5	nontarget	29	72608
242.02666666666667	0.5	I	10	72608
242.16	0.5	nontarget	29	72648
242.16	0.5	S	20	72648
242.29666666666665	0.5	nontarget	29	72689
242.29666666666665	0.5	Z	27	72689
242.43	0.5	nontarget	29	72729
242.43	0.5	M	14	72729
242.56666666666666	0.5	nontarget	29	72770
242.56666666666666	0.5	Q	18	72770
242.70333333333335	0.5	nontarget	29	72811
242.70333333333335	0.5	V	23	72811
242.84	0.5	target	30	72852
242.84	0.5	C	4	72852
242.98	0.5	nontarget	29	72894
242.98	0.5	B	3	72894
243.11666666666667	0.5	nontarget	29	72935
243.11666666666667	0.5	U	22	72935
243.25	0.5	nontarget	29	72975
243.25	0.5	F	7	72975
243.38666666666666	0.5	nontarget	29	73016
243.38666666666666	0.5	T	21	73016
243.52333333333334	0.5	nontarget	29	73057
243.52333333333334	0.5	R	19	73057
243.66	0.5	nontarget	29	73098
243.66	0.5	X	25	73098
243.79666666666665	0.5	nontarget	29	73139
243.79666666666665	0.5	Y	26	73139
243.93	0.5	nontarget	29	73179
243.93	0.5	L	13	73179
244.06666666666666	0.5	nontarget	29	73220
244.06666666666666	0.5	O	16	73220
244.2	0.5	nontarget	29	73260
244.2	0.5	<	1	73260
244.33666666666667	0.5	nontarget	29	73301
244.33666666666667	0.5	_	28	73301
249.14	0.5	nontarget	29	74742
249.14	0.5	<	1	74742
249.27666666666667	0.5	nontarget	29	74783
249.27666666666667	0.5	K	12	74783
249.41333333333333	0.5	nontarget	29	74824
249.41333333333333	0.5	H	9	74824
249.55	0.5	nontarget	29	74865
249.55	0.5	U	22	74865
249.68666666666667	0.5	nontarget	29	74906
249.68666666666667	0.5	W	24	74906
249.82333333333332	0.5	nontarget	29	74947
249.82333333333332	0.5	M	14	74947
249.96	0.5	nontarget	29	74988
249.96	0.5	N	15	74988
250.09666666666666	0.5	nontarget	29	75029
250.09666666666666	0.5	V	23	75029
250.23	0.5	nontarget	29	75069
250.23	0.5	X	25	75069
250.37	0.5	nontarget	29	75111
250.37	0.5	A	2	75111
250.50333333333333	0.5	nontarget	29	75151
250.50333333333333	0.5	S	20	75151
250.64	0.5	nontarget	29	75192
250.64	0.5	L	13	75192
250.77666666666667	0.5	nontarget	29	75233
250.77666666666667	0.5	Z	27	75233
250.91333333333333	0.5	nontarget	29	75274
250.91333333333333	0.5	Y	26	75274
251.05	0.5	nontarget	29	75315
251.05	0.5	B	3	75315
251.18666666666667	0.5	nontarget	29	75356
251.18666666666667	0.5	R	19	75356
251.32333333333332	0.5	nontarget	29	75397
251.32333333333332	0.5	D	5	75397
251.46	0.5	nontarget	29	75438
251.46	0.5	O	16	75438
251.59666666666666	0.5	nontarget	29	75479
251.59666666666666	0.5	P	17	75479
251.73333333333332	0.5	nontarget	29	75520
251.73333333333332	0.5	I	10	75520
251.87	0.5	nontarget	29	75561
251.87	0.5	Q	18	75561
252.00666666666666	0.5	nontarget	29	75602
252.00666666666666	0.5	J	11	75602
252.14333333333335	0.5	nontarget	29	75643
252.14333333333335	0.5	_	28	75643
252.27666666666667	0.5	target	30	75683
252.27666666666667	0.5	C	4	75683
252.41333333333333	0.5	nontarget	29	75724
252.41333333333333	0.5	E	6	75724
252.55	0.5	nontarget	29	75765
252.55	0.5	G	8	75765
252.75	0.5	nontarget	29	75825
252.75	0.5	T	21	75825
252.88333333333333	0.5	nontarget	29	75865
252.88333333333333	0.5	F	7	75865
257.69	0.5	nontarget	29	77307
257.69	0.5	F	7	77307
257.82666666666665	0.5	nontarget	29	77348
257.82666666666665	0.5	Z	27	77348
257.9633333333333	0.5	nontarget	29	77389
257.9633333333333	0.5	_	28	77389
258.1	0.5	nontarget	29	77430
258.1	0.5	D	5	77430
258.2366666666667	0.5	nontarget	29	77471
258.2366666666667	0.5	A	2	77471
258.37666666666667	0.5	nontarget	29	77513
258.37666666666667	0.5	Y	26	77513
258.51	0.5	nontarget	29	77553
258.51	0.5	Q	18	77553
258.64666666666665	0.5	nontarget	29	77594
258.64666666666665	0.5	P	17	77594
258.78333333333336	0.5	nontarget	29	77635
258.78333333333336	0.5	I	10	77635
258.9166666666667	0.5	nontarget	29	77675
258.9166666666667	0.5	E	6	77675
259.05333333333334	0.5	nontarget	29	77716
259.05333333333334	0.5	B	3	77716
259.19	0.5	nontarget	29	77757
259.19	0.5	T	21	77757
259.32666666666665	0.5	nontarget	29	77798
259.32666666666665	0.5	K	12	77798
259.46	0.5	nontarget	29	77838
259.46	0.5	G	8	77838
259.5966666666667	0.5	nontarget	29	77879
259.5966666666667	0.5	S	20	77879
259.73333333333335	0.5	nontarget	29	77920
259.73333333333335	0.5	<	1	77920
259.87	0.5	nontarget	29	77961
259.87	0.5	U	22	77961
260.00666666666666	0.5	nontarget	29	78002
260.00666666666666	0.5	W	24	78002
260.1433333333333	0.5	nontarget	29	78043
260.1433333333333	0.5	X	25	78043
260.28	0.5	nontarget	29	78084
260.28	0.5	V	23	78084
260.4166666666667	0.5	target	30	78125
260.4166666666667	0.5	C	4	78125
260.55333333333334	0.5	nontarget	29	78166
260.55333333333334	0.5	H	9	78166
260.69	0.5	nontarget	29	78207
260.69	0.5	O	16	78207
260.82666666666665	0.5	nontarget	29	78248
260.82666666666665	0.5	J	11	78248
260.9633333333333	0.5	nontarget	29	78289
260.9633333333333	0.5	L	13	78289
261.1	0.5	nontarget	29	78330
261.1	0.5	M	14	78330
261.2366666666667	0.5	nontarget	29	78371
261.2366666666667	0.5	R	19	78371
261.37333333333333	0.5	nontarget	29	78412
261.37333333333333	0.5	N	15	78412
268.19	0.5	nontarget	29	80457
268.19	0.5	B	3	80457
268.3233333333333	0.5	nontarget	29	80497
268.3233333333333	0.5	P	17	80497
268.46	0.5	nontarget	29	80538
268.46	0.5	D	5	80538
268.5933333333333	0.5	nontarget	29	80578
268.5933333333333	0.5	E	6	80578
268.73	0.5	nontarget	29	80619
268.73	0.5	M	14	80619
268.8666666666667	0.5	nontarget	29	80660
268.8666666666667	0.5	H	9	80660
269.00333333333333	0.5	nontarget	29	80701
269.00333333333333	0.5	A	2	80701
269.14	0.5	nontarget	29	80742
269.14	0.5	O	16	80742
269.27666666666664	0.5	nontarget	29	80783
269.27666666666664	0.5	C	4	80783
269.41333333333336	0.5	nontarget	29	80824
269.41333333333336	0.5	N	15	80824
269.55	0.5	nontarget	29	80865
269.55	0.5	L	13	80865
269.68333333333334	0.5	nontarget	29	80905
269.68333333333334	0.5	F	7	80905
269.82	0.5	nontarget	29	80946
269.82	0.5	K	12	80946
269.95666666666665	0.5	nontarget	29	80987
269.95666666666665	0.5	U	22	80987
270.0933333333333	0.5	nontarget	29	81028
270.0933333333333	0.5	T	21	81028
270.23	0.5	nontarget	29	81069
270.23	0.5	X	25	81069
270.3666666666667	0.5	nontarget	29	81110
270.3666666666667	0.5	W	24	81110
270.50333333333333	0.5	target	30	81151
270.50333333333333	0.5	<	1	81151
270.64	0.5	nontarget	29	81192
270.64	0.5	Q	18	81192
270.7733333333333	0.5	nontarget	29	81232
270.7733333333333	0.5	Z	27	81232
270.91	0.5	nontarget	29	81273
270.91	0.5	S	20	81273
271.0466666666667	0.5	nontarget	29	81314
271.0466666666667	0.5	V	23	81314
271.18333333333334	0.5	nontarget	29	81355
271.18333333333334	0.5	R	19	81355
271.32	0.5	nontarget	29	81396
271.32	0.5	Y	26	81396
271.4533333333333	0.5	nontarget	29	81436
271.4533333333333	0.5	I	10	81436
271.59	0.5	nontarget	29	81477
271.59	0.5	G	8	81477
271.7266666666667	0.5	nontarget	29	81518
271.7266666666667	0.5	J	11	81518
271.86333333333334	0.5	nontarget	29	81559
271.86333333333334	0.5	_	28	81559
276.6666666666667	0.5	nontarget	29	83000
276.6666666666667	0.5	S	20	83000
276.80333333333334	0.5	nontarget	29	83041
276.80333333333334	0.5	E	6	83041
276.94	0.5	nontarget	29	83082
276.94	0.5	A	2	83082
277.07666666666665	0.5	nontarget	29	83123
277.07666666666665	0.5	Y	26	83123
277.21666666666664	0.5	nontarget	29	83165
277.21666666666664	0.5	F	7	83165
277.35	0.5	nontarget	29	83205
277.35	0.5	X	25	83205
277.4866666666667	0.5	nontarget	29	83246
277.4866666666667	0.5	B	3	83246
277.62333333333333	0.5	nontarget	29	83287
277.62333333333333	0.5	M	14	83287
277.76	0.5	nontarget	29	83328
277.76	0.5	U	22	83328
277.89666666666665	0.5	nontarget	29	83369
277.89666666666665	0.5	W	24	83369
278.0366666666667	0.5	nontarget	29	83411
278.0366666666667	0.5	G	8	83411
278.17333333333335	0.5	nontarget	29	83452
278.17333333333335	0.5	Z	27	83452
278.3066666666667	0.5	nontarget	29	83492
278.3066666666667	0.5	K	12	83492
278.44666666666666	0.5	nontarget	29	83534
278.44666666666666	0.5	V	23	83534
278.58	0.5	nontarget	29	83574
278.58	0.5	_	28	83574
278.71666666666664	0.5	nontarget	29	83615
278.71666666666664	0.5	I	10	83615
278.85333333333335	0.5	nontarget	29	83656
278.85333333333335	0.5	R	19	83656
278.9866666666667	0.5	nontarget	29	83696
278.9866666666667	0.5	P	17	83696
279.12333333333333	0.5	nontarget	29	83737
279.12333333333333	0.5	H	9	83737
279.26	0.5	nontarget	29	83778
279.26	0.5	J	11	83778
279.39666666666665	0.5	nontarget	29	83819
279.39666666666665	0.5	L	13	83819
279.53333333333336	0.5	nontarget	29	83860
279.53333333333336	0.5	C	4	83860
279.67	0.5	nontarget	29	83901
279.67	0.5	O	16	83901
279.8066666666667	0.5	nontarget	29	83942
279.8066666666667	0.5	Q	18	83942
279.9433333333333	0.5	target	30	83983
279.9433333333333	0.5	<	1	83983
280.08	0.5	nontarget	29	84024
280.08	0.5	T	21	84024
280.21666666666664	0.5	nontarget	29	84065
280.21666666666664	0.5	D	5	84065
280.35333333333335	0.5	nontarget	29	84106
280.35333333333335	0.5	N	15	84106
285.1533333333333	0.5	nontarget	29	85546
285.1533333333333	0.5	M	14	85546
285.29	0.5	nontarget	29	85587
285.29	0.5	G	8	85587
285.4266666666667	0.5	nontarget	29	85628
285.4266666666667	0.5	T	21	85628
285.56333333333333	0.5	target	30	85669
285.56333333333333	0.5	<	1	85669
285.7	0.5	nontarget	29	85710
285.7	0.5	J	11	85710
285.83666666666664	0.5	nontarget	29	85751
285.83666666666664	0.5	U	22	85751
285.97333333333336	0.5	nontarget	29	85792
285.97333333333336	0.5	Z	27	85792
286.11333333333334	0.5	nontarget	29	85834
286.11333333333334	0.5	C	4	85834
286.25	0.5	nontarget	29	85875
286.25	0.5	N	15	85875
286.38666666666666	0.5	nontarget	29	85916
286.38666666666666	0.5	O	16	85916
286.52	0.5	nontarget	29	85956
286.52	0.5	I	10	85956
286.6566666666667	0.5	nontarget	29	85997
286.6566666666667	0.5	_	28	85997
286.79333333333335	0.5	nontarget	29	86038
286.79333333333335	0.5	R	19	86038
286.9266666666667	0.5	nontarget	29	86078
286.9266666666667	0.5	H	9	86078
287.06333333333333	0.5	nontarget	29	86119
287.06333333333333	0.5	W	24	86119
287.2	0.5	nontarget	29	86160
287.2	0.5	S	20	86160
287.33666666666664	0.5	nontarget	29	86201
287.33666666666664	0.5	D	5	86201
287.47333333333336	0.5	nontarget	29	86242
287.47333333333336	0.5	Q	18	86242
287.61	0.5	nontarget	29	86283
287.61	0.5	V	23	86283
287.74666666666667	0.5	nontarget	29	86324
287.74666666666667	0.5	X	25	86324
287.8833333333333	0.5	nontarget	29	86365
287.8833333333333	0.5	E	6	86365
288.02	0.5	nontarget	29	86406
288.02	0.5	A	2	86406
288.1566666666667	0.5	nontarget	29	86447
288.1566666666667	0.5	Y	26	86447
288.29333333333335	0.5	nontarget	29	86488
288.29333333333335	0.5	L	13	86488
288.43	0.5	nontarget	29	86529
288.43	0.5	K	12	86529
288.56666666666666	0.5	nontarget	29	86570
288.56666666666666	0.5	F	7	86570
288.7033333333333	0.5	nontarget	29	86611
288.7033333333333	0.5	P	17	86611
288.84	0.5	nontarget	29	86652
288.84	0.5	B	3	86652
293.64666666666665	0.5	nontarget	29	88094
293.64666666666665	0.5	F	7	88094
293.78333333333336	0.5	nontarget	29	88135
293.78333333333336	0.5	Y	26	88135
293.92	0.5	nontarget	29	88176
293.92	0.5	G	8	88176
294.0566666666667	0.5	nontarget	29	88217
294.0566666666667	0.5	J	11	88217
294.1933333333333	0.5	nontarget	29	88258
294.1933333333333	0.5	K	12	88258
294.33	0.5	nontarget	29	88299
294.33	0.5	E	6	88299
294.46666666666664	0.5	nontarget	29	88340
294.46666666666664	0.5	W	24	88340
294.6	0.5	target	30	88380
294.6	0.5	<	1	88380
294.7366666666667	0.5	nontarget	29	88421
294.7366666666667	0.5	H	9	88421
294.87333333333333	0.5	nontarget	29	88462
294.87333333333333	0.5	M	14	88462
295.01	0.5	nontarget	29	88503
295.01	0.5	A	2	88503
295.14666666666665	0.5	nontarget	29	88544
295.14666666666665	0.5	Q	18	88544
295.28333333333336	0.5	nontarget	29	88585
295.28333333333336	0.5	N	15	88585
295.42	0.5	nontarget	29	88626
295.42	0.5	V	23	88626
295.56	0.5	nontarget	29	88668
295.56	0.5	S	20	88668
295.69666666666666	0.5	nontarget	29	88709
295.69666666666666	0.5	R	19	88709
295.83	0.5	nontarget	29	88749
295.83	0.5	C	4	88749
295.96666666666664	0.5	nontarget	29	88790
295.96666666666664	0.5	T	21	88790
296.10333333333335	0.5	nontarget	29	88831
296.10333333333335	0.5	I	10	88831
296.24	0.5	nontarget	29	88872
296.24	0.5	U	22	88872
296.38	0.5	nontarget	29	88914
296.38	0.5	X	25	88914
296.51666666666665	0.5	nontarget	29	88955
296.51666666666665	0.5	B	3	88955
296.6533333333333	0.5	nontarget	29	88996
296.6533333333333	0.5	L	13	88996
296.79	0.5	nontarget	29	89037
296.79	0.5	P	17	89037
296.92333333333335	0.5	nontarget	29	89077
296.92333333333335	0.5	O	16	89077
297.06	0.5	nontarget	29	89118
297.06	0.5	Z	27	89118
297.19666666666666	0.5	nontarget	29	89159
297.19666666666666	0.5	D	5	89159
297.3333333333333	0.5	nontarget	29	89200
297.3333333333333	0.5	_	28	89200
302.14	0.5	nontarget	29	90642
302.14	0.5	W	24	90642
302.27666666666664	0.5	nontarget	29	90683
302.27666666666664	0.5	N	15	90683
302.4166666666667	0.5	nontarget	29	90725
302.4166666666667	0.5	S	20	90725
302.55	0.5	nontarget	29	90765
302.55	0.5	L	13	90765
302.68666666666667	0.5	nontarget	29	90806
302.68666666666667	0.5	R	19	90806
302.8233333333333	0.5	nontarget	29	90847
302.8233333333333	0.5	Y	26	90847
302.96	0.5	nontarget	29	90888
302.96	0.5	J	11	90888
303.0966666666667	0.5	nontarget	29	90929
303.0966666666667	0.5	U	22	90929
303.23333333333335	0.5	nontarget	29	90970
303.23333333333335	0.5	I	10	90970
303.3666666666667	0.5	nontarget	29	91010
303.3666666666667	0.5	E	6	91010
303.50333333333333	0.5	nontarget	29	91051
303.50333333333333	0.5	A	2	91051
303.64	0.5	nontarget	29	91092
303.64	0.5	K	12	91092
303.77666666666664	0.5	nontarget	29	91133
303.77666666666664	0.5	X	25	91133
303.91333333333336	0.5	nontarget	29	91174
303.91333333333336	0.5	V	23	91174
304.05	0.5	nontarget	29	91215
304.05	0.5	H	9	91215
304.18666666666667	0.5	nontarget	29	91256
304.18666666666667	0.5	T	21	91256
304.32	0.5	nontarget	29	91296
304.32	0.5	P	17	91296
304.45666666666665	0.5	nontarget	29	91337
304.45666666666665	0.5	M	14	91337
304.5933333333333	0.5	nontarget	29	91378
304.5933333333333	0.5	F	7	91378
304.73	0.5	nontarget	29	91419
304.73	0.5	D	5	91419
304.8666666666667	0.5	nontarget	29	91460
304.8666666666667	0.5	Q	18	91460
305.00333333333333	0.5	target	30	91501
305.00333333333333	0.5	<	1	91501
305.1433333333333	0.5	nontarget	29	91543
305.1433333333333	0.5	B	3	91543
305.28	0.5	nontarget	29	91584
305.28	0.5	G	8	91584
305.4166666666667	0.5	nontarget	29	91625
305.4166666666667	0.5	O	16	91625
305.55	0.5	nontarget	29	91665
305.55	0.5	Z	27	91665
305.68666666666667	0.5	nontarget	29	91706
305.68666666666667	0.5	C	4	91706
305.8233333333333	0.5	nontarget	29	91747
305.8233333333333	0.5	_	28	91747
312.64	0.5	nontarget	29	93792
312.64	0.5	B	3	93792
312.7733333333333	0.5	nontarget	29	93832
312.7733333333333	0.5	H	9	93832
312.91333333333336	0.5	nontarget	29	93874
312.91333333333336	0.5	M	14	93874
313.05	0.5	nontarget	29	93915
313.05	0.5	V	23	93915
313.18666666666667	0.5	nontarget	29	93956
313.18666666666667	0.5	S	20	93956
313.3233333333333	0.5	nontarget	29	93997
313.3233333333333	0.5	F	7	93997
313.46	0.5	nontarget	29	94038
313.46	0.5	Y	26	94038
313.5966666666667	0.5	nontarget	29	94079
313.5966666666667	0.5	N	15	94079
313.73333333333335	0.5	nontarget	29	94120
313.73333333333335	0.5	J	11	94120
313.87	0.5	nontarget	29	94161
313.87	0.5	_	28	94161
314.00666666666666	0.5	nontarget	29	94202
314.00666666666666	0.5	I	10	94202
314.1433333333333	0.5	nontarget	29	94243
314.1433333333333	0.5	P	17	94243
314.28	0.5	nontarget	29	94284
314.28	0.5	W	24	94284
314.4166666666667	0.5	nontarget	29	94325
314.4166666666667	0.5	D	5	94325
314.55333333333334	0.5	nontarget	29	94366
314.55333333333334	0.5	A	2	94366
314.68666666666667	0.5	nontarget	29	94406
314.68666666666667	0.5	T	21	94406
314.8233333333333	0.5	nontarget	29	94447
314.8233333333333	0.5	Q	18	94447
314.96	0.5	nontarget	29	94488
314.96	0.5	R	19	94488
315.0966666666667	0.5	nontarget	29	94529
315.0966666666667	0.5	X	25	94529
315.2366666666667	0.5	nontarget	29	94571
315.2366666666667	0.5	O	16	94571
315.37333333333333	0.5	nontarget	29	94612
315.37333333333333	0.5	E	6	94612
315.51	0.5	nontarget	29	94653
315.51	0.5	C	4	94653
315.64666666666665	0.5	nontarget	29	94694
315.64666666666665	0.5	U	22	94694
315.78333333333336	0.5	target	30	94735
315.78333333333336	0.5	<	1	94735
315.92	0.5	nontarget	29	94776
315.92	0.5	K	12	94776
316.0566666666667	0.5	nontarget	29	94817
316.0566666666667	0.5	Z	27	94817
316.1933333333333	0.5	nontarget	29	94858
316.1933333333333	0.5	L	13	94858
316.33	0.5	nontarget	29	94899
316.33	0.5	G	8	94899
321.14	0.5	nontarget	29	96342
321.14	0.5	B	3	96342
321.27666666666664	0.5	nontarget	29	96383
321.27666666666664	0.5	Y	26	96383
321.41333333333336	0.5	nontarget	29	96424
321.41333333333336	0.5	L	13	96424
321.55	0.5	nontarget	29	96465
321.55	0.5	A	2	96465
321.68666666666667	0.5	nontarget	29	96506
321.68666666666667	0.5	C	4	96506
321.8233333333333	0.5	nontarget	29	96547
321.8233333333333	0.5	X	25	96547
321.9633333333333	0.5	nontarget	29	96589
321.9633333333333	0.5	Z	27	96589
322.10333333333335	0.5	nontarget	29	96631
322.10333333333335	0.5	J	11	96631
322.24	0.5	nontarget	29	96672
322.24	0.5	H	9	96672
322.37333333333333	0.5	nontarget	29	96712
322.37333333333333	0.5	_	28	96712
322.51	0.5	nontarget	29	96753
322.51	0.5	O	16	96753
322.65	0.5	target	30	96795
322.65	0.5	<	1	96795
322.7866666666667	0.5	nontarget	29	96836
322.7866666666667	0.5	I	10	96836
322.92	0.5	nontarget	29	96876
322.92	0.5	R	19	96876
323.0566666666667	0.5	nontarget	29	96917
323.0566666666667	0.5	N	15	96917
323.1933333333333	0.5	nontarget	29	96958
323.1933333333333	0.5	D	5	96958
323.33	0.5	nontarget	29	96999
323.33	0.5	T	21	96999
323.46666666666664	0.5	nontarget	29	97040
323.46666666666664	0.5	V	23	97040
323.6066666666667	0.5	nontarget	29	97082
323.6066666666667	0.5	G	8	97082
323.74333333333334	0.5	nontarget	29	97123
323.74333333333334	0.5	S	20	97123
323.88	0.5	nontarget	29	97164
323.88	0.5	U	22	97164
324.01666666666665	0.5	nontarget	29	97205
324.01666666666665	0.5	Q	18	97205
324.1566666666667	0.5	nontarget	29	97247
324.1566666666667	0.5	F	7	97247
324.29333333333335	0.5	nontarget	29	97288
324.29333333333335	0.5	K	12	97288
324.43	0.5	nontarget	29	97329
324.43	0.5	M	14	97329
324.56666666666666	0.5	nontarget	29	97370
324.56666666666666	0.5	W	24	97370
324.7033333333333	0.5	nontarget	29	97411
324.7033333333333	0.5	E	6	97411
324.84	0.5	nontarget	29	97452
324.84	0.5	P	17	97452
329.7133333333333	0.5	nontarget	29	98914
329.7133333333333	0.5	R	19	98914
329.85	0.5	nontarget	29	98955
329.85	0.5	J	11	98955
329.9866666666667	0.5	nontarget	29	98996
329.9866666666667	0.5	V	23	98996
330.12333333333333	0.5	nontarget	29	99037
330.12333333333333	0.5	U	22	99037
330.26	0.5	nontarget	29	99078
330.26	0.5	F	7	99078
330.39666666666665	0.5	nontarget	29	99119
330.39666666666665	0.5	K	12	99119
330.5366666666667	0.5	nontarget	29	99161
330.5366666666667	0.5	B	3	99161
330.67333333333335	0.5	nontarget	29	99202
330.67333333333335	0.5	L	13	99202
330.81	0.5	nontarget	29	99243
330.81	0.5	_	28	99243
330.94666666666666	0.5	nontarget	29	99284
330.94666666666666	0.5	P	17	99284
331.08	0.5	nontarget	29	99324
331.08	0.5	C	4	99324
331.21666666666664	0.5	nontarget	29	99365
331.21666666666664	0.5	H	9	99365
331.35333333333335	0.5	target	30	99406
331.35333333333335	0.5	<	1	99406
331.49	0.5	nontarget	29	99447
331.49	0.5	I	10	99447
331.62666666666667	0.5	nontarget	29	99488
331.62666666666667	0.5	T	21	99488
331.7633333333333	0.5	nontarget	29	99529
331.7633333333333	0.5	D	5	99529
331.9	0.5	nontarget	29	99570
331.9	0.5	X	25	99570
332.04	0.5	nontarget	29	99612
332.04	0.5	Z	27	99612
332.17333333333335	0.5	nontarget	29	99652
332.17333333333335	0.5	E	6	99652
332.31333333333333	0.5	nontarget	29	99694
332.31333333333333	0.5	Q	18	99694
332.45	0.5	nontarget	29	99735
332.45	0.5	O	16	99735
332.58666666666664	0.5	nontarget	29	99776
332.58666666666664	0.5	G	8	99776
332.72333333333336	0.5	nontarget	29	99817
332.72333333333336	0.5	W	24	99817
332.8566666666667	0.5	nontarget	29	99857
332.8566666666667	0.5	S	20	99857
332.99666666666667	0.5	nontarget	29	99899
332.99666666666667	0.5	N	15	99899
333.1333333333333	0.5	nontarget	29	99940
333.1333333333333	0.5	M	14	99940
333.27	0.5	nontarget	29	99981
333.27	0.5	Y	26	99981
333.4066666666667	0.5	nontarget	29	100022
333.4066666666667	0.5	A	2	100022
338.2133333333333	0.5	nontarget	29	101464
338.2133333333333	0.5	_	28	101464
338.3466666666667	0.5	nontarget	29	101504
338.3466666666667	0.5	N	15	101504
338.48333333333335	0.5	nontarget	29	101545
338.48333333333335	0.5	F	7	101545
338.62333333333333	0.5	nontarget	29	101587
338.62333333333333	0.5	J	11	101587
338.76	0.5	nontarget	29	101628
338.76	0.5	I	10	101628
338.89666666666665	0.5	nontarget	29	101669
338.89666666666665	0.5	W	24	101669
339.03	0.5	nontarget	29	101709
339.03	0.5	D	5	101709
339.1666666666667	0.5	nontarget	29	101750
339.1666666666667	0.5	S	20	101750
339.30333333333334	0.5	nontarget	29	101791
339.30333333333334	0.5	X	25	101791
339.44	0.5	nontarget	29	101832
339.44	0.5	V	23	101832
339.57666666666665	0.5	target	30	101873
339.57666666666665	0.5	<	1	101873
339.7133333333333	0.5	nontarget	29	101914
339.7133333333333	0.5	L	13	101914
339.85	0.5	nontarget	29	101955
339.85	0.5	E	6	101955
339.9866666666667	0.5	nontarget	29	101996
339.9866666666667	0.5	T	21	101996
340.12333333333333	0.5	nontarget	29	102037
340.12333333333333	0.5	Q	18	102037
340.26	0.5	nontarget	29	102078
340.26	0.5	K	12	102078
340.39666666666665	0.5	nontarget	29	102119
340.39666666666665	0.5	B	3	102119
340.53333333333336	0.5	nontarget	29	102160
340.53333333333336	0.5	P	17	102160
340.67	0.5	nontarget	29	102201
340.67	0.5	G	8	102201
340.81	0.5	nontarget	29	102243
340.81	0.5	A	2	102243
340.94666666666666	0.5	nontarget	29	102284
340.94666666666666	0.5	U	22	102284
341.0833333333333	0.5	nontarget	29	102325
341.0833333333333	0.5	O	16	102325
341.22	0.5	nontarget	29	102366
341.22	0.5	M	14	102366
341.3566666666667	0.5	nontarget	29	102407
341.3566666666667	0.5	Z	27	102407
341.49333333333334	0.5	nontarget	29	102448
341.49333333333334	0.5	R	19	102448
341.63	0.5	nontarget	29	102489
341.63	0.5	Y	26	102489
341.76666666666665	0.5	nontarget	29	102530
341.76666666666665	0.5	C	4	102530
341.9	0.5	nontarget	29	102570
341.9	0.5	H	9	102570
346.71	0.5	nontarget	29	104013
346.71	0.5	W	24	104013
346.8466666666667	0.5	nontarget	29	104054
346.8466666666667	0.5	S	20	104054
346.98	0.5	nontarget	29	104094
346.98	0.5	O	16	104094
347.12	0.5	nontarget	29	104136
347.12	0.5	F	7	104136
347.25666666666666	0.5	nontarget	29	104177
347.25666666666666	0.5	K	12	104177
347.39	0.5	nontarget	29	104217
347.39	0.5	M	14	104217
347.52666666666664	0.5	nontarget	29	104258
347.52666666666664	0.5	C	4	104258
347.66333333333336	0.5	nontarget	29	104299
347.66333333333336	0.5	J	11	104299
347.8	0.5	nontarget	29	104340
347.8	0.5	G	8	104340
347.93666666666667	0.5	nontarget	29	104381
347.93666666666667	0.5	E	6	104381
348.07666666666665	0.5	nontarget	29	104423
348.07666666666665	0.5	U	22	104423
348.2133333333333	0.5	nontarget	29	104464
348.2133333333333	0.5	L	13	104464
348.35	0.5	nontarget	29	104505
348.35	0.5	Y	26	104505
348.4866666666667	0.5	nontarget	29	104546
348.4866666666667	0.5	P	17	104546
348.62333333333333	0.5	nontarget	29	104587
348.62333333333333	0.5	_	28	104587
348.76	0.5	nontarget	29	104628
348.76	0.5	X	25	104628
348.89666666666665	0.5	target	30	104669
348.89666666666665	0.5	<	1	104669
349.0366666666667	0.5	nontarget	29	104711
349.0366666666667	0.5	R	19	104711
349.17333333333335	0.5	nontarget	29	104752
349.17333333333335	0.5	N	15	104752
349.3066666666667	0.5	nontarget	29	104792
349.3066666666667	0.5	T	21	104792
349.4433333333333	0.5	nontarget	29	104833
349.4433333333333	0.5	V	23	104833
349.58	0.5	nontarget	29	104874
349.58	0.5	A	2	104874
349.71666666666664	0.5	nontarget	29	104915
349.71666666666664	0.5	H	9	104915
349.85333333333335	0.5	nontarget	29	104956
349.85333333333335	0.5	D	5	104956
349.99	0.5	nontarget	29	104997
349.99	0.5	Q	18	104997
350.12666666666667	0.5	nontarget	29	105038
350.12666666666667	0.5	I	10	105038
350.2633333333333	0.5	nontarget	29	105079
350.2633333333333	0.5	Z	27	105079
350.39666666666665	0.5	nontarget	29	105119
350.39666666666665	0.5	B	3	105119
355.2033333333333	0.5	nontarget	29	106561
355.2033333333333	0.5	V	23	106561
355.34	0.5	nontarget	29	106602
355.34	0.5	E	6	106602
355.48	0.5	nontarget	29	106644
355.48	0.5	S	20	106644
355.6166666666667	0.5	nontarget	29	106685
355.6166666666667	0.5	K	12	106685
355.75333333333333	0.5	nontarget	29	106726
355.75333333333333	0.5	D	5	106726
355.89	0.5	nontarget	29	106767
355.89	0.5	P	17	106767
356.03	0.5	nontarget	29	106809
356.03	0.5	T	21	106809
356.16333333333336	0.5	nontarget	29	106849
356.16333333333336	0.5	_	28	106849
356.3	0.5	nontarget	29	106890
356.3	0.5	R	19	106890
356.43666666666667	0.5	nontarget	29	106931
356.43666666666667	0.5	I	10	106931
356.5733333333333	0.5	nontarget	29	106972
356.5733333333333	0.5	O	16	106972
356.71	0.5	nontarget	29	107013
356.71	0.5	W	24	107013
356.8466666666667	0.5	nontarget	29	107054
356.8466666666667	0.5	M	14	107054
356.98	0.5	nontarget	29	107094
356.98	0.5	U	22	107094
357.12	0.5	nontarget	29	107136
357.12	0.5	Y	26	107136
357.25333333333333	0.5	target	30	107176
357.25333333333333	0.5	<	1	107176
357.39	0.5	nontarget	29	107217
357.39	0.5	J	11	107217
357.52666666666664	0.5	nontarget	29	107258
357.52666666666664	0.5	C	4	107258
357.66333333333336	0.5	nontarget	29	107299
357.66333333333336	0.5	A	2	107299
357.8	0.5	nontarget	29	107340
357.8	0.5	L	13	107340
357.93666666666667	0.5	nontarget	29	107381
357.93666666666667	0.5	Q	18	107381
358.0733333333333	0.5	nontarget	29	107422
358.0733333333333	0.5	G	8	107422
358.20666666666665	0.5	nontarget	29	107462
358.20666666666665	0.5	B	3	107462
358.3433333333333	0.5	nontarget	29	107503
358.3433333333333	0.5	X	25	107503
358.48333333333335	0.5	nontarget	29	107545
358.48333333333335	0.5	F	7	107545
358.62	0.5	nontarget	29	107586
358.62	0.5	N	15	107586
358.75666666666666	0.5	nontarget	29	107627
358.75666666666666	0.5	Z	27	107627
358.8933333333333	0.5	nontarget	29	107668
358.8933333333333	0.5	H	9	107668
365.70666666666665	0.5	nontarget	29	109712
365.70666666666665	0.5	Z	27	109712
365.8433333333333	0.5	nontarget	29	109753
365.8433333333333	0.5	S	20	109753
365.98333333333335	0.5	nontarget	29	109795
365.98333333333335	0.5	A	2	109795
366.12	0.5	nontarget	29	109836
366.12	0.5	P	17	109836
366.25666666666666	0.5	nontarget	29	109877
366.25666666666666	0.5	E	6	109877
366.3933333333333	0.5	nontarget	29	109918
366.3933333333333	0.5	L	13	109918
366.53333333333336	0.5	target	30	109960
366.53333333333336	0.5	<	1	109960
366.67	0.5	nontarget	29	110001
366.67	0.5	D	5	110001
366.8066666666667	0.5	nontarget	29	110042
366.8066666666667	0.5	_	28	110042
366.9433333333333	0.5	nontarget	29	110083
366.9433333333333	0.5	I	10	110083
367.08	0.5	nontarget	29	110124
367.08	0.5	M	14	110124
367.21666666666664	0.5	nontarget	29	110165
367.21666666666664	0.5	H	9	110165
367.35333333333335	0.5	nontarget	29	110206
367.35333333333335	0.5	F	7	110206
367.49	0.5	nontarget	29	110247
367.49	0.5	B	3	110247
367.62666666666667	0.5	nontarget	29	110288
367.62666666666667	0.5	X	25	110288
367.7633333333333	0.5	nontarget	29	110329
367.7633333333333	0.5	G	8	110329
367.9	0.5	nontarget	29	110370
367.9	0.5	Q	18	110370
368.04	0.5	nontarget	29	110412
368.04	0.5	N	15	110412
368.1766666666667	0.5	nontarget	29	110453
368.1766666666667	0.5	W	24	110453
368.31333333333333	0.5	nontarget	29	110494
368.31333333333333	0.5	O	16	110494
368.45	0.5	nontarget	29	110535
368.45	0.5	C	4	110535
368.58666666666664	0.5	nontarget	29	110576
368.58666666666664	0.5	Y	26	110576
368.72333333333336	0.5	nontarget	29	110617
368.72333333333336	0.5	T	21	110617
368.86	0.5	nontarget	29	110658
368.86	0.5	K	12	110658
368.99666666666667	0.5	nontarget	29	110699
368.99666666666667	0.5	U	22	110699
369.1333333333333	0.5	nontarget	29	110740
369.1333333333333	0.5	R	19	110740
369.27	0.5	nontarget	29	110781
369.27	0.5	V	23	110781
369.4066666666667	0.5	nontarget	29	110822
369.4066666666667	0.5	J	11	110822
374.21666666666664	0.5	nontarget	29	112265
374.21666666666664	0.5	G	8	112265
374.3566666666667	0.5	nontarget	29	112307
374.3566666666667	0.5	L	13	112307
374.49	0.5	nontarget	29	112347
374.49	0.5	J	11	112347
374.62666666666667	0.5	nontarget	29	112388
374.62666666666667	0.5	A	2	112388
374.7633333333333	0.5	nontarget	29	112429
374.7633333333333	0.5	S	20	112429
374.9	0.5	nontarget	29	112470
374.9	0.5	X	25	112470
375.0366666666667	0.5	nontarget	29	112511
375.0366666666667	0.5	T	21	112511
375.17333333333335	0.5	nontarget	29	112552
375.17333333333335	0.5	F	7	112552
375.31	0.5	nontarget	29	112593
375.31	0.5	V	23	112593
375.44666666666666	0.5	nontarget	29	112634
375.44666666666666	0.5	I	10	112634
375.5833333333333	0.5	nontarget	29	112675
375.5833333333333	0.5	Y	26	112675
375.72	0.5	nontarget	29	112716
375.72	0.5	M	14	112716
375.8566666666667	0.5	nontarget	29	112757
375.8566666666667	0.5	N	15	112757
375.99333333333334	0.5	nontarget	29	112798
375.99333333333334	0.5	C	4	112798
376.12666666666667	0.5	nontarget	29	112838
376.12666666666667	0.5	E	6	112838
376.2633333333333	0.5	nontarget	29	112879
376.2633333333333	0.5	K	12	112879
376.4033333333333	0.5	nontarget	29	112921
376.4033333333333	0.5	P	17	112921
376.54	0.5	nontarget	29	112962
376.54	0.5	U	22	112962
376.67333333333335	0.5	nontarget	29	113002
376.67333333333335	0.5	W	24	113002
376.81	0.5	nontarget	29	113043
376.81	0.5	H	9	113043
376.95	0.5	nontarget	29	113085
376.95	0.5	_	28	113085
377.08666666666664	0.5	nontarget	29	113126
377.08666666666664	0.5	Q	18	113126
377.22333333333336	0.5	nontarget	29	113167
377.22333333333336	0.5	R	19	113167
377.3566666666667	0.5	nontarget	29	113207
377.3566666666667	0.5	B	3	113207
377.49666666666667	0.5	nontarget	29	113249
377.49666666666667	0.5	Z	27	113249
377.63	0.5	target	30	113289
377.63	0.5	<	1	113289
377.76666666666665	0.5	nontarget	29	113330
377.76666666666665	0.5	D	5	113330
377.9033333333333	0.5	nontarget	29	113371
377.9033333333333	0.5	O	16	113371
382.7133333333333	0.5	nontarget	29	114814
382.7133333333333	0.5	Q	18	114814
382.8466666666667	0.5	nontarget	29	114854
382.8466666666667	0.5	Z	27	114854
382.98333333333335	0.5	nontarget	29	114895
382.98333333333335	0.5	B	3	114895
383.12333333333333	0.5	nontarget	29	114937
383.12333333333333	0.5	H	9	114937
383.26	0.5	nontarget	29	114978
383.26	0.5	L	13	114978
383.3933333333333	0.5	nontarget	29	115018
383.3933333333333	0.5	V	23	115018
383.53333333333336	0.5	nontarget	29	115060
383.53333333333336	0.5	F	7	115060
383.67	0.5	nontarget	29	115101
383.67	0.5	A	2	115101
383.8066666666667	0.5	target	30	115142
383.8066666666667	0.5	<	1	115142
383.9433333333333	0.5	nontarget	29	115183
383.9433333333333	0.5	I	10	115183
384.0833333333333	0.5	nontarget	29	115225
384.0833333333333	0.5	X	25	115225
384.22	0.5	nontarget	29	115266
384.22	0.5	E	6	115266
384.3566666666667	0.5	nontarget	29	115307
384.3566666666667	0.5	J	11	115307
384.49333333333334	0.5	nontarget	29	115348
384.49333333333334	0.5	O	16	115348
384.63	0.5	nontarget	29	115389
384.63	0.5	P	17	115389
384.76666666666665	0.5	nontarget	29	115430
384.76666666666665	0.5	C	4	115430
384.9033333333333	0.5	nontarget	29	115471
384.9033333333333	0.5	M	14	115471
385.04	0.5	nontarget	29	115512
385.04	0.5	K	12	115512
385.1766666666667	0.5	nontarget	29	115553
385.1766666666667	0.5	R	19	115553
385.31333333333333	0.5	nontarget	29	115594
385.31333333333333	0.5	G	8	115594
385.45	0.5	nontarget	29	115635
385.45	0.5	U	22	115635
385.58666666666664	0.5	nontarget	29	115676
385.58666666666664	0.5	_	28	115676
385.72333333333336	0.5	nontarget	29	115717
385.72333333333336	0.5	Y	26	115717
385.86	0.5	nontarget	29	115758
385.86	0.5	D	5	115758
385.99333333333334	0.5	nontarget	29	115798
385.99333333333334	0.5	N	15	115798
386.1333333333333	0.5	nontarget	29	115840
386.1333333333333	0.5	S	20	115840
386.27	0.5	nontarget	29	115881
386.27	0.5	W	24	115881
386.4033333333333	0.5	nontarget	29	115921
386.4033333333333	0.5	T	21	115921
391.21666666666664	0.5	nontarget	29	117365
391.21666666666664	0.5	Q	18	117365
391.3566666666667	0.5	nontarget	29	117407
391.3566666666667	0.5	L	13	117407
391.49333333333334	0.5	nontarget	29	117448
391.49333333333334	0.5	X	25	117448
391.62666666666667	0.5	nontarget	29	117488
391.62666666666667	0.5	_	28	117488
391.7633333333333	0.5	nontarget	29	117529
391.7633333333333	0.5	R	19	117529
391.9	0.5	target	30	117570
391.9	0.5	<	1	117570
392.04	0.5	nontarget	29	117612
392.04	0.5	E	6	117612
392.1766666666667	0.5	nontarget	29	117653
392.1766666666667	0.5	D	5	117653
392.31333333333333	0.5	nontarget	29	117694
392.31333333333333	0.5	G	8	117694
392.45	0.5	nontarget	29	117735
392.45	0.5	C	4	117735
392.5833333333333	0.5	nontarget	29	117775
392.5833333333333	0.5	I	10	117775
392.72	0.5	nontarget	29	117816
392.72	0.5	A	2	117816
392.8566666666667	0.5	nontarget	29	117857
392.8566666666667	0.5	P	17	117857
392.99333333333334	0.5	nontarget	29	117898
392.99333333333334	0.5	B	3	117898
393.13	0.5	nontarget	29	117939
393.13	0.5	F	7	117939
393.26666666666665	0.5	nontarget	29	117980
393.26666666666665	0.5	N	15	117980
393.4066666666667	0.5	nontarget	29	118022
393.4066666666667	0.5	O	16	118022
393.54	0.5	nontarget	29	118062
393.54	0.5	S	20	118062
393.68	0.5	nontarget	29	118104
393.68	0.5	W	24	118104
393.81666666666666	0.5	nontarget	29	118145
393.81666666666666	0.5	Z	27	118145
393.9533333333333	0.5	nontarget	29	118186
393.9533333333333	0.5	H	9	118186
394.09	0.5	nontarget	29	118227
394.09	0.5	J	11	118227
394.23	0.5	nontarget	29	118269
394.23	0.5	T	21	118269
394.36333333333334	0.5	nontarget	29	118309
394.36333333333334	0.5	V	23	118309
394.5	0.5	nontarget	29	118350
394.5	0.5	K	12	118350
394.63666666666666	0.5	nontarget	29	118391
394.63666666666666	0.5	Y	26	118391
394.77666666666664	0.5	nontarget	29	118433
394.77666666666664	0.5	M	14	118433
394.91	0.5	nontarget	29	118473
394.91	0.5	U	22	118473
399.72	0.5	nontarget	29	119916
399.72	0.5	F	7	119916
399.8566666666667	0.5	nontarget	29	119957
399.8566666666667	0.5	E	6	119957
399.99333333333334	0.5	nontarget	29	119998
399.99333333333334	0.5	C	4	119998
400.13	0.5	nontarget	29	120039
400.13	0.5	Q	18	120039
400.2633333333333	0.5	nontarget	29	120079
400.2633333333333	0.5	J	11	120079
400.4	0.5	nontarget	29	120120
400.4	0.5	L	13	120120
400.54	0.5	nontarget	29	120162
400.54	0.5	O	16	120162
400.6766666666667	0.5	nontarget	29	120203
400.6766666666667	0.5	B	3	120203
400.81666666666666	0.5	nontarget	29	120245
400.81666666666666	0.5	D	5	120245
401.02	0.5	nontarget	29	120306
401.02	0.5	T	21	120306
401.1566666666667	0.5	nontarget	29	120347
401.1566666666667	0.5	Y	26	120347
401.29333333333335	0.5	nontarget	29	120388
401.29333333333335	0.5	U	22	120388
401.43	0.5	nontarget	29	120429
401.43	0.5	X	25	120429
401.56666666666666	0.5	target	30	120470
401.56666666666666	0.5	<	1	120470
401.7033333333333	0.5	nontarget	29	120511
401.7033333333333	0.5	_	28	120511
401.84	0.5	nontarget	29	120552
401.84	0.5	G	8	120552
401.9766666666667	0.5	nontarget	29	120593
401.9766666666667	0.5	R	19	120593
402.1166666666667	0.5	nontarget	29	120635
402.1166666666667	0.5	W	24	120635
402.25333333333333	0.5	nontarget	29	120676
402.25333333333333	0.5	Z	27	120676
402.39	0.5	nontarget	29	120717
402.39	0.5	H	9	120717
402.52666666666664	0.5	nontarget	29	120758
402.52666666666664	0.5	P	17	120758
402.66333333333336	0.5	nontarget	29	120799
402.66333333333336	0.5	V	23	120799
402.8	0.5	nontarget	29	120840
402.8	0.5	A	2	120840
402.93333333333334	0.5	nontarget	29	120880
402.93333333333334	0.5	S	20	120880
403.07	0.5	nontarget	29	120921
403.07	0.5	K	12	120921
403.20666666666665	0.5	nontarget	29	120962
403.20666666666665	0.5	M	14	120962
403.3433333333333	0.5	nontarget	29	121003
403.3433333333333	0.5	I	10	121003
403.48333333333335	0.5	nontarget	29	121045
403.48333333333335	0.5	N	15	121045
408.29333333333335	0.5	nontarget	29	122488
408.29333333333335	0.5	W	24	122488
408.43	0.5	nontarget	29	122529
408.43	0.5	I	10	122529
408.57	0.5	nontarget	29	122571
408.57	0.5	L	13	122571
408.70666666666665	0.5	nontarget	29	122612
408.70666666666665	0.5	A	2	122612
408.8466666666667	0.5	nontarget	29	122654
408.8466666666667	0.5	H	9	122654
408.98333333333335	0.5	nontarget	29	122695
408.98333333333335	0.5	C	4	122695
409.12	0.5	nontarget	29	122736
409.12	0.5	G	8	122736
409.26	0.5	nontarget	29	122778
409.26	0.5	O	16	122778
409.39666666666665	0.5	nontarget	29	122819
409.39666666666665	0.5	B	3	122819
409.53	0.5	nontarget	29	122859
409.53	0.5	R	19	122859
409.6666666666667	0.5	nontarget	29	122900
409.6666666666667	0.5	T	21	122900
409.8066666666667	0.5	nontarget	29	122942
409.8066666666667	0.5	X	25	122942
409.94	0.5	nontarget	29	122982
409.94	0.5	M	14	122982
410.07666666666665	0.5	nontarget	29	123023
410.07666666666665	0.5	Q	18	123023
410.2133333333333	0.5	nontarget	29	123064
410.2133333333333	0.5	F	7	123064
410.35	0.5	nontarget	29	123105
410.35	0.5	D	5	123105
410.4866666666667	0.5	nontarget	29	123146
410.4866666666667	0.5	J	11	123146
410.62333333333333	0.5	nontarget	29	123187
410.62333333333333	0.5	N	15	123187
410.76	0.5	nontarget	29	123228
410.76	0.5	K	12	123228
410.89666666666665	0.5	nontarget	29	123269
410.89666666666665	0.5	Y	26	123269
411.03333333333336	0.5	nontarget	29	123310
411.03333333333336	0.5	U	22	123310
411.17	0.5	nontarget	29	123351
411.17	0.5	E	6	123351
411.3066666666667	0.5	nontarget	29	123392
411.3066666666667	0.5	_	28	123392
411.4433333333333	0.5	nontarget	29	123433
411.4433333333333	0.5	P	17	123433
411.58	0.5	nontarget	29	123474
411.58	0.5	Z	27	123474
411.71666666666664	0.5	nontarget	29	123515
411.71666666666664	0.5	V	23	123515
411.85333333333335	0.5	target	30	123556
411.85333333333335	0.5	<	1	123556
411.99	0.5	nontarget	29	123597
411.99	0.5	S	20	123597
418.8066666666667	0.5	nontarget	29	125642
418.8066666666667	0.5	O	16	125642
418.94666666666666	0.5	nontarget	29	125684
418.94666666666666	0.5	I	10	125684
419.0833333333333	0.5	nontarget	29	125725
419.0833333333333	0.5	G	8	125725
419.22	0.5	nontarget	29	125766
419.22	0.5	A	2	125766
419.3566666666667	0.5	nontarget	29	125807
419.3566666666667	0.5	L	13	125807
419.49333333333334	0.5	nontarget	29	125848
419.49333333333334	0.5	P	17	125848
419.63	0.5	nontarget	29	125889
419.63	0.5	Z	27	125889
419.7633333333333	0.5	nontarget	29	125929
419.7633333333333	0.5	J	11	125929
419.9	0.5	nontarget	29	125970
419.9	0.5	K	12	125970
420.04	0.5	nontarget	29	126012
420.04	0.5	U	22	126012
420.1766666666667	0.5	nontarget	29	126053
420.1766666666667	0.5	B	3	126053
420.31333333333333	0.5	nontarget	29	126094
420.31333333333333	0.5	V	23	126094
420.45	0.5	nontarget	29	126135
420.45	0.5	M	14	126135
420.58666666666664	0.5	nontarget	29	126176
420.58666666666664	0.5	X	25	126176
420.72333333333336	0.5	nontarget	29	126217
420.72333333333336	0.5	W	24	126217
420.86	0.5	nontarget	29	126258
420.86	0.5	S	20	126258
420.99666666666667	0.5	nontarget	29	126299
420.99666666666667	0.5	Y	26	126299
421.13	0.5	nontarget	29	126339
421.13	0.5	N	15	126339
421.26666666666665	0.5	nontarget	29	126380
421.26666666666665	0.5	_	28	126380
421.4066666666667	0.5	nontarget	29	126422
421.4066666666667	0.5	E	6	126422
421.54	0.5	nontarget	29	126462
421.54	0.5	T	21	126462
421.68	0.5	nontarget	29	126504
421.68	0.5	H	9	126504
421.81333333333333	0.5	nontarget	29	126544
421.81333333333333	0.5	Q	18	126544
421.95	0.5	nontarget	29	126585
421.95	0.5	D	5	126585
422.09	0.5	nontarget	29	126627
422.09	0.5	R	19	126627
422.2266666666667	0.5	target	30	126668
422.2266666666667	0.5	<	1	126668
422.36	0.5	nontarget	29	126708
422.36	0.5	F	7	126708
422.49666666666667	0.5	nontarget	29	126749
422.49666666666667	0.5	C	4	126749
427.31333333333333	0.5	nontarget	29	128194
427.31333333333333	0.5	V	23	128194
427.45	0.5	nontarget	29	128235
427.45	0.5	L	13	128235
427.58666666666664	0.5	nontarget	29	128276
427.58666666666664	0.5	Y	26	128276
427.72333333333336	0.5	nontarget	29	128317
427.72333333333336	0.5	S	20	128317
427.86	0.5	nontarget	29	128358
427.86	0.5	F	7	128358
427.99666666666667	0.5	nontarget	29	128399
427.99666666666667	0.5	E	6	128399
428.1333333333333	0.5	nontarget	29	128440
428.1333333333333	0.5	J	11	128440
428.27	0.5	nontarget	29	128481
428.27	0.5	G	8	128481
428.4066666666667	0.5	target	30	128522
428.4066666666667	0.5	<	1	128522
428.54333333333335	0.5	nontarget	29	128563
428.54333333333335	0.5	I	10	128563
428.68	0.5	nontarget	29	128604
428.68	0.5	Z	27	128604
428.81666666666666	0.5	nontarget	29	128645
428.81666666666666	0.5	A	2	128645
428.9533333333333	0.5	nontarget	29	128686
428.9533333333333	0.5	N	15	128686
429.09	0.5	nontarget	29	128727
429.09	0.5	B	3	128727
429.2266666666667	0.5	nontarget	29	128768
429.2266666666667	0.5	C	4	128768
429.36333333333334	0.5	nontarget	29	128809
429.36333333333334	0.5	O	16	128809
429.5	0.5	nontarget	29	128850
429.5	0.5	Q	18	128850
429.63666666666666	0.5	nontarget	29	128891
429.63666666666666	0.5	P	17	128891
429.77666666666664	0.5	nontarget	29	128933
429.77666666666664	0.5	T	21	128933
429.91333333333336	0.5	nontarget	29	128974
429.91333333333336	0.5	M	14	128974
430.05	0.5	nontarget	29	129015
430.05	0.5	U	22	129015
430.19	0.5	nontarget	29	129057
430.19	0.5	_	28	129057
430.32666666666665	0.5	nontarget	29	129098
430.32666666666665	0.5	X	25	129098
430.4633333333333	0.5	nontarget	29	129139
430.4633333333333	0.5	K	12	129139
430.6	0.5	nontarget	29	129180
430.6	0.5	R	19	129180
430.7366666666667	0.5	nontarget	29	129221
430.7366666666667	0.5	H	9	129221
430.87333333333333	0.5	nontarget	29	129262
430.87333333333333	0.5	D	5	129262
431.01	0.5	nontarget	29	129303
431.01	0.5	W	24	129303
435.82666666666665	0.5	nontarget	29	130748
435.82666666666665	0.5	M	14	130748
435.96	0.5	nontarget	29	130788
435.96	0.5	A	2	130788
436.0966666666667	0.5	nontarget	29	130829
436.0966666666667	0.5	Y	26	130829
436.2366666666667	0.5	nontarget	29	130871
436.2366666666667	0.5	_	28	130871
436.37333333333333	0.5	nontarget	29	130912
436.37333333333333	0.5	Q	18	130912
436.51	0.5	nontarget	29	130953
436.51	0.5	B	3	130953
436.65	0.5	nontarget	29	130995
436.65	0.5	G	8	130995
436.7866666666667	0.5	nontarget	29	131036
436.7866666666667	0.5	J	11	131036
436.92	0.5	nontarget	29	131076
436.92	0.5	R	19	131076
437.06	0.5	nontarget	29	131118
437.06	0.5	U	22	131118
437.19666666666666	0.5	nontarget	29	131159
437.19666666666666	0.5	C	4	131159
437.3333333333333	0.5	nontarget	29	131200
437.3333333333333	0.5	L	13	131200
437.47	0.5	nontarget	29	131241
437.47	0.5	S	20	131241
437.6066666666667	0.5	nontarget	29	131282
437.6066666666667	0.5	E	6	131282
437.74333333333334	0.5	nontarget	29	131323
437.74333333333334	0.5	V	23	131323
437.88	0.5	nontarget	29	131364
437.88	0.5	D	5	131364
438.01666666666665	0.5	nontarget	29	131405
438.01666666666665	0.5	W	24	131405
438.1533333333333	0.5	nontarget	29	131446
438.1533333333333	0.5	N	15	131446
438.29	0.5	nontarget	29	131487
438.29	0.5	P	17	131487
438.43	0.5	nontarget	29	131529
438.43	0.5	O	16	131529
438.56666666666666	0.5	nontarget	29	131570
438.56666666666666	0.5	Z	27	131570
438.7033333333333	0.5	nontarget	29	131611
438.7033333333333	0.5	K	12	131611
438.84	0.5	nontarget	29	131652
438.84	0.5	F	7	131652
438.9766666666667	0.5	nontarget	29	131693
438.9766666666667	0.5	T	21	131693
439.11333333333334	0.5	target	30	131734
439.11333333333334	0.5	<	1	131734
439.25333333333333	0.5	nontarget	29	131776
439.25333333333333	0.5	X	25	131776
439.39	0.5	nontarget	29	131817
439.39	0.5	H	9	131817
439.52666666666664	0.5	nontarget	29	131858
439.52666666666664	0.5	I	10	131858
444.34	0.5	nontarget	29	133302
444.34	0.5	Y	26	133302
444.4766666666667	0.5	nontarget	29	133343
444.4766666666667	0.5	K	12	133343
444.61333333333334	0.5	nontarget	29	133384
444.61333333333334	0.5	S	20	133384
444.75	0.5	nontarget	29	133425
444.75	0.5	I	10	133425
444.88666666666666	0.5	nontarget	29	133466
444.88666666666666	0.5	A	2	133466
445.0233333333333	0.5	nontarget	29	133507
445.0233333333333	0.5	M	14	133507
445.16	0.5	nontarget	29	133548
445.16	0.5	X	25	133548
445.2966666666667	0.5	nontarget	29	133589
445.2966666666667	0.5	F	7	133589
445.43333333333334	0.5	nontarget	29	133630
445.43333333333334	0.5	G	8	133630
445.57	0.5	nontarget	29	133671
445.57	0.5	R	19	133671
445.70666666666665	0.5	target	30	133712
445.70666666666665	0.5	<	1	133712
445.8433333333333	0.5	nontarget	29	133753
445.8433333333333	0.5	Q	18	133753
445.98	0.5	nontarget	29	133794
445.98	0.5	N	15	133794
446.1166666666667	0.5	nontarget	29	133835
446.1166666666667	0.5	O	16	133835
446.25666666666666	0.5	nontarget	29	133877
446.25666666666666	0.5	B	3	133877
446.39	0.5	nontarget	29	133917
446.39	0.5	E	6	133917
446.53	0.5	nontarget	29	133959
446.53	0.5	C	4	133959
446.6666666666667	0.5	nontarget	29	134000
446.6666666666667	0.5	J	11	134000
446.80333333333334	0.5	nontarget	29	134041
446.80333333333334	0.5	D	5	134041
446.94	0.5	nontarget	29	134082
446.94	0.5	P	17	134082
447.07666666666665	0.5	nontarget	29	134123
447.07666666666665	0.5	V	23	134123
447.2133333333333	0.5	nontarget	29	134164
447.2133333333333	0.5	U	22	134164
447.35	0.5	nontarget	29	134205
447.35	0.5	H	9	134205
447.4866666666667	0.5	nontarget	29	134246
447.4866666666667	0.5	Z	27	134246
447.62	0.5	nontarget	29	134286
447.62	0.5	L	13	134286
447.75666666666666	0.5	nontarget	29	134327
447.75666666666666	0.5	W	24	134327
447.8933333333333	0.5	nontarget	29	134368
447.8933333333333	0.5	_	28	134368
448.03	0.5	nontarget	29	134409
448.03	0.5	T	21	134409
452.8466666666667	0.5	nontarget	29	135854
452.8466666666667	0.5	U	22	135854
452.98333333333335	0.5	nontarget	29	135895
452.98333333333335	0.5	B	3	135895
453.12	0.5	nontarget	29	135936
453.12	0.5	G	8	135936
453.26	0.5	nontarget	29	135978
453.26	0.5	D	5	135978
453.3933333333333	0.5	nontarget	29	136018
453.3933333333333	0.5	W	24	136018
453.53333333333336	0.5	nontarget	29	136060
453.53333333333336	0.5	X	25	136060
453.67	0.5	nontarget	29	136101
453.67	0.5	S	20	136101
453.8066666666667	0.5	nontarget	29	136142
453.8066666666667	0.5	R	19	136142
453.9433333333333	0.5	nontarget	29	136183
453.9433333333333	0.5	O	16	136183
454.0833333333333	0.5	nontarget	29	136225
454.0833333333333	0.5	P	17	136225
454.22333333333336	0.5	nontarget	29	136267
454.22333333333336	0.5	I	10	136267
454.36	0.5	nontarget	29	136308
454.36	0.5	Y	26	136308
454.49666666666667	0.5	nontarget	29	136349
454.49666666666667	0.5	F	7	136349
454.6333333333333	0.5	nontarget	29	136390
454.6333333333333	0.5	N	15	136390
454.77	0.5	nontarget	29	136431
454.77	0.5	H	9	136431
454.9066666666667	0.5	nontarget	29	136472
454.9066666666667	0.5	_	28	136472
455.04333333333335	0.5	target	30	136513
455.04333333333335	0.5	<	1	136513
455.18	0.5	nontarget	29	136554
455.18	0.5	V	23	136554
455.31666666666666	0.5	nontarget	29	136595
455.31666666666666	0.5	C	4	136595
455.4533333333333	0.5	nontarget	29	136636
455.4533333333333	0.5	K	12	136636
455.59	0.5	nontarget	29	136677
455.59	0.5	L	13	136677
455.7266666666667	0.5	nontarget	29	136718
455.7266666666667	0.5	J	11	136718
455.8666666666667	0.5	nontarget	29	136760
455.8666666666667	0.5	Q	18	136760
456.0	0.5	nontarget	29	136800
456.0	0.5	Z	27	136800
456.13666666666666	0.5	nontarget	29	136841
456.13666666666666	0.5	A	2	136841
456.2733333333333	0.5	nontarget	29	136882
456.2733333333333	0.5	M	14	136882
456.41	0.5	nontarget	29	136923
456.41	0.5	T	21	136923
456.5466666666667	0.5	nontarget	29	136964
456.5466666666667	0.5	E	6	136964
461.36	0.5	nontarget	29	138408
461.36	0.5	L	13	138408
461.49666666666667	0.5	nontarget	29	138449
461.49666666666667	0.5	D	5	138449
461.6333333333333	0.5	nontarget	29	138490
461.6333333333333	0.5	A	2	138490
461.77	0.5	nontarget	29	138531
461.77	0.5	U	22	138531
461.91	0.5	nontarget	29	138573
461.91	0.5	W	24	138573
462.0466666666667	0.5	nontarget	29	138614
462.0466666666667	0.5	Z	27	138614
462.18333333333334	0.5	nontarget	29	138655
462.18333333333334	0.5	X	25	138655
462.32	0.5	nontarget	29	138696
462.32	0.5	R	19	138696
462.45666666666665	0.5	nontarget	29	138737
462.45666666666665	0.5	I	10	138737
462.5933333333333	0.5	nontarget	29	138778
462.5933333333333	0.5	M	14	138778
462.73	0.5	nontarget	29	138819
462.73	0.5	E	6	138819
462.87	0.5	nontarget	29	138861
462.87	0.5	C	4	138861
463.00666666666666	0.5	nontarget	29	138902
463.00666666666666	0.5	J	11	138902
463.1433333333333	0.5	nontarget	29	138943
463.1433333333333	0.5	K	12	138943
463.28	0.5	nontarget	29	138984
463.28	0.5	O	16	138984
463.4166666666667	0.5	nontarget	29	139025
463.4166666666667	0.5	Y	26	139025
463.55333333333334	0.5	nontarget	29	139066
463.55333333333334	0.5	N	15	139066
463.6933333333333	0.5	nontarget	29	139108
463.6933333333333	0.5	F	7	139108
463.83	0.5	nontarget	29	139149
463.83	0.5	_	28	139149
463.96666666666664	0.5	target	30	139190
463.96666666666664	0.5	<	1	139190
464.1066666666667	0.5	nontarget	29	139232
464.1066666666667	0.5	H	9	139232
464.24666666666667	0.5	nontarget	29	139274
464.24666666666667	0.5	P	17	139274
464.3833333333333	0.5	nontarget	29	139315
464.3833333333333	0.5	G	8	139315
464.52	0.5	nontarget	29	139356
464.52	0.5	B	3	139356
464.6566666666667	0.5	nontarget	29	139397
464.6566666666667	0.5	S	20	139397
464.79333333333335	0.5	nontarget	29	139438
464.79333333333335	0.5	T	21	139438
464.93	0.5	nontarget	29	139479
464.93	0.5	Q	18	139479
465.06666666666666	0.5	nontarget	29	139520
465.06666666666666	0.5	V	23	139520
471.9	0.5	target	30	141570
471.9	0.5	<	1	141570
472.03333333333336	0.5	nontarget	29	141610
472.03333333333336	0.5	X	25	141610
472.17	0.5	nontarget	29	141651
472.17	0.5	D	5	141651
472.3066666666667	0.5	nontarget	29	141692
472.3066666666667	0.5	A	2	141692
472.4433333333333	0.5	nontarget	29	141733
472.4433333333333	0.5	K	12	141733
472.5833333333333	0.5	nontarget	29	141775
472.5833333333333	0.5	W	24	141775
472.72	0.5	nontarget	29	141816
472.72	0.5	O	16	141816
472.8566666666667	0.5	nontarget	29	141857
472.8566666666667	0.5	T	21	141857
472.99333333333334	0.5	nontarget	29	141898
472.99333333333334	0.5	Z	27	141898
473.13	0.5	nontarget	29	141939
473.13	0.5	M	14	141939
473.26666666666665	0.5	nontarget	29	141980
473.26666666666665	0.5	I	10	141980
473.4033333333333	0.5	nontarget	29	142021
473.4033333333333	0.5	V	23	142021
473.54	0.5	nontarget	29	142062
473.54	0.5	R	19	142062
473.6766666666667	0.5	nontarget	29	142103
473.6766666666667	0.5	B	3	142103
473.81333333333333	0.5	nontarget	29	142144
473.81333333333333	0.5	N	15	142144
473.95	0.5	nontarget	29	142185
473.95	0.5	E	6	142185
474.08666666666664	0.5	nontarget	29	142226
474.08666666666664	0.5	J	11	142226
474.2266666666667	0.5	nontarget	29	142268
474.2266666666667	0.5	U	22	142268
474.36333333333334	0.5	nontarget	29	142309
474.36333333333334	0.5	Y	26	142309
474.56333333333333	0.5	nontarget	29	142369
474.56333333333333	0.5	_	28	142369
474.7	0.5	nontarget	29	142410
474.7	0.5	Q	18	142410
474.84	0.5	nontarget	29	142452
474.84	0.5	H	9	142452
474.9766666666667	0.5	nontarget	29	142493
474.9766666666667	0.5	S	20	142493
475.11	0.5	nontarget	29	142533
475.11	0.5	P	17	142533
475.24666666666667	0.5	nontarget	29	142574
475.24666666666667	0.5	F	7	142574
475.3833333333333	0.5	nontarget	29	142615
475.3833333333333	0.5	G	8	142615
475.5233333333333	0.5	nontarget	29	142657
475.5233333333333	0.5	C	4	142657
475.66	0.5	nontarget	29	142698
475.66	0.5	L	13	142698
480.47333333333336	0.5	nontarget	29	144142
480.47333333333336	0.5	Q	18	144142
480.61	0.5	nontarget	29	144183
480.61	0.5	S	20	144183
480.74666666666667	0.5	nontarget	29	144224
480.74666666666667	0.5	G	8	144224
480.88666666666666	0.5	target	30	144266
480.88666666666666	0.5	<	1	144266
481.0233333333333	0.5	nontarget	29	144307
481.0233333333333	0.5	L	13	144307
481.16	0.5	nontarget	29	144348
481.16	0.5	T	21	144348
481.2966666666667	0.5	nontarget	29	144389
481.2966666666667	0.5	V	23	144389
481.43333333333334	0.5	nontarget	29	144430
481.43333333333334	0.5	W	24	144430
481.5733333333333	0.5	nontarget	29	144472
481.5733333333333	0.5	I	10	144472
481.71	0.5	nontarget	29	144513
481.71	0.5	B	3	144513
481.8433333333333	0.5	nontarget	29	144553
481.8433333333333	0.5	N	15	144553
481.98	0.5	nontarget	29	144594
481.98	0.5	M	14	144594
482.1166666666667	0.5	nontarget	29	144635
482.1166666666667	0.5	E	6	144635
482.25666666666666	0.5	nontarget	29	144677
482.25666666666666	0.5	R	19	144677
482.3933333333333	0.5	nontarget	29	144718
482.3933333333333	0.5	C	4	144718
482.53	0.5	nontarget	29	144759
482.53	0.5	K	12	144759
482.6666666666667	0.5	nontarget	29	144800
482.6666666666667	0.5	H	9	144800
482.80333333333334	0.5	nontarget	29	144841
482.80333333333334	0.5	_	28	144841
482.94	0.5	nontarget	29	144882
482.94	0.5	Z	27	144882
483.07666666666665	0.5	nontarget	29	144923
483.07666666666665	0.5	X	25	144923
483.2133333333333	0.5	nontarget	29	144964
483.2133333333333	0.5	Y	26	144964
483.35	0.5	nontarget	29	145005
483.35	0.5	F	7	145005
483.4866666666667	0.5	nontarget	29	145046
483.4866666666667	0.5	P	17	145046
483.62333333333333	0.5	nontarget	29	145087
483.62333333333333	0.5	J	11	145087
483.76	0.5	nontarget	29	145128
483.76	0.5	O	16	145128
483.89666666666665	0.5	nontarget	29	145169
483.89666666666665	0.5	U	22	145169
484.03333333333336	0.5	nontarget	29	145210
484.03333333333336	0.5	D	5	145210
484.17	0.5	nontarget	29	145251
484.17	0.5	A	2	145251
488.9866666666667	0.5	nontarget	29	146696
488.9866666666667	0.5	R	19	146696
489.12333333333333	0.5	nontarget	29	146737
489.12333333333333	0.5	M	14	146737
489.25666666666666	0.5	nontarget	29	146777
489.25666666666666	0.5	A	2	146777
489.3933333333333	0.5	nontarget	29	146818
489.3933333333333	0.5	_	28	146818
489.53	0.5	nontarget	29	146859
489.53	0.5	Z	27	146859
489.6666666666667	0.5	nontarget	29	146900
489.6666666666667	0.5	F	7	146900
489.80333333333334	0.5	nontarget	29	146941
489.80333333333334	0.5	T	21	146941
489.9433333333333	0.5	nontarget	29	146983
489.9433333333333	0.5	J	11	146983
490.08	0.5	target	30	147024
490.08	0.5	<	1	147024
490.2133333333333	0.5	nontarget	29	147064
490.2133333333333	0.5	Q	18	147064
490.35	0.5	nontarget	29	147105
490.35	0.5	N	15	147105
490.49	0.5	nontarget	29	147147
490.49	0.5	L	13	147147
490.62333333333333	0.5	nontarget	29	147187
490.62333333333333	0.5	I	10	147187
490.76	0.5	nontarget	29	147228
490.76	0.5	C	4	147228
490.89666666666665	0.5	nontarget	29	147269
490.89666666666665	0.5	G	8	147269
491.03333333333336	0.5	nontarget	29	147310
491.03333333333336	0.5	V	23	147310
491.17	0.5	nontarget	29	147351
491.17	0.5	E	6	147351
491.3066666666667	0.5	nontarget	29	147392
491.3066666666667	0.5	O	16	147392
491.4433333333333	0.5	nontarget	29	147433
491.4433333333333	0.5	K	12	147433
491.58	0.5	nontarget	29	147474
491.58	0.5	P	17	147474
491.71666666666664	0.5	nontarget	29	147515
491.71666666666664	0.5	H	9	147515
491.8566666666667	0.5	nontarget	29	147557
491.8566666666667	0.5	B	3	147557
491.99333333333334	0.5	nontarget	29	147598
491.99333333333334	0.5	U	22	147598
492.13	0.5	nontarget	29	147639
492.13	0.5	W	24	147639
492.27	0.5	nontarget	29	147681
492.27	0.5	S	20	147681
492.4066666666667	0.5	nontarget	29	147722
492.4066666666667	0.5	X	25	147722
492.54333333333335	0.5	nontarget	29	147763
492.54333333333335	0.5	Y	26	147763
492.68	0.5	nontarget	29	147804
492.68	0.5	D	5	147804
497.49333333333334	0.5	nontarget	29	149248
497.49333333333334	0.5	O	16	149248
497.63	0.5	target	30	149289
497.63	0.5	<	1	149289
497.76666666666665	0.5	nontarget	29	149330
497.76666666666665	0.5	I	10	149330
497.9033333333333	0.5	nontarget	29	149371
497.9033333333333	0.5	P	17	149371
498.04	0.5	nontarget	29	149412
498.04	0.5	C	4	149412
498.1766666666667	0.5	nontarget	29	149453
498.1766666666667	0.5	M	14	149453
498.31333333333333	0.5	nontarget	29	149494
498.31333333333333	0.5	A	2	149494
498.45	0.5	nontarget	29	149535
498.45	0.5	X	25	149535
498.58666666666664	0.5	nontarget	29	149576
498.58666666666664	0.5	Z	27	149576
498.72333333333336	0.5	nontarget	29	149617
498.72333333333336	0.5	R	19	149617
498.86	0.5	nontarget	29	149658
498.86	0.5	K	12	149658
498.99666666666667	0.5	nontarget	29	149699
498.99666666666667	0.5	G	8	149699
499.1333333333333	0.5	nontarget	29	149740
499.1333333333333	0.5	S	20	149740
499.2733333333333	0.5	nontarget	29	149782
499.2733333333333	0.5	U	22	149782
499.41	0.5	nontarget	29	149823
499.41	0.5	W	24	149823
499.5466666666667	0.5	nontarget	29	149864
499.5466666666667	0.5	H	9	149864
499.68333333333334	0.5	nontarget	29	149905
499.68333333333334	0.5	L	13	149905
499.82	0.5	nontarget	29	149946
499.82	0.5	Y	26	149946
499.95666666666665	0.5	nontarget	29	149987
499.95666666666665	0.5	T	21	149987
500.0933333333333	0.5	nontarget	29	150028
500.0933333333333	0.5	D	5	150028
500.23	0.5	nontarget	29	150069
500.23	0.5	F	7	150069
500.3666666666667	0.5	nontarget	29	150110
500.3666666666667	0.5	_	28	150110
500.50333333333333	0.5	nontarget	29	150151
500.50333333333333	0.5	Q	18	150151
500.64	0.5	nontarget	29	150192
500.64	0.5	E	6	150192
500.77666666666664	0.5	nontarget	29	150233
500.77666666666664	0.5	J	11	150233
500.91333333333336	0.5	nontarget	29	150274
500.91333333333336	0.5	V	23	150274
501.05333333333334	0.5	nontarget	29	150316
501.05333333333334	0.5	B	3	150316
501.19	0.5	nontarget	29	150357
501.19	0.5	N	15	150357
506.00333333333333	0.5	nontarget	29	151801
506.00333333333333	0.5	Q	18	151801
506.14	0.5	nontarget	29	151842
506.14	0.5	N	15	151842
506.27666666666664	0.5	nontarget	29	151883
506.27666666666664	0.5	Z	27	151883
506.4166666666667	0.5	nontarget	29	151925
506.4166666666667	0.5	V	23	151925
506.55333333333334	0.5	nontarget	29	151966
506.55333333333334	0.5	Y	26	151966
506.69	0.5	nontarget	29	152007
506.69	0.5	D	5	152007
506.82666666666665	0.5	nontarget	29	152048
506.82666666666665	0.5	G	8	152048
506.9633333333333	0.5	nontarget	29	152089
506.9633333333333	0.5	U	22	152089
507.1	0.5	nontarget	29	152130
507.1	0.5	R	19	152130
507.2366666666667	0.5	nontarget	29	152171
507.2366666666667	0.5	C	4	152171
507.37333333333333	0.5	target	30	152212
507.37333333333333	0.5	<	1	152212
507.51	0.5	nontarget	29	152253
507.51	0.5	H	9	152253
507.64666666666665	0.5	nontarget	29	152294
507.64666666666665	0.5	X	25	152294
507.7866666666667	0.5	nontarget	29	152336
507.7866666666667	0.5	T	21	152336
507.92	0.5	nontarget	29	152376
507.92	0.5	E	6	152376
508.0566666666667	0.5	nontarget	29	152417
508.0566666666667	0.5	F	7	152417
508.1933333333333	0.5	nontarget	29	152458
508.1933333333333	0.5	P	17	152458
508.33	0.5	nontarget	29	152499
508.33	0.5	L	13	152499
508.47	0.5	nontarget	29	152541
508.47	0.5	S	20	152541
508.60333333333335	0.5	nontarget	29	152581
508.60333333333335	0.5	I	10	152581
508.74	0.5	nontarget	29	152622
508.74	0.5	J	11	152622
508.87666666666667	0.5	nontarget	29	152663
508.87666666666667	0.5	W	24	152663
509.0133333333333	0.5	nontarget	29	152704
509.0133333333333	0.5	M	14	152704
509.15	0.5	nontarget	29	152745
509.15	0.5	O	16	152745
509.2866666666667	0.5	nontarget	29	152786
509.2866666666667	0.5	A	2	152786
509.42333333333335	0.5	nontarget	29	152827
509.42333333333335	0.5	K	12	152827
509.5566666666667	0.5	nontarget	29	152867
509.5566666666667	0.5	_	28	152867
509.6933333333333	0.5	nontarget	29	152908
509.6933333333333	0.5	B	3	152908
516.5133333333333	0.5	nontarget	29	154954
516.5133333333333	0.5	Z	27	154954
516.65	0.5	nontarget	29	154995
516.65	0.5	L	13	154995
516.7866666666666	0.5	nontarget	29	155036
516.7866666666666	0.5	Q	18	155036
516.9233333333333	0.5	nontarget	29	155077
516.9233333333333	0.5	G	8	155077
517.06	0.5	nontarget	29	155118
517.06	0.5	Y	26	155118
517.1966666666667	0.5	nontarget	29	155159
517.1966666666667	0.5	A	2	155159
517.3333333333334	0.5	nontarget	29	155200
517.3333333333334	0.5	D	5	155200
517.4733333333334	0.5	nontarget	29	155242
517.4733333333334	0.5	V	23	155242
517.6066666666667	0.5	nontarget	29	155282
517.6066666666667	0.5	K	12	155282
517.7433333333333	0.5	nontarget	29	155323
517.7433333333333	0.5	_	28	155323
517.88	0.5	nontarget	29	155364
517.88	0.5	F	7	155364
518.0166666666667	0.5	nontarget	29	155405
518.0166666666667	0.5	S	20	155405
518.1533333333333	0.5	nontarget	29	155446
518.1533333333333	0.5	O	16	155446
518.2933333333333	0.5	nontarget	29	155488
518.2933333333333	0.5	U	22	155488
518.43	0.5	nontarget	29	155529
518.43	0.5	I	10	155529
518.5666666666667	0.5	nontarget	29	155570
518.5666666666667	0.5	T	21	155570
518.7033333333334	0.5	nontarget	29	155611
518.7033333333334	0.5	M	14	155611
518.84	0.5	nontarget	29	155652
518.84	0.5	W	24	155652
518.9766666666667	0.5	target	30	155693
518.9766666666667	0.5	<	1	155693
519.1133333333333	0.5	nontarget	29	155734
519.1133333333333	0.5	R	19	155734
519.25	0.5	nontarget	29	155775
519.25	0.5	E	6	155775
519.3866666666667	0.5	nontarget	29	155816
519.3866666666667	0.5	N	15	155816
519.5233333333333	0.5	nontarget	29	155857
519.5233333333333	0.5	H	9	155857
519.66	0.5	nontarget	29	155898
519.66	0.5	J	11	155898
519.7966666666666	0.5	nontarget	29	155939
519.7966666666666	0.5	X	25	155939
519.93	0.5	nontarget	29	155979
519.93	0.5	B	3	155979
520.0666666666667	0.5	nontarget	29	156020
520.0666666666667	0.5	C	4	156020
520.2033333333334	0.5	nontarget	29	156061
520.2033333333334	0.5	P	17	156061
525.02	0.5	nontarget	29	157506
525.02	0.5	G	8	157506
525.1566666666666	0.5	nontarget	29	157547
525.1566666666666	0.5	V	23	157547
525.2933333333333	0.5	nontarget	29	157588
525.2933333333333	0.5	O	16	157588
525.43	0.5	nontarget	29	157629
525.43	0.5	K	12	157629
525.5666666666667	0.5	target	30	157670
525.5666666666667	0.5	<	1	157670
525.7033333333334	0.5	nontarget	29	157711
525.7033333333334	0.5	Q	18	157711
525.84	0.5	nontarget	29	157752
525.84	0.5	C	4	157752
525.98	0.5	nontarget	29	157794
525.98	0.5	F	7	157794
526.1166666666667	0.5	nontarget	29	157835
526.1166666666667	0.5	R	19	157835
526.25	0.5	nontarget	29	157875
526.25	0.5	X	25	157875
526.39	0.5	nontarget	29	157917
526.39	0.5	A	2	157917
526.5233333333333	0.5	nontarget	29	157957
526.5233333333333	0.5	J	11	157957
526.6633333333333	0.5	nontarget	29	157999
526.6633333333333	0.5	M	14	157999
526.8	0.5	nontarget	29	158040
526.8	0.5	N	15	158040
526.9333333333333	0.5	nontarget	29	158080
526.9333333333333	0.5	P	17	158080
527.07	0.5	nontarget	29	158121
527.07	0.5	Z	27	158121
527.2066666666667	0.5	nontarget	29	158162
527.2066666666667	0.5	Y	26	158162
527.3433333333334	0.5	nontarget	29	158203
527.3433333333334	0.5	_	28	158203
527.48	0.5	nontarget	29	158244
527.48	0.5	D	5	158244
527.62	0.5	nontarget	29	158286
527.62	0.5	S	20	158286
527.7566666666667	0.5	nontarget	29	158327
527.7566666666667	0.5	T	21	158327
527.8933333333333	0.5	nontarget	29	158368
527.8933333333333	0.5	B	3	158368
528.03	0.5	nontarget	29	158409
528.03	0.5	W	24	158409
528.1666666666666	0.5	nontarget	29	158450
528.1666666666666	0.5	U	22	158450
528.3066666666666	0.5	nontarget	29	158492
528.3066666666666	0.5	I	10	158492
528.44	0.5	nontarget	29	158532
528.44	0.5	L	13	158532
528.5766666666667	0.5	nontarget	29	158573
528.5766666666667	0.5	E	6	158573
528.7133333333334	0.5	nontarget	29	158614
528.7133333333334	0.5	H	9	158614
533.5333333333333	0.5	nontarget	29	160060
533.5333333333333	0.5	F	7	160060
533.67	0.5	nontarget	29	160101
533.67	0.5	C	4	160101
533.8066666666666	0.5	nontarget	29	160142
533.8066666666666	0.5	P	17	160142
533.9433333333334	0.5	nontarget	29	160183
533.9433333333334	0.5	Z	27	160183
534.0766666666667	0.5	nontarget	29	160223
534.0766666666667	0.5	J	11	160223
534.2133333333334	0.5	nontarget	29	160264
534.2133333333334	0.5	B	3	160264
534.3533333333334	0.5	nontarget	29	160306
534.3533333333334	0.5	I	10	160306
534.49	0.5	nontarget	29	160347
534.49	0.5	A	2	160347
534.6266666666667	0.5	nontarget	29	160388
534.6266666666667	0.5	D	5	160388
534.7633333333333	0.5	nontarget	29	160429
534.7633333333333	0.5	L	13	160429
534.9	0.5	target	30	160470
534.9	0.5	<	1	160470
535.0366666666666	0.5	nontarget	29	160511
535.0366666666666	0.5	G	8	160511
535.1733333333333	0.5	nontarget	29	160552
535.1733333333333	0.5	Y	26	160552
535.3133333333334	0.5	nontarget	29	160594
535.3133333333334	0.5	T	21	160594
535.45	0.5	nontarget	29	160635
535.45	0.5	X	25	160635
535.5866666666667	0.5	nontarget	29	160676
535.5866666666667	0.5	O	16	160676
535.7266666666667	0.5	nontarget	29	160718
535.7266666666667	0.5	S	20	160718
535.8633333333333	0.5	nontarget	29	160759
535.8633333333333	0.5	M	14	160759
536.0	0.5	nontarget	29	160800
536.0	0.5	U	22	160800
536.1366666666667	0.5	nontarget	29	160841
536.1366666666667	0.5	W	24	160841
536.2733333333333	0.5	nontarget	29	160882
536.2733333333333	0.5	V	23	160882
536.4133333333333	0.5	nontarget	29	160924
536.4133333333333	0.5	Q	18	160924
536.55	0.5	nontarget	29	160965
536.55	0.5	_	28	160965
536.6866666666666	0.5	nontarget	29	161006
536.6866666666666	0.5	K	12	161006
536.8233333333334	0.5	nontarget	29	161047
536.8233333333334	0.5	E	6	161047
536.96	0.5	nontarget	29	161088
536.96	0.5	N	15	161088
537.0966666666667	0.5	nontarget	29	161129
537.0966666666667	0.5	R	19	161129
537.23	0.5	nontarget	29	161169
537.23	0.5	H	9	161169
542.0533333333333	0.5	nontarget	29	162616
542.0533333333333	0.5	V	23	162616
542.19	0.5	nontarget	29	162657
542.19	0.5	O	16	162657
542.3266666666667	0.5	nontarget	29	162698
542.3266666666667	0.5	A	2	162698
542.4666666666667	0.5	nontarget	29	162740
542.4666666666667	0.5	T	21	162740
542.6033333333334	0.5	nontarget	29	162781
542.6033333333334	0.5	_	28	162781
542.74	0.5	nontarget	29	162822
542.74	0.5	S	20	162822
542.8766666666667	0.5	nontarget	29	162863
542.8766666666667	0.5	W	24	162863
543.0166666666667	0.5	nontarget	29	162905
543.0166666666667	0.5	Q	18	162905
543.1533333333333	0.5	nontarget	29	162946
543.1533333333333	0.5	B	3	162946
543.2866666666666	0.5	nontarget	29	162986
543.2866666666666	0.5	L	13	162986
543.4233333333333	0.5	nontarget	29	163027
543.4233333333333	0.5	G	8	163027
543.56	0.5	nontarget	29	163068
543.56	0.5	X	25	163068
543.7	0.5	nontarget	29	163110
543.7	0.5	C	4	163110
543.8366666666667	0.5	nontarget	29	163151
543.8366666666667	0.5	I	10	163151
543.97	0.5	nontarget	29	163191
543.97	0.5	Z	27	163191
544.11	0.5	nontarget	29	163233
544.11	0.5	K	12	163233
544.2466666666667	0.5	nontarget	29	163274
544.2466666666667	0.5	R	19	163274
544.3833333333333	0.5	nontarget	29	163315
544.3833333333333	0.5	P	17	163315
544.52	0.5	nontarget	29	163356
544.52	0.5	Y	26	163356
544.6566666666666	0.5	nontarget	29	163397
544.6566666666666	0.5	H	9	163397
544.7933333333333	0.5	nontarget	29	163438
544.7933333333333	0.5	F	7	163438
544.93	0.5	nontarget	29	163479
544.93	0.5	U	22	163479
545.0666666666667	0.5	target	30	163520
545.0666666666667	0.5	<	1	163520
545.2033333333334	0.5	nontarget	29	163561
545.2033333333334	0.5	D	5	163561
545.34	0.5	nontarget	29	163602
545.34	0.5	N	15	163602
545.4766666666667	0.5	nontarget	29	163643
545.4766666666667	0.5	J	11	163643
545.63	0.5	nontarget	29	163689
545.63	0.5	M	14	163689
545.7666666666667	0.5	nontarget	29	163730
545.7666666666667	0.5	E	6	163730
550.6466666666666	0.5	nontarget	29	165194
550.6466666666666	0.5	H	9	165194
550.7833333333333	0.5	nontarget	29	165235
550.7833333333333	0.5	J	11	165235
550.92	0.5	nontarget	29	165276
550.92	0.5	N	15	165276
551.0566666666666	0.5	nontarget	29	165317
551.0566666666666	0.5	O	16	165317
551.1966666666667	0.5	nontarget	29	165359
551.1966666666667	0.5	I	10	165359
551.3333333333334	0.5	nontarget	29	165400
551.3333333333334	0.5	S	20	165400
551.47	0.5	nontarget	29	165441
551.47	0.5	W	24	165441
551.6066666666667	0.5	nontarget	29	165482
551.6066666666667	0.5	U	22	165482
551.7433333333333	0.5	nontarget	29	165523
551.7433333333333	0.5	F	7	165523
551.88	0.5	nontarget	29	165564
551.88	0.5	P	17	165564
552.02	0.5	nontarget	29	165606
552.02	0.5	Y	26	165606
552.1566666666666	0.5	nontarget	29	165647
552.1566666666666	0.5	K	12	165647
552.2933333333333	0.5	nontarget	29	165688
552.2933333333333	0.5	X	25	165688
552.43	0.5	nontarget	29	165729
552.43	0.5	T	21	165729
552.5666666666667	0.5	target	30	165770
552.5666666666667	0.5	<	1	165770
552.7033333333334	0.5	nontarget	29	165811
552.7033333333334	0.5	A	2	165811
552.84	0.5	nontarget	29	165852
552.84	0.5	B	3	165852
552.9766666666667	0.5	nontarget	29	165893
552.9766666666667	0.5	L	13	165893
553.1133333333333	0.5	nontarget	29	165934
553.1133333333333	0.5	G	8	165934
553.25	0.5	nontarget	29	165975
553.25	0.5	C	4	165975
553.3866666666667	0.5	nontarget	29	166016
553.3866666666667	0.5	E	6	166016
553.5233333333333	0.5	nontarget	29	166057
553.5233333333333	0.5	D	5	166057
553.66	0.5	nontarget	29	166098
553.66	0.5	M	14	166098
553.7966666666666	0.5	nontarget	29	166139
553.7966666666666	0.5	V	23	166139
553.9333333333333	0.5	nontarget	29	166180
553.9333333333333	0.5	R	19	166180
554.07	0.5	nontarget	29	166221
554.07	0.5	Z	27	166221
554.2066666666667	0.5	nontarget	29	166262
554.2066666666667	0.5	Q	18	166262
554.3433333333334	0.5	nontarget	29	166303
554.3433333333334	0.5	_	28	166303
559.1633333333333	0.5	nontarget	29	167749
559.1633333333333	0.5	C	4	167749
559.3	0.5	nontarget	29	167790
559.3	0.5	Y	26	167790
559.4366666666666	0.5	nontarget	29	167831
559.4366666666666	0.5	U	22	167831
559.5766666666667	0.5	nontarget	29	167873
559.5766666666667	0.5	M	14	167873
559.71	0.5	nontarget	29	167913
559.71	0.5	I	10	167913
559.85	0.5	nontarget	29	167955
559.85	0.5	N	15	167955
559.9866666666667	0.5	nontarget	29	167996
559.9866666666667	0.5	D	5	167996
560.1233333333333	0.5	nontarget	29	168037
560.1233333333333	0.5	Q	18	168037
560.2633333333333	0.5	nontarget	29	168079
560.2633333333333	0.5	O	16	168079
560.4	0.5	nontarget	29	168120
560.4	0.5	H	9	168120
560.5366666666666	0.5	nontarget	29	168161
560.5366666666666	0.5	E	6	168161
560.6733333333333	0.5	nontarget	29	168202
560.6733333333333	0.5	W	24	168202
560.81	0.5	nontarget	29	168243
560.81	0.5	F	7	168243
560.9466666666667	0.5	target	30	168284
560.9466666666667	0.5	<	1	168284
561.0833333333334	0.5	nontarget	29	168325
561.0833333333334	0.5	X	25	168325
561.22	0.5	nontarget	29	168366
561.22	0.5	L	13	168366
561.3566666666667	0.5	nontarget	29	168407
561.3566666666667	0.5	G	8	168407
561.4933333333333	0.5	nontarget	29	168448
561.4933333333333	0.5	Z	27	168448
561.63	0.5	nontarget	29	168489
561.63	0.5	K	12	168489
561.7666666666667	0.5	nontarget	29	168530
561.7666666666667	0.5	J	11	168530
561.9033333333333	0.5	nontarget	29	168571
561.9033333333333	0.5	_	28	168571
562.04	0.5	nontarget	29	168612
562.04	0.5	S	20	168612
562.18	0.5	nontarget	29	168654
562.18	0.5	P	17	168654
562.32	0.5	nontarget	29	168696
562.32	0.5	T	21	168696
562.4533333333334	0.5	nontarget	29	168736
562.4533333333334	0.5	R	19	168736
562.5933333333334	0.5	nontarget	29	168778
562.5933333333334	0.5	V	23	168778
562.7266666666667	0.5	nontarget	29	168818
562.7266666666667	0.5	B	3	168818
562.8666666666667	0.5	nontarget	29	168860
562.8666666666667	0.5	A	2	168860
567.68	0.5	nontarget	29	170304
567.68	0.5	K	12	170304
567.82	0.5	nontarget	29	170346
567.82	0.5	D	5	170346
567.9566666666667	0.5	nontarget	29	170387
567.9566666666667	0.5	J	11	170387
568.0966666666667	0.5	nontarget	29	170429
568.0966666666667	0.5	Z	27	170429
568.23	0.5	nontarget	29	170469
568.23	0.5	E	6	170469
568.37	0.5	nontarget	29	170511
568.37	0.5	A	2	170511
568.5066666666667	0.5	nontarget	29	170552
568.5066666666667	0.5	I	10	170552
568.6433333333333	0.5	nontarget	29	170593
568.6433333333333	0.5	O	16	170593
568.7833333333333	0.5	nontarget	29	170635
568.7833333333333	0.5	L	13	170635
568.92	0.5	nontarget	29	170676
568.92	0.5	H	9	170676
569.06	0.5	nontarget	29	170718
569.06	0.5	F	7	170718
569.1966666666667	0.5	nontarget	29	170759
569.1966666666667	0.5	T	21	170759
569.3333333333334	0.5	nontarget	29	170800
569.3333333333334	0.5	Q	18	170800
569.47	0.5	nontarget	29	170841
569.47	0.5	B	3	170841
569.6066666666667	0.5	target	30	170882
569.6066666666667	0.5	<	1	170882
569.7466666666667	0.5	nontarget	29	170924
569.7466666666667	0.5	S	20	170924
569.88	0.5	nontarget	29	170964
569.88	0.5	N	15	170964
570.02	0.5	nontarget	29	171006
570.02	0.5	M	14	171006
570.1566666666666	0.5	nontarget	29	171047
570.1566666666666	0.5	W	24	171047
570.2966666666666	0.5	nontarget	29	171089
570.2966666666666	0.5	_	28	171089
570.4333333333333	0.5	nontarget	29	171130
570.4333333333333	0.5	C	4	171130
570.57	0.5	nontarget	29	171171
570.57	0.5	X	25	171171
570.7066666666667	0.5	nontarget	29	171212
570.7066666666667	0.5	Y	26	171212
570.8433333333334	0.5	nontarget	29	171253
570.8433333333334	0.5	P	17	171253
570.98	0.5	nontarget	29	171294
570.98	0.5	R	19	171294
571.1166666666667	0.5	nontarget	29	171335
571.1166666666667	0.5	G	8	171335
571.2566666666667	0.5	nontarget	29	171377
571.2566666666667	0.5	V	23	171377
571.3933333333333	0.5	nontarget	29	171418
571.3933333333333	0.5	U	22	171418
576.21	0.5	nontarget	29	172863
576.21	0.5	V	23	172863
576.35	0.5	nontarget	29	172905
576.35	0.5	C	4	172905
576.4833333333333	0.5	nontarget	29	172945
576.4833333333333	0.5	A	2	172945
576.6233333333333	0.5	nontarget	29	172987
576.6233333333333	0.5	_	28	172987
576.76	0.5	nontarget	29	173028
576.76	0.5	U	22	173028
576.8966666666666	0.5	nontarget	29	173069
576.8966666666666	0.5	O	16	173069
577.0333333333333	0.5	nontarget	29	173110
577.0333333333333	0.5	F	7	173110
577.17	0.5	nontarget	29	173151
577.17	0.5	H	9	173151
577.3066666666666	0.5	nontarget	29	173192
577.3066666666666	0.5	D	5	173192
577.4433333333334	0.5	nontarget	29	173233
577.4433333333334	0.5	B	3	173233
577.58	0.5	nontarget	29	173274
577.58	0.5	P	17	173274
577.7166666666667	0.5	nontarget	29	173315
577.7166666666667	0.5	W	24	173315
577.8533333333334	0.5	nontarget	29	173356
577.8533333333334	0.5	I	10	173356
577.99	0.5	nontarget	29	173397
577.99	0.5	G	8	173397
578.13	0.5	nontarget	29	173439
578.13	0.5	T	21	173439
578.2666666666667	0.5	nontarget	29	173480
578.2666666666667	0.5	S	20	173480
578.4033333333333	0.5	nontarget	29	173521
578.4033333333333	0.5	K	12	173521
578.54	0.5	nontarget	29	173562
578.54	0.5	J	11	173562
578.6766666666666	0.5	nontarget	29	173603
578.6766666666666	0.5	E	6	173603
578.8133333333334	0.5	nontarget	29	173644
578.8133333333334	0.5	Y	26	173644
578.9533333333334	0.5	nontarget	29	173686
578.9533333333334	0.5	Z	27	173686
579.09	0.5	nontarget	29	173727
579.09	0.5	M	14	173727
579.2266666666667	0.5	nontarget	29	173768
579.2266666666667	0.5	N	15	173768
579.36	0.5	target	30	173808
579.36	0.5	<	1	173808
579.4966666666667	0.5	nontarget	29	173849
579.4966666666667	0.5	L	13	173849
579.6333333333333	0.5	nontarget	29	173890
579.6333333333333	0.5	R	19	173890
579.77	0.5	nontarget	29	173931
579.77	0.5	Q	18	173931
579.91	0.5	nontarget	29	173973
579.91	0.5	X	25	173973
