onset	duration	trial_type	value	sample
12.176666666666666	0.5	nontarget	29	3653
12.176666666666666	0.5	P	17	3653
12.313333333333333	0.5	nontarget	29	3694
12.313333333333333	0.5	B	3	3694
12.45	0.5	nontarget	29	3735
12.45	0.5	S	20	3735
12.586666666666666	0.5	nontarget	29	3776
12.586666666666666	0.5	R	19	3776
12.723333333333333	0.5	nontarget	29	3817
12.723333333333333	0.5	W	24	3817
12.856666666666667	0.5	nontarget	29	3857
12.856666666666667	0.5	<	1	3857
12.993333333333334	0.5	nontarget	29	3898
12.993333333333334	0.5	I	10	3898
13.13	0.5	nontarget	29	3939
13.13	0.5	A	2	3939
13.266666666666667	0.5	nontarget	29	3980
13.266666666666667	0.5	X	25	3980
13.403333333333334	0.5	nontarget	29	4021
13.403333333333334	0.5	Y	26	4021
13.54	0.5	nontarget	29	4062
13.54	0.5	N	15	4062
13.676666666666666	0.5	nontarget	29	4103
13.676666666666666	0.5	K	12	4103
13.813333333333333	0.5	nontarget	29	4144
13.813333333333333	0.5	E	6	4144
13.946666666666667	0.5	nontarget	29	4184
13.946666666666667	0.5	M	14	4184
14.083333333333334	0.5	nontarget	29	4225
14.083333333333334	0.5	Q	18	4225
14.216666666666667	0.5	nontarget	29	4265
14.216666666666667	0.5	C	4	4265
14.353333333333333	0.5	nontarget	29	4306
14.353333333333333	0.5	Z	27	4306
14.49	0.5	target	30	4347
14.49	0.5	F	7	4347
14.626666666666667	0.5	nontarget	29	4388
14.626666666666667	0.5	U	22	4388
14.76	0.5	nontarget	29	4428
14.76	0.5	V	23	4428
14.896666666666667	0.5	nontarget	29	4469
14.896666666666667	0.5	T	21	4469
15.033333333333333	0.5	nontarget	29	4510
15.033333333333333	0.5	G	8	4510
15.17	0.5	nontarget	29	4551
15.17	0.5	O	16	4551
15.306666666666667	0.5	nontarget	29	4592
15.306666666666667	0.5	D	5	4592
15.443333333333333	0.5	nontarget	29	4633
15.443333333333333	0.5	_	28	4633
15.58	0.5	nontarget	29	4674
15.58	0.5	J	11	4674
15.716666666666667	0.5	nontarget	29	4715
15.716666666666667	0.5	L	13	4715
15.853333333333333	0.5	nontarget	29	4756
15.853333333333333	0.5	H	9	4756
20.726666666666667	0.5	nontarget	29	6218
20.726666666666667	0.5	L	13	6218
20.863333333333333	0.5	nontarget	29	6259
20.863333333333333	0.5	_	28	6259
21.0	0.5	nontarget	29	6300
21.0	0.5	K	12	6300
21.133333333333333	0.5	nontarget	29	6340
21.133333333333333	0.5	S	20	6340
21.27	0.5	nontarget	29	6381
21.27	0.5	I	10	6381
21.403333333333332	0.5	nontarget	29	6421
21.403333333333332	0.5	G	8	6421
21.54	0.5	nontarget	29	6462
21.54	0.5	U	22	6462
21.673333333333332	0.5	nontarget	29	6502
21.673333333333332	0.5	T	21	6502
21.81	0.5	nontarget	29	6543
21.81	0.5	R	19	6543
21.946666666666665	0.5	nontarget	29	6584
21.946666666666665	0.5	H	9	6584
22.08	0.5	nontarget	29	6624
22.08	0.5	M	14	6624
22.216666666666665	0.5	nontarget	29	6665
22.216666666666665	0.5	X	25	6665
22.35333333333333	0.5	nontarget	29	6706
22.35333333333333	0.5	N	15	6706
22.49	0.5	nontarget	29	6747
22.49	0.5	V	23	6747
22.626666666666665	0.5	nontarget	29	6788
22.626666666666665	0.5	O	16	6788
22.763333333333332	0.5	nontarget	29	6829
22.763333333333332	0.5	P	17	6829
22.9	0.5	nontarget	29	6870
22.9	0.5	Q	18	6870
23.036666666666665	0.5	nontarget	29	6911
23.036666666666665	0.5	E	6	6911
23.173333333333332	0.5	nontarget	29	6952
23.173333333333332	0.5	Z	27	6952
23.30666666666667	0.5	nontarget	29	6992
23.30666666666667	0.5	Y	26	6992
23.446666666666665	0.5	nontarget	29	7034
23.446666666666665	0.5	B	3	7034
23.583333333333332	0.5	nontarget	29	7075
23.583333333333332	0.5	D	5	7075
23.716666666666665	0.5	nontarget	29	7115
23.716666666666665	0.5	<	1	7115
23.85333333333333	0.5	nontarget	29	7156
23.85333333333333	0.5	C	4	7156
23.993333333333332	0.5	target	30	7198
23.993333333333332	0.5	F	7	7198
24.13	0.5	nontarget	29	7239
24.13	0.5	J	11	7239
24.266666666666666	0.5	nontarget	29	7280
24.266666666666666	0.5	W	24	7280
24.4	0.5	nontarget	29	7320
24.4	0.5	A	2	7320
29.196666666666665	0.5	nontarget	29	8759
29.196666666666665	0.5	K	12	8759
29.333333333333332	0.5	nontarget	29	8800
29.333333333333332	0.5	C	4	8800
29.47	0.5	nontarget	29	8841
29.47	0.5	E	6	8841
29.606666666666666	0.5	nontarget	29	8882
29.606666666666666	0.5	J	11	8882
29.743333333333332	0.5	nontarget	29	8923
29.743333333333332	0.5	M	14	8923
29.88	0.5	nontarget	29	8964
29.88	0.5	S	20	8964
30.02	0.5	nontarget	29	9006
30.02	0.5	A	2	9006
30.156666666666666	0.5	nontarget	29	9047
30.156666666666666	0.5	B	3	9047
30.29	0.5	nontarget	29	9087
30.29	0.5	W	24	9087
30.426666666666666	0.5	nontarget	29	9128
30.426666666666666	0.5	_	28	9128
30.563333333333333	0.5	nontarget	29	9169
30.563333333333333	0.5	L	13	9169
30.7	0.5	nontarget	29	9210
30.7	0.5	N	15	9210
30.836666666666666	0.5	nontarget	29	9251
30.836666666666666	0.5	G	8	9251
30.97	0.5	nontarget	29	9291
30.97	0.5	U	22	9291
31.106666666666666	0.5	nontarget	29	9332
31.106666666666666	0.5	T	21	9332
31.243333333333332	0.5	nontarget	29	9373
31.243333333333332	0.5	Z	27	9373
31.376666666666665	0.5	nontarget	29	9413
31.376666666666665	0.5	V	23	9413
31.516666666666666	0.5	nontarget	29	9455
31.516666666666666	0.5	I	10	9455
31.65	0.5	nontarget	29	9495
31.65	0.5	Y	26	9495
31.786666666666665	0.5	nontarget	29	9536
31.786666666666665	0.5	H	9	9536
31.92	0.5	nontarget	29	9576
31.92	0.5	O	16	9576
32.056666666666665	0.5	target	30	9617
32.056666666666665	0.5	F	7	9617
32.196666666666665	0.5	nontarget	29	9659
32.196666666666665	0.5	<	1	9659
32.333333333333336	0.5	nontarget	29	9700
32.333333333333336	0.5	D	5	9700
32.473333333333336	0.5	nontarget	29	9742
32.473333333333336	0.5	X	25	9742
32.60666666666667	0.5	nontarget	29	9782
32.60666666666667	0.5	P	17	9782
32.74333333333333	0.5	nontarget	29	9823
32.74333333333333	0.5	R	19	9823
32.88	0.5	nontarget	29	9864
32.88	0.5	Q	18	9864
37.67666666666667	0.5	nontarget	29	11303
37.67666666666667	0.5	K	12	11303
37.81	0.5	nontarget	29	11343
37.81	0.5	H	9	11343
37.95	0.5	nontarget	29	11385
37.95	0.5	Y	26	11385
38.086666666666666	0.5	nontarget	29	11426
38.086666666666666	0.5	W	24	11426
38.223333333333336	0.5	nontarget	29	11467
38.223333333333336	0.5	<	1	11467
38.36	0.5	nontarget	29	11508
38.36	0.5	Q	18	11508
38.49666666666667	0.5	nontarget	29	11549
38.49666666666667	0.5	L	13	11549
38.63333333333333	0.5	nontarget	29	11590
38.63333333333333	0.5	T	21	11590
38.77	0.5	nontarget	29	11631
38.77	0.5	E	6	11631
38.906666666666666	0.5	nontarget	29	11672
38.906666666666666	0.5	X	25	11672
39.04333333333334	0.5	nontarget	29	11713
39.04333333333334	0.5	M	14	11713
39.18	0.5	nontarget	29	11754
39.18	0.5	_	28	11754
39.31666666666667	0.5	nontarget	29	11795
39.31666666666667	0.5	C	4	11795
39.45333333333333	0.5	nontarget	29	11836
39.45333333333333	0.5	U	22	11836
39.59	0.5	nontarget	29	11877
39.59	0.5	B	3	11877
39.72666666666667	0.5	nontarget	29	11918
39.72666666666667	0.5	G	8	11918
39.86333333333334	0.5	nontarget	29	11959
39.86333333333334	0.5	N	15	11959
40.0	0.5	target	30	12000
40.0	0.5	F	7	12000
40.13666666666666	0.5	nontarget	29	12041
40.13666666666666	0.5	J	11	12041
40.27333333333333	0.5	nontarget	29	12082
40.27333333333333	0.5	D	5	12082
40.41	0.5	nontarget	29	12123
40.41	0.5	P	17	12123
40.54666666666667	0.5	nontarget	29	12164
40.54666666666667	0.5	O	16	12164
40.68333333333333	0.5	nontarget	29	12205
40.68333333333333	0.5	S	20	12205
40.82	0.5	nontarget	29	12246
40.82	0.5	I	10	12246
40.95666666666666	0.5	nontarget	29	12287
40.95666666666666	0.5	R	19	12287
41.09	0.5	nontarget	29	12327
41.09	0.5	A	2	12327
41.22666666666667	0.5	nontarget	29	12368
41.22666666666667	0.5	V	23	12368
41.36333333333334	0.5	nontarget	29	12409
41.36333333333334	0.5	Z	27	12409
46.163333333333334	0.5	nontarget	29	13849
46.163333333333334	0.5	S	20	13849
46.3	0.5	nontarget	29	13890
46.3	0.5	H	9	13890
46.43666666666667	0.5	nontarget	29	13931
46.43666666666667	0.5	D	5	13931
46.57333333333333	0.5	nontarget	29	13972
46.57333333333333	0.5	A	2	13972
46.71	0.5	nontarget	29	14013
46.71	0.5	B	3	14013
46.846666666666664	0.5	nontarget	29	14054
46.846666666666664	0.5	N	15	14054
46.983333333333334	0.5	nontarget	29	14095
46.983333333333334	0.5	X	25	14095
47.12	0.5	nontarget	29	14136
47.12	0.5	G	8	14136
47.25666666666667	0.5	nontarget	29	14177
47.25666666666667	0.5	T	21	14177
47.39333333333333	0.5	nontarget	29	14218
47.39333333333333	0.5	C	4	14218
47.53333333333333	0.5	nontarget	29	14260
47.53333333333333	0.5	V	23	14260
47.67	0.5	nontarget	29	14301
47.67	0.5	U	22	14301
47.803333333333335	0.5	nontarget	29	14341
47.803333333333335	0.5	Q	18	14341
47.94	0.5	nontarget	29	14382
47.94	0.5	_	28	14382
48.08	0.5	nontarget	29	14424
48.08	0.5	R	19	14424
48.21666666666667	0.5	nontarget	29	14465
48.21666666666667	0.5	E	6	14465
48.35333333333333	0.5	nontarget	29	14506
48.35333333333333	0.5	<	1	14506
48.49	0.5	nontarget	29	14547
48.49	0.5	W	24	14547
48.626666666666665	0.5	nontarget	29	14588
48.626666666666665	0.5	M	14	14588
48.763333333333335	0.5	nontarget	29	14629
48.763333333333335	0.5	P	17	14629
48.9	0.5	nontarget	29	14670
48.9	0.5	Y	26	14670
49.03666666666667	0.5	target	30	14711
49.03666666666667	0.5	F	7	14711
49.17333333333333	0.5	nontarget	29	14752
49.17333333333333	0.5	O	16	14752
49.31	0.5	nontarget	29	14793
49.31	0.5	K	12	14793
49.446666666666665	0.5	nontarget	29	14834
49.446666666666665	0.5	J	11	14834
49.583333333333336	0.5	nontarget	29	14875
49.583333333333336	0.5	Z	27	14875
49.72666666666667	0.5	nontarget	29	14918
49.72666666666667	0.5	I	10	14918
49.86	0.5	nontarget	29	14958
49.86	0.5	L	13	14958
54.66	0.5	nontarget	29	16398
54.66	0.5	W	24	16398
54.79666666666667	0.5	target	30	16439
54.79666666666667	0.5	F	7	16439
54.93333333333333	0.5	nontarget	29	16480
54.93333333333333	0.5	G	8	16480
55.07	0.5	nontarget	29	16521
55.07	0.5	Y	26	16521
55.20666666666666	0.5	nontarget	29	16562
55.20666666666666	0.5	V	23	16562
55.343333333333334	0.5	nontarget	29	16603
55.343333333333334	0.5	B	3	16603
55.483333333333334	0.5	nontarget	29	16645
55.483333333333334	0.5	D	5	16645
55.62	0.5	nontarget	29	16686
55.62	0.5	H	9	16686
55.75333333333333	0.5	nontarget	29	16726
55.75333333333333	0.5	P	17	16726
55.89333333333333	0.5	nontarget	29	16768
55.89333333333333	0.5	L	13	16768
56.026666666666664	0.5	nontarget	29	16808
56.026666666666664	0.5	M	14	16808
56.166666666666664	0.5	nontarget	29	16850
56.166666666666664	0.5	T	21	16850
56.3	0.5	nontarget	29	16890
56.3	0.5	<	1	16890
56.44	0.5	nontarget	29	16932
56.44	0.5	Z	27	16932
56.57666666666667	0.5	nontarget	29	16973
56.57666666666667	0.5	X	25	16973
56.71333333333333	0.5	nontarget	29	17014
56.71333333333333	0.5	N	15	17014
56.85	0.5	nontarget	29	17055
56.85	0.5	A	2	17055
56.986666666666665	0.5	nontarget	29	17096
56.986666666666665	0.5	K	12	17096
57.12	0.5	nontarget	29	17136
57.12	0.5	E	6	17136
57.25666666666667	0.5	nontarget	29	17177
57.25666666666667	0.5	U	22	17177
57.39333333333333	0.5	nontarget	29	17218
57.39333333333333	0.5	_	28	17218
57.53	0.5	nontarget	29	17259
57.53	0.5	C	4	17259
57.666666666666664	0.5	nontarget	29	17300
57.666666666666664	0.5	S	20	17300
57.803333333333335	0.5	nontarget	29	17341
57.803333333333335	0.5	J	11	17341
57.943333333333335	0.5	nontarget	29	17383
57.943333333333335	0.5	I	10	17383
58.08	0.5	nontarget	29	17424
58.08	0.5	Q	18	17424
58.21333333333333	0.5	nontarget	29	17464
58.21333333333333	0.5	R	19	17464
58.35	0.5	nontarget	29	17505
58.35	0.5	O	16	17505
63.15	0.5	nontarget	29	18945
63.15	0.5	V	23	18945
63.28666666666667	0.5	nontarget	29	18986
63.28666666666667	0.5	O	16	18986
63.42333333333333	0.5	nontarget	29	19027
63.42333333333333	0.5	R	19	19027
63.56	0.5	nontarget	29	19068
63.56	0.5	J	11	19068
63.696666666666665	0.5	nontarget	29	19109
63.696666666666665	0.5	H	9	19109
63.833333333333336	0.5	nontarget	29	19150
63.833333333333336	0.5	I	10	19150
63.973333333333336	0.5	nontarget	29	19192
63.973333333333336	0.5	E	6	19192
64.10666666666667	0.5	nontarget	29	19232
64.10666666666667	0.5	Z	27	19232
64.24666666666667	0.5	nontarget	29	19274
64.24666666666667	0.5	G	8	19274
64.38	0.5	nontarget	29	19314
64.38	0.5	P	17	19314
64.51666666666667	0.5	nontarget	29	19355
64.51666666666667	0.5	L	13	19355
64.65333333333334	0.5	nontarget	29	19396
64.65333333333334	0.5	B	3	19396
64.79333333333334	0.5	nontarget	29	19438
64.79333333333334	0.5	N	15	19438
64.92666666666666	0.5	nontarget	29	19478
64.92666666666666	0.5	C	4	19478
65.06333333333333	0.5	nontarget	29	19519
65.06333333333333	0.5	A	2	19519
65.2	0.5	nontarget	29	19560
65.2	0.5	X	25	19560
65.33666666666667	0.5	nontarget	29	19601
65.33666666666667	0.5	T	21	19601
65.47666666666667	0.5	nontarget	29	19643
65.47666666666667	0.5	U	22	19643
65.61	0.5	nontarget	29	19683
65.61	0.5	Q	18	19683
65.74666666666667	0.5	nontarget	29	19724
65.74666666666667	0.5	Y	26	19724
65.88333333333334	0.5	nontarget	29	19765
65.88333333333334	0.5	D	5	19765
66.02	0.5	nontarget	29	19806
66.02	0.5	_	28	19806
66.15666666666667	0.5	nontarget	29	19847
66.15666666666667	0.5	K	12	19847
66.29333333333334	0.5	nontarget	29	19888
66.29333333333334	0.5	S	20	19888
66.43	0.5	nontarget	29	19929
66.43	0.5	M	14	19929
66.56666666666666	0.5	target	30	19970
66.56666666666666	0.5	F	7	19970
66.70333333333333	0.5	nontarget	29	20011
66.70333333333333	0.5	W	24	20011
66.84	0.5	nontarget	29	20052
66.84	0.5	<	1	20052
71.63666666666667	0.5	nontarget	29	21491
71.63666666666667	0.5	U	22	21491
71.77	0.5	nontarget	29	21531
71.77	0.5	L	13	21531
71.90666666666667	0.5	nontarget	29	21572
71.90666666666667	0.5	V	23	21572
72.04	0.5	nontarget	29	21612
72.04	0.5	Q	18	21612
72.18	0.5	nontarget	29	21654
72.18	0.5	P	17	21654
72.31666666666666	0.5	nontarget	29	21695
72.31666666666666	0.5	S	20	21695
72.45333333333333	0.5	target	30	21736
72.45333333333333	0.5	F	7	21736
72.59	0.5	nontarget	29	21777
72.59	0.5	T	21	21777
72.72333333333333	0.5	nontarget	29	21817
72.72333333333333	0.5	X	25	21817
72.86333333333333	0.5	nontarget	29	21859
72.86333333333333	0.5	G	8	21859
73.0	0.5	nontarget	29	21900
73.0	0.5	J	11	21900
73.13666666666667	0.5	nontarget	29	21941
73.13666666666667	0.5	C	4	21941
73.27333333333333	0.5	nontarget	29	21982
73.27333333333333	0.5	R	19	21982
73.41	0.5	nontarget	29	22023
73.41	0.5	I	10	22023
73.54666666666667	0.5	nontarget	29	22064
73.54666666666667	0.5	H	9	22064
73.68333333333334	0.5	nontarget	29	22105
73.68333333333334	0.5	K	12	22105
73.82	0.5	nontarget	29	22146
73.82	0.5	Y	26	22146
73.95666666666666	0.5	nontarget	29	22187
73.95666666666666	0.5	B	3	22187
74.09333333333333	0.5	nontarget	29	22228
74.09333333333333	0.5	N	15	22228
74.23	0.5	nontarget	29	22269
74.23	0.5	M	14	22269
74.36666666666666	0.5	nontarget	29	22310
74.36666666666666	0.5	W	24	22310
74.50333333333333	0.5	nontarget	29	22351
74.50333333333333	0.5	E	6	22351
74.64	0.5	nontarget	29	22392
74.64	0.5	_	28	22392
74.77666666666667	0.5	nontarget	29	22433
74.77666666666667	0.5	O	16	22433
74.91333333333333	0.5	nontarget	29	22474
74.91333333333333	0.5	D	5	22474
75.05	0.5	nontarget	29	22515
75.05	0.5	Z	27	22515
75.18666666666667	0.5	nontarget	29	22556
75.18666666666667	0.5	<	1	22556
75.32333333333334	0.5	nontarget	29	22597
75.32333333333334	0.5	A	2	22597
82.13333333333334	0.5	nontarget	29	24640
82.13333333333334	0.5	I	10	24640
82.27	0.5	nontarget	29	24681
82.27	0.5	U	22	24681
82.40666666666667	0.5	nontarget	29	24722
82.40666666666667	0.5	F	7	24722
82.54	0.5	nontarget	29	24762
82.54	0.5	C	4	24762
82.67666666666666	0.5	nontarget	29	24803
82.67666666666666	0.5	D	5	24803
82.81333333333333	0.5	nontarget	29	24844
82.81333333333333	0.5	J	11	24844
82.95	0.5	nontarget	29	24885
82.95	0.5	P	17	24885
83.08666666666667	0.5	nontarget	29	24926
83.08666666666667	0.5	N	15	24926
83.22333333333333	0.5	nontarget	29	24967
83.22333333333333	0.5	Y	26	24967
83.36	0.5	nontarget	29	25008
83.36	0.5	T	21	25008
83.49666666666667	0.5	nontarget	29	25049
83.49666666666667	0.5	A	2	25049
83.63333333333334	0.5	nontarget	29	25090
83.63333333333334	0.5	Z	27	25090
83.77	0.5	nontarget	29	25131
83.77	0.5	H	9	25131
83.90666666666667	0.5	nontarget	29	25172
83.90666666666667	0.5	O	16	25172
84.04333333333334	0.5	nontarget	29	25213
84.04333333333334	0.5	W	24	25213
84.18	0.5	nontarget	29	25254
84.18	0.5	E	6	25254
84.31333333333333	0.5	nontarget	29	25294
84.31333333333333	0.5	L	13	25294
84.45	0.5	nontarget	29	25335
84.45	0.5	G	8	25335
84.59	0.5	nontarget	29	25377
84.59	0.5	K	12	25377
84.72666666666667	0.5	nontarget	29	25418
84.72666666666667	0.5	B	3	25418
84.86333333333333	0.5	nontarget	29	25459
84.86333333333333	0.5	R	19	25459
85.0	0.5	nontarget	29	25500
85.0	0.5	S	20	25500
85.13666666666667	0.5	nontarget	29	25541
85.13666666666667	0.5	V	23	25541
85.27333333333333	0.5	nontarget	29	25582
85.27333333333333	0.5	_	28	25582
85.40666666666667	0.5	nontarget	29	25622
85.40666666666667	0.5	Q	18	25622
85.54333333333334	0.5	nontarget	29	25663
85.54333333333334	0.5	X	25	25663
85.68	0.5	target	30	25704
85.68	0.5	<	1	25704
85.81666666666666	0.5	nontarget	29	25745
85.81666666666666	0.5	M	14	25745
90.61666666666666	0.5	nontarget	29	27185
90.61666666666666	0.5	I	10	27185
90.75333333333333	0.5	nontarget	29	27226
90.75333333333333	0.5	_	28	27226
90.89	0.5	nontarget	29	27267
90.89	0.5	K	12	27267
91.02666666666667	0.5	nontarget	29	27308
91.02666666666667	0.5	R	19	27308
91.16333333333333	0.5	nontarget	29	27349
91.16333333333333	0.5	O	16	27349
91.3	0.5	nontarget	29	27390
91.3	0.5	M	14	27390
91.50333333333333	0.5	nontarget	29	27451
91.50333333333333	0.5	S	20	27451
91.64333333333333	0.5	nontarget	29	27493
91.64333333333333	0.5	J	11	27493
91.78	0.5	nontarget	29	27534
91.78	0.5	Z	27	27534
91.91666666666667	0.5	nontarget	29	27575
91.91666666666667	0.5	V	23	27575
92.05333333333333	0.5	nontarget	29	27616
92.05333333333333	0.5	C	4	27616
92.19	0.5	nontarget	29	27657
92.19	0.5	T	21	27657
92.32666666666667	0.5	nontarget	29	27698
92.32666666666667	0.5	B	3	27698
92.46333333333334	0.5	nontarget	29	27739
92.46333333333334	0.5	H	9	27739
92.6	0.5	nontarget	29	27780
92.6	0.5	X	25	27780
92.73666666666666	0.5	nontarget	29	27821
92.73666666666666	0.5	N	15	27821
92.87333333333333	0.5	nontarget	29	27862
92.87333333333333	0.5	Q	18	27862
93.01	0.5	nontarget	29	27903
93.01	0.5	U	22	27903
93.14666666666666	0.5	nontarget	29	27944
93.14666666666666	0.5	E	6	27944
93.28333333333333	0.5	nontarget	29	27985
93.28333333333333	0.5	A	2	27985
93.42	0.5	nontarget	29	28026
93.42	0.5	G	8	28026
93.55666666666667	0.5	nontarget	29	28067
93.55666666666667	0.5	W	24	28067
93.69333333333333	0.5	nontarget	29	28108
93.69333333333333	0.5	L	13	28108
93.83	0.5	nontarget	29	28149
93.83	0.5	F	7	28149
93.96666666666667	0.5	nontarget	29	28190
93.96666666666667	0.5	P	17	28190
94.10333333333334	0.5	target	30	28231
94.10333333333334	0.5	<	1	28231
94.24	0.5	nontarget	29	28272
94.24	0.5	Y	26	28272
94.37666666666667	0.5	nontarget	29	28313
94.37666666666667	0.5	D	5	28313
99.17666666666666	0.5	nontarget	29	29753
99.17666666666666	0.5	V	23	29753
99.31666666666666	0.5	nontarget	29	29795
99.31666666666666	0.5	_	28	29795
99.45333333333333	0.5	nontarget	29	29836
99.45333333333333	0.5	K	12	29836
99.59	0.5	nontarget	29	29877
99.59	0.5	W	24	29877
99.72666666666667	0.5	nontarget	29	29918
99.72666666666667	0.5	Y	26	29918
99.86333333333333	0.5	nontarget	29	29959
99.86333333333333	0.5	M	14	29959
100.00333333333333	0.5	nontarget	29	30001
100.00333333333333	0.5	B	3	30001
100.14	0.5	nontarget	29	30042
100.14	0.5	L	13	30042
100.27666666666667	0.5	nontarget	29	30083
100.27666666666667	0.5	E	6	30083
100.41333333333333	0.5	nontarget	29	30124
100.41333333333333	0.5	D	5	30124
100.55	0.5	nontarget	29	30165
100.55	0.5	U	22	30165
100.68666666666667	0.5	nontarget	29	30206
100.68666666666667	0.5	O	16	30206
100.82333333333334	0.5	nontarget	29	30247
100.82333333333334	0.5	X	25	30247
100.96333333333334	0.5	target	30	30289
100.96333333333334	0.5	<	1	30289
101.09666666666666	0.5	nontarget	29	30329
101.09666666666666	0.5	Q	18	30329
101.23333333333333	0.5	nontarget	29	30370
101.23333333333333	0.5	Z	27	30370
101.37	0.5	nontarget	29	30411
101.37	0.5	S	20	30411
101.50666666666666	0.5	nontarget	29	30452
101.50666666666666	0.5	A	2	30452
101.64333333333333	0.5	nontarget	29	30493
101.64333333333333	0.5	P	17	30493
101.78	0.5	nontarget	29	30534
101.78	0.5	I	10	30534
101.91666666666667	0.5	nontarget	29	30575
101.91666666666667	0.5	R	19	30575
102.05333333333333	0.5	nontarget	29	30616
102.05333333333333	0.5	N	15	30616
102.19	0.5	nontarget	29	30657
102.19	0.5	J	11	30657
102.32666666666667	0.5	nontarget	29	30698
102.32666666666667	0.5	T	21	30698
102.46333333333334	0.5	nontarget	29	30739
102.46333333333334	0.5	C	4	30739
102.59666666666666	0.5	nontarget	29	30779
102.59666666666666	0.5	H	9	30779
102.73333333333333	0.5	nontarget	29	30820
102.73333333333333	0.5	G	8	30820
102.87	0.5	nontarget	29	30861
102.87	0.5	F	7	30861
109.67333333333333	0.5	nontarget	29	32902
109.67333333333333	0.5	J	11	32902
109.81	0.5	nontarget	29	32943
109.81	0.5	I	10	32943
109.94666666666667	0.5	nontarget	29	32984
109.94666666666667	0.5	M	14	32984
110.08333333333333	0.5	nontarget	29	33025
110.08333333333333	0.5	E	6	33025
110.21666666666667	0.5	nontarget	29	33065
110.21666666666667	0.5	Q	18	33065
110.35333333333334	0.5	nontarget	29	33106
110.35333333333334	0.5	P	17	33106
110.49	0.5	nontarget	29	33147
110.49	0.5	<	1	33147
110.62666666666667	0.5	nontarget	29	33188
110.62666666666667	0.5	S	20	33188
110.76	0.5	nontarget	29	33228
110.76	0.5	W	24	33228
110.89666666666666	0.5	target	30	33269
110.89666666666666	0.5	F	7	33269
111.03333333333333	0.5	nontarget	29	33310
111.03333333333333	0.5	K	12	33310
111.17333333333333	0.5	nontarget	29	33352
111.17333333333333	0.5	N	15	33352
111.31	0.5	nontarget	29	33393
111.31	0.5	V	23	33393
111.44666666666667	0.5	nontarget	29	33434
111.44666666666667	0.5	L	13	33434
111.58333333333333	0.5	nontarget	29	33475
111.58333333333333	0.5	Z	27	33475
111.72333333333333	0.5	nontarget	29	33517
111.72333333333333	0.5	B	3	33517
111.86	0.5	nontarget	29	33558
111.86	0.5	H	9	33558
111.99666666666667	0.5	nontarget	29	33599
111.99666666666667	0.5	_	28	33599
112.13666666666667	0.5	nontarget	29	33641
112.13666666666667	0.5	R	19	33641
112.27333333333333	0.5	nontarget	29	33682
112.27333333333333	0.5	U	22	33682
112.41	0.5	nontarget	29	33723
112.41	0.5	O	16	33723
112.54666666666667	0.5	nontarget	29	33764
112.54666666666667	0.5	A	2	33764
112.68333333333334	0.5	nontarget	29	33805
112.68333333333334	0.5	X	25	33805
112.82	0.5	nontarget	29	33846
112.82	0.5	G	8	33846
112.95666666666666	0.5	nontarget	29	33887
112.95666666666666	0.5	Y	26	33887
113.09333333333333	0.5	nontarget	29	33928
113.09333333333333	0.5	T	21	33928
113.23	0.5	nontarget	29	33969
113.23	0.5	D	5	33969
113.36666666666666	0.5	nontarget	29	34010
113.36666666666666	0.5	C	4	34010
118.16666666666667	0.5	nontarget	29	35450
118.16666666666667	0.5	J	11	35450
118.30666666666667	0.5	nontarget	29	35492
118.30666666666667	0.5	L	13	35492
118.44	0.5	nontarget	29	35532
118.44	0.5	_	28	35532
118.57666666666667	0.5	nontarget	29	35573
118.57666666666667	0.5	O	16	35573
118.71333333333334	0.5	nontarget	29	35614
118.71333333333334	0.5	<	1	35614
118.85333333333334	0.5	nontarget	29	35656
118.85333333333334	0.5	E	6	35656
118.99	0.5	nontarget	29	35697
118.99	0.5	V	23	35697
119.12666666666667	0.5	nontarget	29	35738
119.12666666666667	0.5	N	15	35738
119.26333333333334	0.5	nontarget	29	35779
119.26333333333334	0.5	Y	26	35779
119.39666666666666	0.5	nontarget	29	35819
119.39666666666666	0.5	K	12	35819
119.53333333333333	0.5	nontarget	29	35860
119.53333333333333	0.5	H	9	35860
119.67	0.5	nontarget	29	35901
119.67	0.5	M	14	35901
119.80666666666667	0.5	nontarget	29	35942
119.80666666666667	0.5	B	3	35942
119.94333333333333	0.5	nontarget	29	35983
119.94333333333333	0.5	U	22	35983
120.08	0.5	nontarget	29	36024
120.08	0.5	G	8	36024
120.21666666666667	0.5	nontarget	29	36065
120.21666666666667	0.5	R	19	36065
120.35333333333334	0.5	nontarget	29	36106
120.35333333333334	0.5	P	17	36106
120.49	0.5	nontarget	29	36147
120.49	0.5	C	4	36147
120.62666666666667	0.5	nontarget	29	36188
120.62666666666667	0.5	I	10	36188
120.76	0.5	nontarget	29	36228
120.76	0.5	Z	27	36228
120.89666666666666	0.5	nontarget	29	36269
120.89666666666666	0.5	S	20	36269
121.03333333333333	0.5	nontarget	29	36310
121.03333333333333	0.5	T	21	36310
121.17333333333333	0.5	nontarget	29	36352
121.17333333333333	0.5	D	5	36352
121.31	0.5	nontarget	29	36393
121.31	0.5	Q	18	36393
121.44333333333333	0.5	nontarget	29	36433
121.44333333333333	0.5	A	2	36433
121.58	0.5	nontarget	29	36474
121.58	0.5	X	25	36474
121.72	0.5	target	30	36516
121.72	0.5	F	7	36516
121.85666666666667	0.5	nontarget	29	36557
121.85666666666667	0.5	W	24	36557
126.65666666666667	0.5	nontarget	29	37997
126.65666666666667	0.5	<	1	37997
126.79333333333334	0.5	nontarget	29	38038
126.79333333333334	0.5	U	22	38038
126.93	0.5	nontarget	29	38079
126.93	0.5	G	8	38079
127.06666666666666	0.5	nontarget	29	38120
127.06666666666666	0.5	I	10	38120
127.2	0.5	nontarget	29	38160
127.2	0.5	R	19	38160
127.34	0.5	nontarget	29	38202
127.34	0.5	Y	26	38202
127.47666666666667	0.5	nontarget	29	38243
127.47666666666667	0.5	Z	27	38243
127.61333333333333	0.5	nontarget	29	38284
127.61333333333333	0.5	N	15	38284
127.75333333333333	0.5	nontarget	29	38326
127.75333333333333	0.5	H	9	38326
127.89	0.5	nontarget	29	38367
127.89	0.5	J	11	38367
128.04333333333332	0.5	nontarget	29	38413
128.04333333333332	0.5	V	23	38413
128.18	0.5	nontarget	29	38454
128.18	0.5	S	20	38454
128.31666666666666	0.5	nontarget	29	38495
128.31666666666666	0.5	_	28	38495
128.45666666666668	0.5	nontarget	29	38537
128.45666666666668	0.5	Q	18	38537
128.59333333333333	0.5	nontarget	29	38578
128.59333333333333	0.5	W	24	38578
128.73	0.5	nontarget	29	38619
128.73	0.5	O	16	38619
128.86333333333334	0.5	nontarget	29	38659
128.86333333333334	0.5	K	12	38659
129.0	0.5	nontarget	29	38700
129.0	0.5	E	6	38700
129.13666666666666	0.5	nontarget	29	38741
129.13666666666666	0.5	B	3	38741
129.27333333333334	0.5	nontarget	29	38782
129.27333333333334	0.5	P	17	38782
129.41333333333333	0.5	target	30	38824
129.41333333333333	0.5	F	7	38824
129.55	0.5	nontarget	29	38865
129.55	0.5	A	2	38865
129.68666666666667	0.5	nontarget	29	38906
129.68666666666667	0.5	L	13	38906
129.82333333333332	0.5	nontarget	29	38947
129.82333333333332	0.5	T	21	38947
129.96	0.5	nontarget	29	38988
129.96	0.5	M	14	38988
130.1	0.5	nontarget	29	39030
130.1	0.5	X	25	39030
130.23666666666668	0.5	nontarget	29	39071
130.23666666666668	0.5	D	5	39071
130.37	0.5	nontarget	29	39111
130.37	0.5	C	4	39111
135.17666666666668	0.5	nontarget	29	40553
135.17666666666668	0.5	R	19	40553
135.31333333333333	0.5	nontarget	29	40594
135.31333333333333	0.5	C	4	40594
135.45	0.5	nontarget	29	40635
135.45	0.5	_	28	40635
135.58666666666667	0.5	nontarget	29	40676
135.58666666666667	0.5	T	21	40676
135.72333333333333	0.5	nontarget	29	40717
135.72333333333333	0.5	D	5	40717
135.86	0.5	nontarget	29	40758
135.86	0.5	U	22	40758
135.99666666666667	0.5	nontarget	29	40799
135.99666666666667	0.5	S	20	40799
136.13333333333333	0.5	nontarget	29	40840
136.13333333333333	0.5	B	3	40840
136.27	0.5	nontarget	29	40881
136.27	0.5	I	10	40881
136.40666666666667	0.5	nontarget	29	40922
136.40666666666667	0.5	Z	27	40922
136.54333333333332	0.5	nontarget	29	40963
136.54333333333332	0.5	O	16	40963
136.67666666666668	0.5	nontarget	29	41003
136.67666666666668	0.5	N	15	41003
136.81333333333333	0.5	nontarget	29	41044
136.81333333333333	0.5	E	6	41044
136.95	0.5	nontarget	29	41085
136.95	0.5	M	14	41085
137.08666666666667	0.5	nontarget	29	41126
137.08666666666667	0.5	J	11	41126
137.22333333333333	0.5	nontarget	29	41167
137.22333333333333	0.5	K	12	41167
137.36	0.5	nontarget	29	41208
137.36	0.5	H	9	41208
137.49666666666667	0.5	nontarget	29	41249
137.49666666666667	0.5	L	13	41249
137.63333333333333	0.5	nontarget	29	41290
137.63333333333333	0.5	A	2	41290
137.77	0.5	nontarget	29	41331
137.77	0.5	V	23	41331
137.90666666666667	0.5	nontarget	29	41372
137.90666666666667	0.5	W	24	41372
138.04666666666665	0.5	nontarget	29	41414
138.04666666666665	0.5	G	8	41414
138.18333333333334	0.5	nontarget	29	41455
138.18333333333334	0.5	Y	26	41455
138.32	0.5	nontarget	29	41496
138.32	0.5	P	17	41496
138.45666666666668	0.5	nontarget	29	41537
138.45666666666668	0.5	Q	18	41537
138.59333333333333	0.5	nontarget	29	41578
138.59333333333333	0.5	<	1	41578
138.73	0.5	target	30	41619
138.73	0.5	F	7	41619
138.86666666666667	0.5	nontarget	29	41660
138.86666666666667	0.5	X	25	41660
143.66666666666666	0.5	nontarget	29	43100
143.66666666666666	0.5	W	24	43100
143.80333333333334	0.5	nontarget	29	43141
143.80333333333334	0.5	Z	27	43141
143.94	0.5	target	30	43182
143.94	0.5	F	7	43182
144.08	0.5	nontarget	29	43224
144.08	0.5	P	17	43224
144.21666666666667	0.5	nontarget	29	43265
144.21666666666667	0.5	H	9	43265
144.35333333333332	0.5	nontarget	29	43306
144.35333333333332	0.5	D	5	43306
144.49	0.5	nontarget	29	43347
144.49	0.5	C	4	43347
144.62666666666667	0.5	nontarget	29	43388
144.62666666666667	0.5	T	21	43388
144.76	0.5	nontarget	29	43428
144.76	0.5	J	11	43428
144.89666666666668	0.5	nontarget	29	43469
144.89666666666668	0.5	N	15	43469
145.03333333333333	0.5	nontarget	29	43510
145.03333333333333	0.5	E	6	43510
145.17	0.5	nontarget	29	43551
145.17	0.5	G	8	43551
145.30666666666667	0.5	nontarget	29	43592
145.30666666666667	0.5	A	2	43592
145.44	0.5	nontarget	29	43632
145.44	0.5	K	12	43632
145.57666666666665	0.5	nontarget	29	43673
145.57666666666665	0.5	X	25	43673
145.71333333333334	0.5	nontarget	29	43714
145.71333333333334	0.5	_	28	43714
145.85	0.5	nontarget	29	43755
145.85	0.5	U	22	43755
145.98333333333332	0.5	nontarget	29	43795
145.98333333333332	0.5	R	19	43795
146.12333333333333	0.5	nontarget	29	43837
146.12333333333333	0.5	B	3	43837
146.26	0.5	nontarget	29	43878
146.26	0.5	V	23	43878
146.39666666666668	0.5	nontarget	29	43919
146.39666666666668	0.5	S	20	43919
146.53333333333333	0.5	nontarget	29	43960
146.53333333333333	0.5	Y	26	43960
146.66666666666666	0.5	nontarget	29	44000
146.66666666666666	0.5	M	14	44000
146.80333333333334	0.5	nontarget	29	44041
146.80333333333334	0.5	O	16	44041
146.94	0.5	nontarget	29	44082
146.94	0.5	I	10	44082
147.07666666666665	0.5	nontarget	29	44123
147.07666666666665	0.5	<	1	44123
147.21333333333334	0.5	nontarget	29	44164
147.21333333333334	0.5	L	13	44164
147.34666666666666	0.5	nontarget	29	44204
147.34666666666666	0.5	Q	18	44204
152.16666666666666	0.5	nontarget	29	45650
152.16666666666666	0.5	O	16	45650
152.30333333333334	0.5	nontarget	29	45691
152.30333333333334	0.5	E	6	45691
152.44	0.5	nontarget	29	45732
152.44	0.5	H	9	45732
152.57666666666665	0.5	nontarget	29	45773
152.57666666666665	0.5	U	22	45773
152.71333333333334	0.5	nontarget	29	45814
152.71333333333334	0.5	T	21	45814
152.85	0.5	nontarget	29	45855
152.85	0.5	N	15	45855
152.98666666666668	0.5	nontarget	29	45896
152.98666666666668	0.5	M	14	45896
153.12333333333333	0.5	nontarget	29	45937
153.12333333333333	0.5	K	12	45937
153.26	0.5	nontarget	29	45978
153.26	0.5	<	1	45978
153.39666666666668	0.5	nontarget	29	46019
153.39666666666668	0.5	X	25	46019
153.53333333333333	0.5	nontarget	29	46060
153.53333333333333	0.5	B	3	46060
153.67	0.5	nontarget	29	46101
153.67	0.5	C	4	46101
153.80666666666667	0.5	nontarget	29	46142
153.80666666666667	0.5	G	8	46142
153.94	0.5	nontarget	29	46182
153.94	0.5	S	20	46182
154.08	0.5	nontarget	29	46224
154.08	0.5	L	13	46224
154.21666666666667	0.5	nontarget	29	46265
154.21666666666667	0.5	Y	26	46265
154.35333333333332	0.5	nontarget	29	46306
154.35333333333332	0.5	I	10	46306
154.49	0.5	nontarget	29	46347
154.49	0.5	_	28	46347
154.62666666666667	0.5	nontarget	29	46388
154.62666666666667	0.5	A	2	46388
154.76333333333332	0.5	nontarget	29	46429
154.76333333333332	0.5	J	11	46429
154.9	0.5	nontarget	29	46470
154.9	0.5	W	24	46470
155.03666666666666	0.5	target	30	46511
155.03666666666666	0.5	F	7	46511
155.17333333333335	0.5	nontarget	29	46552
155.17333333333335	0.5	V	23	46552
155.31	0.5	nontarget	29	46593
155.31	0.5	P	17	46593
155.44666666666666	0.5	nontarget	29	46634
155.44666666666666	0.5	D	5	46634
155.58	0.5	nontarget	29	46674
155.58	0.5	Z	27	46674
155.72	0.5	nontarget	29	46716
155.72	0.5	R	19	46716
155.85333333333332	0.5	nontarget	29	46756
155.85333333333332	0.5	Q	18	46756
162.66333333333333	0.5	nontarget	29	48799
162.66333333333333	0.5	L	13	48799
162.8	0.5	nontarget	29	48840
162.8	0.5	Y	26	48840
162.93666666666667	0.5	nontarget	29	48881
162.93666666666667	0.5	G	8	48881
163.07333333333332	0.5	nontarget	29	48922
163.07333333333332	0.5	V	23	48922
163.21	0.5	nontarget	29	48963
163.21	0.5	E	6	48963
163.34666666666666	0.5	nontarget	29	49004
163.34666666666666	0.5	Q	18	49004
163.48333333333332	0.5	nontarget	29	49045
163.48333333333332	0.5	X	25	49045
163.62	0.5	nontarget	29	49086
163.62	0.5	C	4	49086
163.75666666666666	0.5	nontarget	29	49127
163.75666666666666	0.5	O	16	49127
163.89333333333335	0.5	nontarget	29	49168
163.89333333333335	0.5	J	11	49168
164.03	0.5	target	30	49209
164.03	0.5	R	19	49209
164.16666666666666	0.5	nontarget	29	49250
164.16666666666666	0.5	W	24	49250
164.30333333333334	0.5	nontarget	29	49291
164.30333333333334	0.5	I	10	49291
164.44	0.5	nontarget	29	49332
164.44	0.5	H	9	49332
164.64333333333335	0.5	nontarget	29	49393
164.64333333333335	0.5	U	22	49393
164.78333333333333	0.5	nontarget	29	49435
164.78333333333333	0.5	D	5	49435
164.92	0.5	nontarget	29	49476
164.92	0.5	N	15	49476
165.05666666666667	0.5	nontarget	29	49517
165.05666666666667	0.5	S	20	49517
165.19333333333333	0.5	nontarget	29	49558
165.19333333333333	0.5	Z	27	49558
165.33	0.5	nontarget	29	49599
165.33	0.5	<	1	49599
165.46333333333334	0.5	nontarget	29	49639
165.46333333333334	0.5	_	28	49639
165.60333333333332	0.5	nontarget	29	49681
165.60333333333332	0.5	A	2	49681
165.73666666666668	0.5	nontarget	29	49721
165.73666666666668	0.5	B	3	49721
165.87666666666667	0.5	nontarget	29	49763
165.87666666666667	0.5	K	12	49763
166.01333333333332	0.5	nontarget	29	49804
166.01333333333332	0.5	P	17	49804
166.15	0.5	nontarget	29	49845
166.15	0.5	T	21	49845
166.28666666666666	0.5	nontarget	29	49886
166.28666666666666	0.5	M	14	49886
166.42333333333335	0.5	nontarget	29	49927
166.42333333333335	0.5	F	7	49927
171.22666666666666	0.5	nontarget	29	51368
171.22666666666666	0.5	I	10	51368
171.36333333333334	0.5	nontarget	29	51409
171.36333333333334	0.5	K	12	51409
171.5	0.5	nontarget	29	51450
171.5	0.5	C	4	51450
171.63666666666666	0.5	nontarget	29	51491
171.63666666666666	0.5	E	6	51491
171.77333333333334	0.5	nontarget	29	51532
171.77333333333334	0.5	Z	27	51532
171.91333333333333	0.5	nontarget	29	51574
171.91333333333333	0.5	P	17	51574
172.04666666666665	0.5	nontarget	29	51614
172.04666666666665	0.5	X	25	51614
172.18666666666667	0.5	nontarget	29	51656
172.18666666666667	0.5	H	9	51656
172.32333333333332	0.5	nontarget	29	51697
172.32333333333332	0.5	G	8	51697
172.46	0.5	target	30	51738
172.46	0.5	R	19	51738
172.6	0.5	nontarget	29	51780
172.6	0.5	B	3	51780
172.73333333333332	0.5	nontarget	29	51820
172.73333333333332	0.5	F	7	51820
172.87	0.5	nontarget	29	51861
172.87	0.5	_	28	51861
173.00666666666666	0.5	nontarget	29	51902
173.00666666666666	0.5	A	2	51902
173.14	0.5	nontarget	29	51942
173.14	0.5	T	21	51942
173.27666666666667	0.5	nontarget	29	51983
173.27666666666667	0.5	V	23	51983
173.41333333333333	0.5	nontarget	29	52024
173.41333333333333	0.5	J	11	52024
173.55	0.5	nontarget	29	52065
173.55	0.5	Q	18	52065
173.68666666666667	0.5	nontarget	29	52106
173.68666666666667	0.5	L	13	52106
173.82333333333332	0.5	nontarget	29	52147
173.82333333333332	0.5	Y	26	52147
173.96	0.5	nontarget	29	52188
173.96	0.5	U	22	52188
174.09666666666666	0.5	nontarget	29	52229
174.09666666666666	0.5	<	1	52229
174.23333333333332	0.5	nontarget	29	52270
174.23333333333332	0.5	W	24	52270
174.37	0.5	nontarget	29	52311
174.37	0.5	O	16	52311
174.50666666666666	0.5	nontarget	29	52352
174.50666666666666	0.5	M	14	52352
174.64333333333335	0.5	nontarget	29	52393
174.64333333333335	0.5	D	5	52393
174.78	0.5	nontarget	29	52434
174.78	0.5	N	15	52434
174.91666666666666	0.5	nontarget	29	52475
174.91666666666666	0.5	S	20	52475
179.72333333333333	0.5	target	30	53917
179.72333333333333	0.5	R	19	53917
179.85666666666665	0.5	nontarget	29	53957
179.85666666666665	0.5	N	15	53957
179.99333333333334	0.5	nontarget	29	53998
179.99333333333334	0.5	<	1	53998
180.13333333333333	0.5	nontarget	29	54040
180.13333333333333	0.5	Z	27	54040
180.26666666666668	0.5	nontarget	29	54080
180.26666666666668	0.5	Q	18	54080
180.40666666666667	0.5	nontarget	29	54122
180.40666666666667	0.5	C	4	54122
180.54	0.5	nontarget	29	54162
180.54	0.5	K	12	54162
180.67666666666668	0.5	nontarget	29	54203
180.67666666666668	0.5	S	20	54203
180.81333333333333	0.5	nontarget	29	54244
180.81333333333333	0.5	H	9	54244
180.95333333333335	0.5	nontarget	29	54286
180.95333333333335	0.5	T	21	54286
181.09	0.5	nontarget	29	54327
181.09	0.5	B	3	54327
181.22666666666666	0.5	nontarget	29	54368
181.22666666666666	0.5	D	5	54368
181.36333333333334	0.5	nontarget	29	54409
181.36333333333334	0.5	M	14	54409
181.5	0.5	nontarget	29	54450
181.5	0.5	E	6	54450
181.63333333333333	0.5	nontarget	29	54490
181.63333333333333	0.5	X	25	54490
181.77	0.5	nontarget	29	54531
181.77	0.5	O	16	54531
181.90666666666667	0.5	nontarget	29	54572
181.90666666666667	0.5	V	23	54572
182.04333333333332	0.5	nontarget	29	54613
182.04333333333332	0.5	F	7	54613
182.18	0.5	nontarget	29	54654
182.18	0.5	A	2	54654
182.31666666666666	0.5	nontarget	29	54695
182.31666666666666	0.5	P	17	54695
182.45333333333335	0.5	nontarget	29	54736
182.45333333333335	0.5	W	24	54736
182.59	0.5	nontarget	29	54777
182.59	0.5	G	8	54777
182.72666666666666	0.5	nontarget	29	54818
182.72666666666666	0.5	Y	26	54818
182.86333333333334	0.5	nontarget	29	54859
182.86333333333334	0.5	J	11	54859
183.0	0.5	nontarget	29	54900
183.0	0.5	I	10	54900
183.13666666666666	0.5	nontarget	29	54941
183.13666666666666	0.5	_	28	54941
183.27333333333334	0.5	nontarget	29	54982
183.27333333333334	0.5	U	22	54982
183.41	0.5	nontarget	29	55023
183.41	0.5	L	13	55023
188.21333333333334	0.5	nontarget	29	56464
188.21333333333334	0.5	N	15	56464
188.35	0.5	nontarget	29	56505
188.35	0.5	E	6	56505
188.48666666666668	0.5	nontarget	29	56546
188.48666666666668	0.5	M	14	56546
188.62333333333333	0.5	nontarget	29	56587
188.62333333333333	0.5	C	4	56587
188.76	0.5	nontarget	29	56628
188.76	0.5	_	28	56628
188.89666666666668	0.5	nontarget	29	56669
188.89666666666668	0.5	K	12	56669
189.03666666666666	0.5	nontarget	29	56711
189.03666666666666	0.5	H	9	56711
189.17333333333335	0.5	nontarget	29	56752
189.17333333333335	0.5	D	5	56752
189.31	0.5	nontarget	29	56793
189.31	0.5	P	17	56793
189.44666666666666	0.5	nontarget	29	56834
189.44666666666666	0.5	B	3	56834
189.58333333333334	0.5	nontarget	29	56875
189.58333333333334	0.5	A	2	56875
189.72	0.5	nontarget	29	56916
189.72	0.5	S	20	56916
189.85333333333332	0.5	nontarget	29	56956
189.85333333333332	0.5	T	21	56956
189.99	0.5	nontarget	29	56997
189.99	0.5	G	8	56997
190.12666666666667	0.5	nontarget	29	57038
190.12666666666667	0.5	L	13	57038
190.26333333333332	0.5	nontarget	29	57079
190.26333333333332	0.5	Y	26	57079
190.4	0.5	nontarget	29	57120
190.4	0.5	I	10	57120
190.53666666666666	0.5	nontarget	29	57161
190.53666666666666	0.5	J	11	57161
190.67333333333335	0.5	nontarget	29	57202
190.67333333333335	0.5	V	23	57202
190.81	0.5	nontarget	29	57243
190.81	0.5	X	25	57243
190.95	0.5	nontarget	29	57285
190.95	0.5	Q	18	57285
191.08666666666667	0.5	nontarget	29	57326
191.08666666666667	0.5	Z	27	57326
191.22333333333333	0.5	nontarget	29	57367
191.22333333333333	0.5	O	16	57367
191.36	0.5	nontarget	29	57408
191.36	0.5	<	1	57408
191.49666666666667	0.5	target	30	57449
191.49666666666667	0.5	R	19	57449
191.63333333333333	0.5	nontarget	29	57490
191.63333333333333	0.5	U	22	57490
191.77333333333334	0.5	nontarget	29	57532
191.77333333333334	0.5	W	24	57532
191.90666666666667	0.5	nontarget	29	57572
191.90666666666667	0.5	F	7	57572
198.72	0.5	nontarget	29	59616
198.72	0.5	G	8	59616
198.85666666666665	0.5	nontarget	29	59657
198.85666666666665	0.5	H	9	59657
198.99	0.5	nontarget	29	59697
198.99	0.5	E	6	59697
199.12666666666667	0.5	nontarget	29	59738
199.12666666666667	0.5	R	19	59738
199.26333333333332	0.5	nontarget	29	59779
199.26333333333332	0.5	Z	27	59779
199.4	0.5	nontarget	29	59820
199.4	0.5	N	15	59820
199.53666666666666	0.5	nontarget	29	59861
199.53666666666666	0.5	Q	18	59861
199.67333333333335	0.5	nontarget	29	59902
199.67333333333335	0.5	W	24	59902
199.81	0.5	nontarget	29	59943
199.81	0.5	P	17	59943
199.94666666666666	0.5	nontarget	29	59984
199.94666666666666	0.5	_	28	59984
200.08333333333334	0.5	nontarget	29	60025
200.08333333333334	0.5	M	14	60025
200.22	0.5	nontarget	29	60066
200.22	0.5	Y	26	60066
200.35666666666665	0.5	target	30	60107
200.35666666666665	0.5	U	22	60107
200.49333333333334	0.5	nontarget	29	60148
200.49333333333334	0.5	F	7	60148
200.63	0.5	nontarget	29	60189
200.63	0.5	C	4	60189
200.76666666666668	0.5	nontarget	29	60230
200.76666666666668	0.5	D	5	60230
200.90333333333334	0.5	nontarget	29	60271
200.90333333333334	0.5	<	1	60271
201.04	0.5	nontarget	29	60312
201.04	0.5	X	25	60312
201.17666666666668	0.5	nontarget	29	60353
201.17666666666668	0.5	I	10	60353
201.31666666666666	0.5	nontarget	29	60395
201.31666666666666	0.5	S	20	60395
201.45	0.5	nontarget	29	60435
201.45	0.5	K	12	60435
201.58666666666667	0.5	nontarget	29	60476
201.58666666666667	0.5	A	2	60476
201.72333333333333	0.5	nontarget	29	60517
201.72333333333333	0.5	J	11	60517
201.86	0.5	nontarget	29	60558
201.86	0.5	B	3	60558
201.99666666666667	0.5	nontarget	29	60599
201.99666666666667	0.5	V	23	60599
202.13333333333333	0.5	nontarget	29	60640
202.13333333333333	0.5	O	16	60640
202.27	0.5	nontarget	29	60681
202.27	0.5	L	13	60681
202.40666666666667	0.5	nontarget	29	60722
202.40666666666667	0.5	T	21	60722
207.21	0.5	nontarget	29	62163
207.21	0.5	I	10	62163
207.35	0.5	nontarget	29	62205
207.35	0.5	P	17	62205
207.48666666666668	0.5	nontarget	29	62246
207.48666666666668	0.5	Q	18	62246
207.62333333333333	0.5	nontarget	29	62287
207.62333333333333	0.5	_	28	62287
207.76	0.5	nontarget	29	62328
207.76	0.5	E	6	62328
207.89666666666668	0.5	nontarget	29	62369
207.89666666666668	0.5	N	15	62369
208.03666666666666	0.5	nontarget	29	62411
208.03666666666666	0.5	T	21	62411
208.17333333333335	0.5	target	30	62452
208.17333333333335	0.5	U	22	62452
208.31	0.5	nontarget	29	62493
208.31	0.5	C	4	62493
208.45	0.5	nontarget	29	62535
208.45	0.5	Z	27	62535
208.58333333333334	0.5	nontarget	29	62575
208.58333333333334	0.5	G	8	62575
208.72	0.5	nontarget	29	62616
208.72	0.5	K	12	62616
208.85666666666665	0.5	nontarget	29	62657
208.85666666666665	0.5	O	16	62657
208.99333333333334	0.5	nontarget	29	62698
208.99333333333334	0.5	W	24	62698
209.13	0.5	nontarget	29	62739
209.13	0.5	F	7	62739
209.26666666666668	0.5	nontarget	29	62780
209.26666666666668	0.5	Y	26	62780
209.40333333333334	0.5	nontarget	29	62821
209.40333333333334	0.5	S	20	62821
209.54	0.5	nontarget	29	62862
209.54	0.5	D	5	62862
209.67666666666668	0.5	nontarget	29	62903
209.67666666666668	0.5	<	1	62903
209.81333333333333	0.5	nontarget	29	62944
209.81333333333333	0.5	H	9	62944
209.95	0.5	nontarget	29	62985
209.95	0.5	X	25	62985
210.08666666666667	0.5	nontarget	29	63026
210.08666666666667	0.5	M	14	63026
210.22333333333333	0.5	nontarget	29	63067
210.22333333333333	0.5	R	19	63067
210.36	0.5	nontarget	29	63108
210.36	0.5	A	2	63108
210.49666666666667	0.5	nontarget	29	63149
210.49666666666667	0.5	J	11	63149
210.63333333333333	0.5	nontarget	29	63190
210.63333333333333	0.5	B	3	63190
210.76666666666668	0.5	nontarget	29	63230
210.76666666666668	0.5	L	13	63230
210.90333333333334	0.5	nontarget	29	63271
210.90333333333334	0.5	V	23	63271
215.71333333333334	0.5	nontarget	29	64714
215.71333333333334	0.5	S	20	64714
215.84666666666666	0.5	nontarget	29	64754
215.84666666666666	0.5	A	2	64754
215.98333333333332	0.5	nontarget	29	64795
215.98333333333332	0.5	E	6	64795
216.12333333333333	0.5	nontarget	29	64837
216.12333333333333	0.5	I	10	64837
216.26	0.5	nontarget	29	64878
216.26	0.5	F	7	64878
216.39666666666668	0.5	nontarget	29	64919
216.39666666666668	0.5	G	8	64919
216.53333333333333	0.5	nontarget	29	64960
216.53333333333333	0.5	Y	26	64960
216.67	0.5	nontarget	29	65001
216.67	0.5	<	1	65001
216.80666666666667	0.5	nontarget	29	65042
216.80666666666667	0.5	M	14	65042
216.94666666666666	0.5	nontarget	29	65084
216.94666666666666	0.5	X	25	65084
217.08333333333334	0.5	nontarget	29	65125
217.08333333333334	0.5	Q	18	65125
217.21666666666667	0.5	nontarget	29	65165
217.21666666666667	0.5	P	17	65165
217.35333333333332	0.5	nontarget	29	65206
217.35333333333332	0.5	W	24	65206
217.49	0.5	nontarget	29	65247
217.49	0.5	B	3	65247
217.62666666666667	0.5	nontarget	29	65288
217.62666666666667	0.5	D	5	65288
217.76333333333332	0.5	nontarget	29	65329
217.76333333333332	0.5	N	15	65329
217.9	0.5	nontarget	29	65370
217.9	0.5	Z	27	65370
218.03666666666666	0.5	nontarget	29	65411
218.03666666666666	0.5	C	4	65411
218.17666666666668	0.5	target	30	65453
218.17666666666668	0.5	U	22	65453
218.31	0.5	nontarget	29	65493
218.31	0.5	T	21	65493
218.44666666666666	0.5	nontarget	29	65534
218.44666666666666	0.5	L	13	65534
218.58333333333334	0.5	nontarget	29	65575
218.58333333333334	0.5	H	9	65575
218.72	0.5	nontarget	29	65616
218.72	0.5	K	12	65616
218.85666666666665	0.5	nontarget	29	65657
218.85666666666665	0.5	J	11	65657
218.99333333333334	0.5	nontarget	29	65698
218.99333333333334	0.5	_	28	65698
219.13	0.5	nontarget	29	65739
219.13	0.5	O	16	65739
219.26666666666668	0.5	nontarget	29	65780
219.26666666666668	0.5	R	19	65780
219.40333333333334	0.5	nontarget	29	65821
219.40333333333334	0.5	V	23	65821
224.21	0.5	nontarget	29	67263
224.21	0.5	H	9	67263
224.34666666666666	0.5	nontarget	29	67304
224.34666666666666	0.5	F	7	67304
224.48333333333332	0.5	nontarget	29	67345
224.48333333333332	0.5	T	21	67345
224.62	0.5	nontarget	29	67386
224.62	0.5	<	1	67386
224.75666666666666	0.5	nontarget	29	67427
224.75666666666666	0.5	W	24	67427
224.89333333333335	0.5	nontarget	29	67468
224.89333333333335	0.5	S	20	67468
225.03	0.5	nontarget	29	67509
225.03	0.5	L	13	67509
225.17	0.5	nontarget	29	67551
225.17	0.5	X	25	67551
225.30333333333334	0.5	nontarget	29	67591
225.30333333333334	0.5	R	19	67591
225.44	0.5	nontarget	29	67632
225.44	0.5	P	17	67632
225.57666666666665	0.5	nontarget	29	67673
225.57666666666665	0.5	Z	27	67673
225.71333333333334	0.5	nontarget	29	67714
225.71333333333334	0.5	C	4	67714
225.85	0.5	nontarget	29	67755
225.85	0.5	J	11	67755
225.98666666666668	0.5	nontarget	29	67796
225.98666666666668	0.5	O	16	67796
226.12666666666667	0.5	nontarget	29	67838
226.12666666666667	0.5	E	6	67838
226.26333333333332	0.5	nontarget	29	67879
226.26333333333332	0.5	V	23	67879
226.4	0.5	target	30	67920
226.4	0.5	U	22	67920
226.53666666666666	0.5	nontarget	29	67961
226.53666666666666	0.5	G	8	67961
226.67333333333335	0.5	nontarget	29	68002
226.67333333333335	0.5	M	14	68002
226.81	0.5	nontarget	29	68043
226.81	0.5	B	3	68043
226.94666666666666	0.5	nontarget	29	68084
226.94666666666666	0.5	I	10	68084
227.08333333333334	0.5	nontarget	29	68125
227.08333333333334	0.5	Y	26	68125
227.21666666666667	0.5	nontarget	29	68165
227.21666666666667	0.5	Q	18	68165
227.35333333333332	0.5	nontarget	29	68206
227.35333333333332	0.5	D	5	68206
227.49	0.5	nontarget	29	68247
227.49	0.5	N	15	68247
227.62666666666667	0.5	nontarget	29	68288
227.62666666666667	0.5	_	28	68288
227.76333333333332	0.5	nontarget	29	68329
227.76333333333332	0.5	K	12	68329
227.9	0.5	nontarget	29	68370
227.9	0.5	A	2	68370
232.70666666666668	0.5	nontarget	29	69812
232.70666666666668	0.5	F	7	69812
232.84333333333333	0.5	nontarget	29	69853
232.84333333333333	0.5	L	13	69853
232.98	0.5	nontarget	29	69894
232.98	0.5	H	9	69894
233.11333333333334	0.5	nontarget	29	69934
233.11333333333334	0.5	B	3	69934
233.25	0.5	nontarget	29	69975
233.25	0.5	V	23	69975
233.38666666666666	0.5	nontarget	29	70016
233.38666666666666	0.5	C	4	70016
233.52	0.5	target	30	70056
233.52	0.5	U	22	70056
233.65666666666667	0.5	nontarget	29	70097
233.65666666666667	0.5	D	5	70097
233.79333333333332	0.5	nontarget	29	70138
233.79333333333332	0.5	R	19	70138
233.93333333333334	0.5	nontarget	29	70180
233.93333333333334	0.5	G	8	70180
234.07	0.5	nontarget	29	70221
234.07	0.5	T	21	70221
234.20666666666668	0.5	nontarget	29	70262
234.20666666666668	0.5	_	28	70262
234.34333333333333	0.5	nontarget	29	70303
234.34333333333333	0.5	J	11	70303
234.47666666666666	0.5	nontarget	29	70343
234.47666666666666	0.5	P	17	70343
234.61333333333334	0.5	nontarget	29	70384
234.61333333333334	0.5	S	20	70384
234.75	0.5	nontarget	29	70425
234.75	0.5	<	1	70425
234.88666666666666	0.5	nontarget	29	70466
234.88666666666666	0.5	A	2	70466
235.02333333333334	0.5	nontarget	29	70507
235.02333333333334	0.5	E	6	70507
235.16	0.5	nontarget	29	70548
235.16	0.5	Y	26	70548
235.29666666666665	0.5	nontarget	29	70589
235.29666666666665	0.5	Z	27	70589
235.43333333333334	0.5	nontarget	29	70630
235.43333333333334	0.5	I	10	70630
235.57	0.5	nontarget	29	70671
235.57	0.5	X	25	70671
235.70666666666668	0.5	nontarget	29	70712
235.70666666666668	0.5	N	15	70712
235.90666666666667	0.5	nontarget	29	70772
235.90666666666667	0.5	O	16	70772
236.04333333333332	0.5	nontarget	29	70813
236.04333333333332	0.5	M	14	70813
236.18	0.5	nontarget	29	70854
236.18	0.5	W	24	70854
236.31666666666666	0.5	nontarget	29	70895
236.31666666666666	0.5	K	12	70895
236.47	0.5	nontarget	29	70941
236.47	0.5	Q	18	70941
241.29	0.5	nontarget	29	72387
241.29	0.5	O	16	72387
241.42666666666668	0.5	nontarget	29	72428
241.42666666666668	0.5	I	10	72428
241.56333333333333	0.5	nontarget	29	72469
241.56333333333333	0.5	G	8	72469
241.7	0.5	nontarget	29	72510
241.7	0.5	S	20	72510
241.83666666666667	0.5	nontarget	29	72551
241.83666666666667	0.5	C	4	72551
241.97333333333333	0.5	nontarget	29	72592
241.97333333333333	0.5	W	24	72592
242.11	0.5	nontarget	29	72633
242.11	0.5	L	13	72633
242.24666666666667	0.5	nontarget	29	72674
242.24666666666667	0.5	B	3	72674
242.38666666666666	0.5	nontarget	29	72716
242.38666666666666	0.5	T	21	72716
242.52	0.5	nontarget	29	72756
242.52	0.5	X	25	72756
242.65666666666667	0.5	nontarget	29	72797
242.65666666666667	0.5	P	17	72797
242.79	0.5	nontarget	29	72837
242.79	0.5	H	9	72837
242.92666666666668	0.5	nontarget	29	72878
242.92666666666668	0.5	Z	27	72878
243.06333333333333	0.5	nontarget	29	72919
243.06333333333333	0.5	Y	26	72919
243.2	0.5	nontarget	29	72960
243.2	0.5	F	7	72960
243.33666666666667	0.5	nontarget	29	73001
243.33666666666667	0.5	Q	18	73001
243.47333333333333	0.5	nontarget	29	73042
243.47333333333333	0.5	<	1	73042
243.61	0.5	nontarget	29	73083
243.61	0.5	R	19	73083
243.74666666666667	0.5	nontarget	29	73124
243.74666666666667	0.5	M	14	73124
243.88	0.5	nontarget	29	73164
243.88	0.5	N	15	73164
244.01666666666668	0.5	nontarget	29	73205
244.01666666666668	0.5	E	6	73205
244.15333333333334	0.5	nontarget	29	73246
244.15333333333334	0.5	J	11	73246
244.29	0.5	target	30	73287
244.29	0.5	U	22	73287
244.42666666666668	0.5	nontarget	29	73328
244.42666666666668	0.5	K	12	73328
244.56333333333333	0.5	nontarget	29	73369
244.56333333333333	0.5	A	2	73369
244.69666666666666	0.5	nontarget	29	73409
244.69666666666666	0.5	_	28	73409
244.83666666666667	0.5	nontarget	29	73451
244.83666666666667	0.5	V	23	73451
244.97	0.5	nontarget	29	73491
244.97	0.5	D	5	73491
249.77666666666667	0.5	nontarget	29	74933
249.77666666666667	0.5	C	4	74933
249.91333333333333	0.5	nontarget	29	74974
249.91333333333333	0.5	E	6	74974
250.04666666666665	0.5	nontarget	29	75014
250.04666666666665	0.5	H	9	75014
250.18333333333334	0.5	nontarget	29	75055
250.18333333333334	0.5	L	13	75055
250.32	0.5	nontarget	29	75096
250.32	0.5	O	16	75096
250.45333333333335	0.5	nontarget	29	75136
250.45333333333335	0.5	D	5	75136
250.59	0.5	nontarget	29	75177
250.59	0.5	T	21	75177
250.72666666666666	0.5	nontarget	29	75218
250.72666666666666	0.5	<	1	75218
250.86333333333334	0.5	nontarget	29	75259
250.86333333333334	0.5	S	20	75259
250.99666666666667	0.5	nontarget	29	75299
250.99666666666667	0.5	F	7	75299
251.13666666666666	0.5	nontarget	29	75341
251.13666666666666	0.5	P	17	75341
251.27333333333334	0.5	nontarget	29	75382
251.27333333333334	0.5	J	11	75382
251.41	0.5	target	30	75423
251.41	0.5	U	22	75423
251.54666666666665	0.5	nontarget	29	75464
251.54666666666665	0.5	R	19	75464
251.68333333333334	0.5	nontarget	29	75505
251.68333333333334	0.5	B	3	75505
251.82	0.5	nontarget	29	75546
251.82	0.5	V	23	75546
251.95333333333335	0.5	nontarget	29	75586
251.95333333333335	0.5	X	25	75586
252.09	0.5	nontarget	29	75627
252.09	0.5	N	15	75627
252.22666666666666	0.5	nontarget	29	75668
252.22666666666666	0.5	W	24	75668
252.36333333333334	0.5	nontarget	29	75709
252.36333333333334	0.5	K	12	75709
252.5	0.5	nontarget	29	75750
252.5	0.5	_	28	75750
252.63666666666666	0.5	nontarget	29	75791
252.63666666666666	0.5	M	14	75791
252.77333333333334	0.5	nontarget	29	75832
252.77333333333334	0.5	G	8	75832
252.91	0.5	nontarget	29	75873
252.91	0.5	I	10	75873
253.04666666666665	0.5	nontarget	29	75914
253.04666666666665	0.5	Y	26	75914
253.18333333333334	0.5	nontarget	29	75955
253.18333333333334	0.5	Q	18	75955
253.31666666666666	0.5	nontarget	29	75995
253.31666666666666	0.5	A	2	75995
253.45333333333335	0.5	nontarget	29	76036
253.45333333333335	0.5	Z	27	76036
258.26	0.5	nontarget	29	77478
258.26	0.5	G	8	77478
258.3933333333333	0.5	nontarget	29	77518
258.3933333333333	0.5	I	10	77518
258.53333333333336	0.5	nontarget	29	77560
258.53333333333336	0.5	K	12	77560
258.67	0.5	nontarget	29	77601
258.67	0.5	R	19	77601
258.8066666666667	0.5	target	30	77642
258.8066666666667	0.5	U	22	77642
258.9433333333333	0.5	nontarget	29	77683
258.9433333333333	0.5	F	7	77683
259.08	0.5	nontarget	29	77724
259.08	0.5	<	1	77724
259.21666666666664	0.5	nontarget	29	77765
259.21666666666664	0.5	M	14	77765
259.35333333333335	0.5	nontarget	29	77806
259.35333333333335	0.5	D	5	77806
259.49	0.5	nontarget	29	77847
259.49	0.5	J	11	77847
259.62666666666667	0.5	nontarget	29	77888
259.62666666666667	0.5	S	20	77888
259.76	0.5	nontarget	29	77928
259.76	0.5	A	2	77928
259.89666666666665	0.5	nontarget	29	77969
259.89666666666665	0.5	O	16	77969
260.03333333333336	0.5	nontarget	29	78010
260.03333333333336	0.5	_	28	78010
260.17333333333335	0.5	nontarget	29	78052
260.17333333333335	0.5	E	6	78052
260.3066666666667	0.5	nontarget	29	78092
260.3066666666667	0.5	H	9	78092
260.4433333333333	0.5	nontarget	29	78133
260.4433333333333	0.5	X	25	78133
260.58	0.5	nontarget	29	78174
260.58	0.5	Y	26	78174
260.7133333333333	0.5	nontarget	29	78214
260.7133333333333	0.5	C	4	78214
260.85	0.5	nontarget	29	78255
260.85	0.5	V	23	78255
260.9866666666667	0.5	nontarget	29	78296
260.9866666666667	0.5	B	3	78296
261.12333333333333	0.5	nontarget	29	78337
261.12333333333333	0.5	Z	27	78337
261.26	0.5	nontarget	29	78378
261.26	0.5	W	24	78378
261.4	0.5	nontarget	29	78420
261.4	0.5	N	15	78420
261.5366666666667	0.5	nontarget	29	78461
261.5366666666667	0.5	L	13	78461
261.67333333333335	0.5	nontarget	29	78502
261.67333333333335	0.5	P	17	78502
261.8066666666667	0.5	nontarget	29	78542
261.8066666666667	0.5	T	21	78542
261.9433333333333	0.5	nontarget	29	78583
261.9433333333333	0.5	Q	18	78583
268.75666666666666	0.5	nontarget	29	80627
268.75666666666666	0.5	O	16	80627
268.8933333333333	0.5	nontarget	29	80668
268.8933333333333	0.5	U	22	80668
269.03	0.5	nontarget	29	80709
269.03	0.5	N	15	80709
269.1666666666667	0.5	nontarget	29	80750
269.1666666666667	0.5	J	11	80750
269.3066666666667	0.5	nontarget	29	80792
269.3066666666667	0.5	X	25	80792
269.4433333333333	0.5	nontarget	29	80833
269.4433333333333	0.5	W	24	80833
269.57666666666665	0.5	nontarget	29	80873
269.57666666666665	0.5	H	9	80873
269.7133333333333	0.5	target	30	80914
269.7133333333333	0.5	<	1	80914
269.85	0.5	nontarget	29	80955
269.85	0.5	_	28	80955
269.9866666666667	0.5	nontarget	29	80996
269.9866666666667	0.5	S	20	80996
270.12333333333333	0.5	nontarget	29	81037
270.12333333333333	0.5	V	23	81037
270.26	0.5	nontarget	29	81078
270.26	0.5	Q	18	81078
270.39666666666665	0.5	nontarget	29	81119
270.39666666666665	0.5	M	14	81119
270.53333333333336	0.5	nontarget	29	81160
270.53333333333336	0.5	D	5	81160
270.6666666666667	0.5	nontarget	29	81200
270.6666666666667	0.5	L	13	81200
270.80333333333334	0.5	nontarget	29	81241
270.80333333333334	0.5	K	12	81241
270.94	0.5	nontarget	29	81282
270.94	0.5	G	8	81282
271.07666666666665	0.5	nontarget	29	81323
271.07666666666665	0.5	A	2	81323
271.2133333333333	0.5	nontarget	29	81364
271.2133333333333	0.5	P	17	81364
271.35	0.5	nontarget	29	81405
271.35	0.5	E	6	81405
271.48333333333335	0.5	nontarget	29	81445
271.48333333333335	0.5	Z	27	81445
271.62	0.5	nontarget	29	81486
271.62	0.5	R	19	81486
271.75666666666666	0.5	nontarget	29	81527
271.75666666666666	0.5	B	3	81527
271.8933333333333	0.5	nontarget	29	81568
271.8933333333333	0.5	T	21	81568
272.03	0.5	nontarget	29	81609
272.03	0.5	C	4	81609
272.17	0.5	nontarget	29	81651
272.17	0.5	I	10	81651
272.3066666666667	0.5	nontarget	29	81692
272.3066666666667	0.5	F	7	81692
272.44	0.5	nontarget	29	81732
272.44	0.5	Y	26	81732
277.24666666666667	0.5	nontarget	29	83174
277.24666666666667	0.5	J	11	83174
277.3833333333333	0.5	nontarget	29	83215
277.3833333333333	0.5	T	21	83215
277.52	0.5	nontarget	29	83256
277.52	0.5	Z	27	83256
277.6566666666667	0.5	nontarget	29	83297
277.6566666666667	0.5	A	2	83297
277.79333333333335	0.5	nontarget	29	83338
277.79333333333335	0.5	Q	18	83338
277.9266666666667	0.5	nontarget	29	83378
277.9266666666667	0.5	F	7	83378
278.06666666666666	0.5	nontarget	29	83420
278.06666666666666	0.5	B	3	83420
278.2033333333333	0.5	nontarget	29	83461
278.2033333333333	0.5	R	19	83461
278.34	0.5	nontarget	29	83502
278.34	0.5	G	8	83502
278.4766666666667	0.5	nontarget	29	83543
278.4766666666667	0.5	H	9	83543
278.61333333333334	0.5	nontarget	29	83584
278.61333333333334	0.5	P	17	83584
278.75	0.5	nontarget	29	83625
278.75	0.5	O	16	83625
278.88666666666666	0.5	nontarget	29	83666
278.88666666666666	0.5	S	20	83666
279.0233333333333	0.5	nontarget	29	83707
279.0233333333333	0.5	L	13	83707
279.16333333333336	0.5	nontarget	29	83749
279.16333333333336	0.5	Y	26	83749
279.3	0.5	nontarget	29	83790
279.3	0.5	I	10	83790
279.43666666666667	0.5	nontarget	29	83831
279.43666666666667	0.5	C	4	83831
279.57	0.5	nontarget	29	83871
279.57	0.5	V	23	83871
279.70666666666665	0.5	nontarget	29	83912
279.70666666666665	0.5	X	25	83912
279.8433333333333	0.5	nontarget	29	83953
279.8433333333333	0.5	_	28	83953
279.98	0.5	nontarget	29	83994
279.98	0.5	W	24	83994
280.1166666666667	0.5	nontarget	29	84035
280.1166666666667	0.5	K	12	84035
280.25333333333333	0.5	target	30	84076
280.25333333333333	0.5	<	1	84076
280.39	0.5	nontarget	29	84117
280.39	0.5	D	5	84117
280.52666666666664	0.5	nontarget	29	84158
280.52666666666664	0.5	U	22	84158
280.66333333333336	0.5	nontarget	29	84199
280.66333333333336	0.5	N	15	84199
280.8	0.5	nontarget	29	84240
280.8	0.5	E	6	84240
280.93333333333334	0.5	nontarget	29	84280
280.93333333333334	0.5	M	14	84280
285.74333333333334	0.5	nontarget	29	85723
285.74333333333334	0.5	D	5	85723
285.88	0.5	nontarget	29	85764
285.88	0.5	L	13	85764
286.01666666666665	0.5	nontarget	29	85805
286.01666666666665	0.5	F	7	85805
286.1533333333333	0.5	nontarget	29	85846
286.1533333333333	0.5	P	17	85846
286.29	0.5	nontarget	29	85887
286.29	0.5	K	12	85887
286.4266666666667	0.5	nontarget	29	85928
286.4266666666667	0.5	C	4	85928
286.56333333333333	0.5	nontarget	29	85969
286.56333333333333	0.5	R	19	85969
286.7	0.5	nontarget	29	86010
286.7	0.5	J	11	86010
286.83666666666664	0.5	nontarget	29	86051
286.83666666666664	0.5	I	10	86051
286.97	0.5	nontarget	29	86091
286.97	0.5	B	3	86091
287.1066666666667	0.5	target	30	86132
287.1066666666667	0.5	<	1	86132
287.24666666666667	0.5	nontarget	29	86174
287.24666666666667	0.5	Z	27	86174
287.3833333333333	0.5	nontarget	29	86215
287.3833333333333	0.5	M	14	86215
287.51666666666665	0.5	nontarget	29	86255
287.51666666666665	0.5	N	15	86255
287.6533333333333	0.5	nontarget	29	86296
287.6533333333333	0.5	H	9	86296
287.79	0.5	nontarget	29	86337
287.79	0.5	T	21	86337
287.9266666666667	0.5	nontarget	29	86378
287.9266666666667	0.5	Q	18	86378
288.06333333333333	0.5	nontarget	29	86419
288.06333333333333	0.5	U	22	86419
288.2	0.5	nontarget	29	86460
288.2	0.5	Y	26	86460
288.33666666666664	0.5	nontarget	29	86501
288.33666666666664	0.5	S	20	86501
288.47333333333336	0.5	nontarget	29	86542
288.47333333333336	0.5	O	16	86542
288.61	0.5	nontarget	29	86583
288.61	0.5	X	25	86583
288.74666666666667	0.5	nontarget	29	86624
288.74666666666667	0.5	_	28	86624
288.8833333333333	0.5	nontarget	29	86665
288.8833333333333	0.5	A	2	86665
289.01666666666665	0.5	nontarget	29	86705
289.01666666666665	0.5	E	6	86705
289.1533333333333	0.5	nontarget	29	86746
289.1533333333333	0.5	G	8	86746
289.29	0.5	nontarget	29	86787
289.29	0.5	V	23	86787
289.4266666666667	0.5	nontarget	29	86828
289.4266666666667	0.5	W	24	86828
294.23333333333335	0.5	nontarget	29	88270
294.23333333333335	0.5	G	8	88270
294.37	0.5	nontarget	29	88311
294.37	0.5	M	14	88311
294.50666666666666	0.5	nontarget	29	88352
294.50666666666666	0.5	Q	18	88352
294.6433333333333	0.5	nontarget	29	88393
294.6433333333333	0.5	Y	26	88393
294.78	0.5	nontarget	29	88434
294.78	0.5	H	9	88434
294.9166666666667	0.5	nontarget	29	88475
294.9166666666667	0.5	A	2	88475
295.05333333333334	0.5	nontarget	29	88516
295.05333333333334	0.5	J	11	88516
295.19	0.5	nontarget	29	88557
295.19	0.5	I	10	88557
295.32666666666665	0.5	nontarget	29	88598
295.32666666666665	0.5	C	4	88598
295.4633333333333	0.5	nontarget	29	88639
295.4633333333333	0.5	T	21	88639
295.60333333333335	0.5	nontarget	29	88681
295.60333333333335	0.5	B	3	88681
295.74	0.5	nontarget	29	88722
295.74	0.5	U	22	88722
295.87333333333333	0.5	target	30	88762
295.87333333333333	0.5	<	1	88762
296.01	0.5	nontarget	29	88803
296.01	0.5	K	12	88803
296.14666666666665	0.5	nontarget	29	88844
296.14666666666665	0.5	_	28	88844
296.28333333333336	0.5	nontarget	29	88885
296.28333333333336	0.5	N	15	88885
296.42	0.5	nontarget	29	88926
296.42	0.5	R	19	88926
296.5566666666667	0.5	nontarget	29	88967
296.5566666666667	0.5	L	13	88967
296.69666666666666	0.5	nontarget	29	89009
296.69666666666666	0.5	D	5	89009
296.8333333333333	0.5	nontarget	29	89050
296.8333333333333	0.5	W	24	89050
296.96666666666664	0.5	nontarget	29	89090
296.96666666666664	0.5	X	25	89090
297.1066666666667	0.5	nontarget	29	89132
297.1066666666667	0.5	S	20	89132
297.24333333333334	0.5	nontarget	29	89173
297.24333333333334	0.5	P	17	89173
297.38	0.5	nontarget	29	89214
297.38	0.5	F	7	89214
297.52	0.5	nontarget	29	89256
297.52	0.5	E	6	89256
297.6566666666667	0.5	nontarget	29	89297
297.6566666666667	0.5	Z	27	89297
297.79333333333335	0.5	nontarget	29	89338
297.79333333333335	0.5	V	23	89338
297.9266666666667	0.5	nontarget	29	89378
297.9266666666667	0.5	O	16	89378
302.7366666666667	0.5	nontarget	29	90821
302.7366666666667	0.5	X	25	90821
302.87333333333333	0.5	nontarget	29	90862
302.87333333333333	0.5	I	10	90862
303.01	0.5	target	30	90903
303.01	0.5	<	1	90903
303.14666666666665	0.5	nontarget	29	90944
303.14666666666665	0.5	U	22	90944
303.28333333333336	0.5	nontarget	29	90985
303.28333333333336	0.5	P	17	90985
303.42333333333335	0.5	nontarget	29	91027
303.42333333333335	0.5	O	16	91027
303.56	0.5	nontarget	29	91068
303.56	0.5	Z	27	91068
303.6933333333333	0.5	nontarget	29	91108
303.6933333333333	0.5	K	12	91108
303.8333333333333	0.5	nontarget	29	91150
303.8333333333333	0.5	_	28	91150
303.96666666666664	0.5	nontarget	29	91190
303.96666666666664	0.5	R	19	91190
304.10333333333335	0.5	nontarget	29	91231
304.10333333333335	0.5	Y	26	91231
304.24666666666667	0.5	nontarget	29	91274
304.24666666666667	0.5	D	5	91274
304.38	0.5	nontarget	29	91314
304.38	0.5	J	11	91314
304.52	0.5	nontarget	29	91356
304.52	0.5	S	20	91356
304.6566666666667	0.5	nontarget	29	91397
304.6566666666667	0.5	N	15	91397
304.7966666666667	0.5	nontarget	29	91439
304.7966666666667	0.5	F	7	91439
304.93	0.5	nontarget	29	91479
304.93	0.5	L	13	91479
305.06666666666666	0.5	nontarget	29	91520
305.06666666666666	0.5	G	8	91520
305.2033333333333	0.5	nontarget	29	91561
305.2033333333333	0.5	C	4	91561
305.34	0.5	nontarget	29	91602
305.34	0.5	M	14	91602
305.47333333333336	0.5	nontarget	29	91642
305.47333333333336	0.5	W	24	91642
305.61	0.5	nontarget	29	91683
305.61	0.5	H	9	91683
305.75	0.5	nontarget	29	91725
305.75	0.5	E	6	91725
305.88666666666666	0.5	nontarget	29	91766
305.88666666666666	0.5	T	21	91766
306.0233333333333	0.5	nontarget	29	91807
306.0233333333333	0.5	Q	18	91807
306.16	0.5	nontarget	29	91848
306.16	0.5	B	3	91848
306.2966666666667	0.5	nontarget	29	91889
306.2966666666667	0.5	V	23	91889
306.43666666666667	0.5	nontarget	29	91931
306.43666666666667	0.5	A	2	91931
311.3066666666667	0.5	nontarget	29	93392
311.3066666666667	0.5	E	6	93392
311.4433333333333	0.5	nontarget	29	93433
311.4433333333333	0.5	U	22	93433
311.58	0.5	target	30	93474
311.58	0.5	<	1	93474
311.71666666666664	0.5	nontarget	29	93515
311.71666666666664	0.5	W	24	93515
311.85333333333335	0.5	nontarget	29	93556
311.85333333333335	0.5	I	10	93556
311.99	0.5	nontarget	29	93597
311.99	0.5	G	8	93597
312.12666666666667	0.5	nontarget	29	93638
312.12666666666667	0.5	Y	26	93638
312.2633333333333	0.5	nontarget	29	93679
312.2633333333333	0.5	O	16	93679
312.4	0.5	nontarget	29	93720
312.4	0.5	M	14	93720
312.5366666666667	0.5	nontarget	29	93761
312.5366666666667	0.5	P	17	93761
312.67333333333335	0.5	nontarget	29	93802
312.67333333333335	0.5	L	13	93802
312.81	0.5	nontarget	29	93843
312.81	0.5	D	5	93843
312.94666666666666	0.5	nontarget	29	93884
312.94666666666666	0.5	C	4	93884
313.0833333333333	0.5	nontarget	29	93925
313.0833333333333	0.5	A	2	93925
313.22	0.5	nontarget	29	93966
313.22	0.5	T	21	93966
313.3566666666667	0.5	nontarget	29	94007
313.3566666666667	0.5	F	7	94007
313.49333333333334	0.5	nontarget	29	94048
313.49333333333334	0.5	X	25	94048
313.63	0.5	nontarget	29	94089
313.63	0.5	B	3	94089
313.76666666666665	0.5	nontarget	29	94130
313.76666666666665	0.5	V	23	94130
313.9033333333333	0.5	nontarget	29	94171
313.9033333333333	0.5	Q	18	94171
314.04	0.5	nontarget	29	94212
314.04	0.5	J	11	94212
314.1766666666667	0.5	nontarget	29	94253
314.1766666666667	0.5	_	28	94253
314.31333333333333	0.5	nontarget	29	94294
314.31333333333333	0.5	K	12	94294
314.45	0.5	nontarget	29	94335
314.45	0.5	S	20	94335
314.58666666666664	0.5	nontarget	29	94376
314.58666666666664	0.5	Z	27	94376
314.72333333333336	0.5	nontarget	29	94417
314.72333333333336	0.5	H	9	94417
314.86	0.5	nontarget	29	94458
314.86	0.5	R	19	94458
314.99666666666667	0.5	nontarget	29	94499
314.99666666666667	0.5	N	15	94499
319.80333333333334	0.5	nontarget	29	95941
319.80333333333334	0.5	C	4	95941
319.94	0.5	nontarget	29	95982
319.94	0.5	N	15	95982
320.07666666666665	0.5	nontarget	29	96023
320.07666666666665	0.5	R	19	96023
320.2133333333333	0.5	nontarget	29	96064
320.2133333333333	0.5	D	5	96064
320.35	0.5	nontarget	29	96105
320.35	0.5	V	23	96105
320.4866666666667	0.5	nontarget	29	96146
320.4866666666667	0.5	Z	27	96146
320.62333333333333	0.5	nontarget	29	96187
320.62333333333333	0.5	S	20	96187
320.76	0.5	nontarget	29	96228
320.76	0.5	T	21	96228
320.89666666666665	0.5	nontarget	29	96269
320.89666666666665	0.5	E	6	96269
321.03333333333336	0.5	nontarget	29	96310
321.03333333333336	0.5	X	25	96310
321.17	0.5	nontarget	29	96351
321.17	0.5	F	7	96351
321.31	0.5	nontarget	29	96393
321.31	0.5	Q	18	96393
321.44666666666666	0.5	nontarget	29	96434
321.44666666666666	0.5	W	24	96434
321.5833333333333	0.5	nontarget	29	96475
321.5833333333333	0.5	K	12	96475
321.72	0.5	nontarget	29	96516
321.72	0.5	H	9	96516
321.8566666666667	0.5	nontarget	29	96557
321.8566666666667	0.5	Y	26	96557
321.99333333333334	0.5	nontarget	29	96598
321.99333333333334	0.5	A	2	96598
322.13	0.5	nontarget	29	96639
322.13	0.5	J	11	96639
322.26666666666665	0.5	nontarget	29	96680
322.26666666666665	0.5	M	14	96680
322.4066666666667	0.5	nontarget	29	96722
322.4066666666667	0.5	_	28	96722
322.54	0.5	nontarget	29	96762
322.54	0.5	U	22	96762
322.6766666666667	0.5	nontarget	29	96803
322.6766666666667	0.5	B	3	96803
322.81333333333333	0.5	nontarget	29	96844
322.81333333333333	0.5	P	17	96844
322.95	0.5	nontarget	29	96885
322.95	0.5	G	8	96885
323.08666666666664	0.5	target	30	96926
323.08666666666664	0.5	<	1	96926
323.22333333333336	0.5	nontarget	29	96967
323.22333333333336	0.5	I	10	96967
323.36	0.5	nontarget	29	97008
323.36	0.5	O	16	97008
323.49666666666667	0.5	nontarget	29	97049
323.49666666666667	0.5	L	13	97049
328.3066666666667	0.5	nontarget	29	98492
328.3066666666667	0.5	R	19	98492
328.44666666666666	0.5	nontarget	29	98534
328.44666666666666	0.5	M	14	98534
328.5833333333333	0.5	nontarget	29	98575
328.5833333333333	0.5	P	17	98575
328.72	0.5	nontarget	29	98616
328.72	0.5	I	10	98616
328.8566666666667	0.5	nontarget	29	98657
328.8566666666667	0.5	U	22	98657
328.99333333333334	0.5	nontarget	29	98698
328.99333333333334	0.5	J	11	98698
329.12666666666667	0.5	nontarget	29	98738
329.12666666666667	0.5	S	20	98738
329.26666666666665	0.5	target	30	98780
329.26666666666665	0.5	<	1	98780
329.4033333333333	0.5	nontarget	29	98821
329.4033333333333	0.5	E	6	98821
329.54333333333335	0.5	nontarget	29	98863
329.54333333333335	0.5	L	13	98863
329.6766666666667	0.5	nontarget	29	98903
329.6766666666667	0.5	G	8	98903
329.81333333333333	0.5	nontarget	29	98944
329.81333333333333	0.5	W	24	98944
329.95	0.5	nontarget	29	98985
329.95	0.5	X	25	98985
330.08666666666664	0.5	nontarget	29	99026
330.08666666666664	0.5	Y	26	99026
330.22333333333336	0.5	nontarget	29	99067
330.22333333333336	0.5	Q	18	99067
330.36	0.5	nontarget	29	99108
330.36	0.5	T	21	99108
330.49666666666667	0.5	nontarget	29	99149
330.49666666666667	0.5	N	15	99149
330.63666666666666	0.5	nontarget	29	99191
330.63666666666666	0.5	B	3	99191
330.7733333333333	0.5	nontarget	29	99232
330.7733333333333	0.5	C	4	99232
330.9066666666667	0.5	nontarget	29	99272
330.9066666666667	0.5	_	28	99272
331.04333333333335	0.5	nontarget	29	99313
331.04333333333335	0.5	K	12	99313
331.18	0.5	nontarget	29	99354
331.18	0.5	O	16	99354
331.31666666666666	0.5	nontarget	29	99395
331.31666666666666	0.5	H	9	99395
331.4533333333333	0.5	nontarget	29	99436
331.4533333333333	0.5	V	23	99436
331.59	0.5	nontarget	29	99477
331.59	0.5	D	5	99477
331.7266666666667	0.5	nontarget	29	99518
331.7266666666667	0.5	Z	27	99518
331.86333333333334	0.5	nontarget	29	99559
331.86333333333334	0.5	A	2	99559
332.0	0.5	nontarget	29	99600
332.0	0.5	F	7	99600
338.81333333333333	0.5	nontarget	29	101644
338.81333333333333	0.5	N	15	101644
338.95	0.5	nontarget	29	101685
338.95	0.5	J	11	101685
339.08666666666664	0.5	nontarget	29	101726
339.08666666666664	0.5	Q	18	101726
339.22333333333336	0.5	nontarget	29	101767
339.22333333333336	0.5	G	8	101767
339.36	0.5	nontarget	29	101808
339.36	0.5	D	5	101808
339.49666666666667	0.5	nontarget	29	101849
339.49666666666667	0.5	E	6	101849
339.6333333333333	0.5	nontarget	29	101890
339.6333333333333	0.5	O	16	101890
339.77	0.5	nontarget	29	101931
339.77	0.5	_	28	101931
339.9033333333333	0.5	nontarget	29	101971
339.9033333333333	0.5	K	12	101971
340.04333333333335	0.5	nontarget	29	102013
340.04333333333335	0.5	B	3	102013
340.18	0.5	nontarget	29	102054
340.18	0.5	P	17	102054
340.31666666666666	0.5	nontarget	29	102095
340.31666666666666	0.5	F	7	102095
340.4533333333333	0.5	target	30	102136
340.4533333333333	0.5	<	1	102136
340.58666666666664	0.5	nontarget	29	102176
340.58666666666664	0.5	L	13	102176
340.72333333333336	0.5	nontarget	29	102217
340.72333333333336	0.5	Y	26	102217
340.86	0.5	nontarget	29	102258
340.86	0.5	X	25	102258
340.99666666666667	0.5	nontarget	29	102299
340.99666666666667	0.5	W	24	102299
341.1333333333333	0.5	nontarget	29	102340
341.1333333333333	0.5	U	22	102340
341.27	0.5	nontarget	29	102381
341.27	0.5	M	14	102381
341.41	0.5	nontarget	29	102423
341.41	0.5	T	21	102423
341.5466666666667	0.5	nontarget	29	102464
341.5466666666667	0.5	I	10	102464
341.68333333333334	0.5	nontarget	29	102505
341.68333333333334	0.5	V	23	102505
341.81666666666666	0.5	nontarget	29	102545
341.81666666666666	0.5	H	9	102545
341.9533333333333	0.5	nontarget	29	102586
341.9533333333333	0.5	Z	27	102586
342.09	0.5	nontarget	29	102627
342.09	0.5	R	19	102627
342.2266666666667	0.5	nontarget	29	102668
342.2266666666667	0.5	S	20	102668
342.36333333333334	0.5	nontarget	29	102709
342.36333333333334	0.5	C	4	102709
342.5	0.5	nontarget	29	102750
342.5	0.5	A	2	102750
347.3066666666667	0.5	nontarget	29	104192
347.3066666666667	0.5	C	4	104192
347.4433333333333	0.5	nontarget	29	104233
347.4433333333333	0.5	H	9	104233
347.58	0.5	nontarget	29	104274
347.58	0.5	T	21	104274
347.71666666666664	0.5	nontarget	29	104315
347.71666666666664	0.5	J	11	104315
347.85333333333335	0.5	nontarget	29	104356
347.85333333333335	0.5	Q	18	104356
347.99	0.5	nontarget	29	104397
347.99	0.5	B	3	104397
348.12666666666667	0.5	nontarget	29	104438
348.12666666666667	0.5	R	19	104438
348.2633333333333	0.5	nontarget	29	104479
348.2633333333333	0.5	P	17	104479
348.4	0.5	nontarget	29	104520
348.4	0.5	U	22	104520
348.5366666666667	0.5	nontarget	29	104561
348.5366666666667	0.5	K	12	104561
348.67333333333335	0.5	nontarget	29	104602
348.67333333333335	0.5	D	5	104602
348.81	0.5	target	30	104643
348.81	0.5	<	1	104643
348.9433333333333	0.5	nontarget	29	104683
348.9433333333333	0.5	S	20	104683
349.08	0.5	nontarget	29	104724
349.08	0.5	E	6	104724
349.21666666666664	0.5	nontarget	29	104765
349.21666666666664	0.5	O	16	104765
349.35333333333335	0.5	nontarget	29	104806
349.35333333333335	0.5	M	14	104806
349.49	0.5	nontarget	29	104847
349.49	0.5	Y	26	104847
349.62333333333333	0.5	nontarget	29	104887
349.62333333333333	0.5	I	10	104887
349.7633333333333	0.5	nontarget	29	104929
349.7633333333333	0.5	G	8	104929
349.89666666666665	0.5	nontarget	29	104969
349.89666666666665	0.5	X	25	104969
350.0366666666667	0.5	nontarget	29	105011
350.0366666666667	0.5	Z	27	105011
350.17333333333335	0.5	nontarget	29	105052
350.17333333333335	0.5	N	15	105052
350.31	0.5	nontarget	29	105093
350.31	0.5	A	2	105093
350.44666666666666	0.5	nontarget	29	105134
350.44666666666666	0.5	W	24	105134
350.5833333333333	0.5	nontarget	29	105175
350.5833333333333	0.5	_	28	105175
350.72	0.5	nontarget	29	105216
350.72	0.5	F	7	105216
350.8566666666667	0.5	nontarget	29	105257
350.8566666666667	0.5	V	23	105257
350.99333333333334	0.5	nontarget	29	105298
350.99333333333334	0.5	L	13	105298
355.80333333333334	0.5	nontarget	29	106741
355.80333333333334	0.5	T	21	106741
355.94	0.5	target	30	106782
355.94	0.5	<	1	106782
356.07666666666665	0.5	nontarget	29	106823
356.07666666666665	0.5	C	4	106823
356.2133333333333	0.5	nontarget	29	106864
356.2133333333333	0.5	R	19	106864
356.35	0.5	nontarget	29	106905
356.35	0.5	S	20	106905
356.4866666666667	0.5	nontarget	29	106946
356.4866666666667	0.5	Z	27	106946
356.62333333333333	0.5	nontarget	29	106987
356.62333333333333	0.5	J	11	106987
356.76	0.5	nontarget	29	107028
356.76	0.5	K	12	107028
356.8933333333333	0.5	nontarget	29	107068
356.8933333333333	0.5	W	24	107068
357.03	0.5	nontarget	29	107109
357.03	0.5	E	6	107109
357.1666666666667	0.5	nontarget	29	107150
357.1666666666667	0.5	I	10	107150
357.30333333333334	0.5	nontarget	29	107191
357.30333333333334	0.5	D	5	107191
357.4433333333333	0.5	nontarget	29	107233
357.4433333333333	0.5	V	23	107233
357.57666666666665	0.5	nontarget	29	107273
357.57666666666665	0.5	G	8	107273
357.7133333333333	0.5	nontarget	29	107314
357.7133333333333	0.5	N	15	107314
357.85	0.5	nontarget	29	107355
357.85	0.5	U	22	107355
357.9866666666667	0.5	nontarget	29	107396
357.9866666666667	0.5	_	28	107396
358.12333333333333	0.5	nontarget	29	107437
358.12333333333333	0.5	F	7	107437
358.26	0.5	nontarget	29	107478
358.26	0.5	X	25	107478
358.3933333333333	0.5	nontarget	29	107518
358.3933333333333	0.5	Y	26	107518
358.53	0.5	nontarget	29	107559
358.53	0.5	A	2	107559
358.6666666666667	0.5	nontarget	29	107600
358.6666666666667	0.5	O	16	107600
358.80333333333334	0.5	nontarget	29	107641
358.80333333333334	0.5	P	17	107641
358.94	0.5	nontarget	29	107682
358.94	0.5	M	14	107682
359.07666666666665	0.5	nontarget	29	107723
359.07666666666665	0.5	B	3	107723
359.21	0.5	nontarget	29	107763
359.21	0.5	L	13	107763
359.35	0.5	nontarget	29	107805
359.35	0.5	H	9	107805
359.4866666666667	0.5	nontarget	29	107846
359.4866666666667	0.5	Q	18	107846
364.2966666666667	0.5	nontarget	29	109289
364.2966666666667	0.5	C	4	109289
364.43333333333334	0.5	nontarget	29	109330
364.43333333333334	0.5	Q	18	109330
364.5733333333333	0.5	nontarget	29	109372
364.5733333333333	0.5	I	10	109372
364.71	0.5	nontarget	29	109413
364.71	0.5	T	21	109413
364.8466666666667	0.5	nontarget	29	109454
364.8466666666667	0.5	V	23	109454
364.98333333333335	0.5	nontarget	29	109495
364.98333333333335	0.5	N	15	109495
365.12	0.5	nontarget	29	109536
365.12	0.5	P	17	109536
365.25666666666666	0.5	nontarget	29	109577
365.25666666666666	0.5	S	20	109577
365.39	0.5	nontarget	29	109617
365.39	0.5	X	25	109617
365.53	0.5	nontarget	29	109659
365.53	0.5	M	14	109659
365.6666666666667	0.5	nontarget	29	109700
365.6666666666667	0.5	F	7	109700
365.80333333333334	0.5	nontarget	29	109741
365.80333333333334	0.5	L	13	109741
365.94	0.5	nontarget	29	109782
365.94	0.5	O	16	109782
366.07666666666665	0.5	nontarget	29	109823
366.07666666666665	0.5	G	8	109823
366.2133333333333	0.5	nontarget	29	109864
366.2133333333333	0.5	_	28	109864
366.35	0.5	nontarget	29	109905
366.35	0.5	A	2	109905
366.4866666666667	0.5	nontarget	29	109946
366.4866666666667	0.5	D	5	109946
366.62333333333333	0.5	nontarget	29	109987
366.62333333333333	0.5	R	19	109987
366.76	0.5	nontarget	29	110028
366.76	0.5	H	9	110028
366.89666666666665	0.5	nontarget	29	110069
366.89666666666665	0.5	J	11	110069
367.03333333333336	0.5	nontarget	29	110110
367.03333333333336	0.5	K	12	110110
367.17	0.5	nontarget	29	110151
367.17	0.5	B	3	110151
367.30333333333334	0.5	nontarget	29	110191
367.30333333333334	0.5	U	22	110191
367.4433333333333	0.5	nontarget	29	110233
367.4433333333333	0.5	Y	26	110233
367.58	0.5	nontarget	29	110274
367.58	0.5	W	24	110274
367.71666666666664	0.5	nontarget	29	110315
367.71666666666664	0.5	Z	27	110315
367.85	0.5	nontarget	29	110355
367.85	0.5	E	6	110355
367.99	0.5	target	30	110397
367.99	0.5	<	1	110397
374.82	0.5	nontarget	29	112446
374.82	0.5	E	6	112446
374.95666666666665	0.5	nontarget	29	112487
374.95666666666665	0.5	C	4	112487
375.0933333333333	0.5	nontarget	29	112528
375.0933333333333	0.5	P	17	112528
375.2266666666667	0.5	nontarget	29	112568
375.2266666666667	0.5	Z	27	112568
375.36333333333334	0.5	nontarget	29	112609
375.36333333333334	0.5	L	13	112609
375.5	0.5	nontarget	29	112650
375.5	0.5	N	15	112650
375.63666666666666	0.5	nontarget	29	112691
375.63666666666666	0.5	G	8	112691
375.7733333333333	0.5	nontarget	29	112732
375.7733333333333	0.5	B	3	112732
375.91	0.5	nontarget	29	112773
375.91	0.5	V	23	112773
376.0466666666667	0.5	nontarget	29	112814
376.0466666666667	0.5	R	19	112814
376.18333333333334	0.5	nontarget	29	112855
376.18333333333334	0.5	O	16	112855
376.3233333333333	0.5	nontarget	29	112897
376.3233333333333	0.5	U	22	112897
376.46	0.5	nontarget	29	112938
376.46	0.5	M	14	112938
376.5966666666667	0.5	nontarget	29	112979
376.5966666666667	0.5	T	21	112979
376.7366666666667	0.5	nontarget	29	113021
376.7366666666667	0.5	X	25	113021
376.87333333333333	0.5	nontarget	29	113062
376.87333333333333	0.5	D	5	113062
377.01	0.5	target	30	113103
377.01	0.5	<	1	113103
377.14666666666665	0.5	nontarget	29	113144
377.14666666666665	0.5	A	2	113144
377.28333333333336	0.5	nontarget	29	113185
377.28333333333336	0.5	S	20	113185
377.42	0.5	nontarget	29	113226
377.42	0.5	W	24	113226
377.5566666666667	0.5	nontarget	29	113267
377.5566666666667	0.5	K	12	113267
377.6933333333333	0.5	nontarget	29	113308
377.6933333333333	0.5	_	28	113308
377.83	0.5	nontarget	29	113349
377.83	0.5	I	10	113349
377.96666666666664	0.5	nontarget	29	113390
377.96666666666664	0.5	H	9	113390
378.10333333333335	0.5	nontarget	29	113431
378.10333333333335	0.5	F	7	113431
378.2366666666667	0.5	nontarget	29	113471
378.2366666666667	0.5	J	11	113471
378.37333333333333	0.5	nontarget	29	113512
378.37333333333333	0.5	Q	18	113512
378.51	0.5	nontarget	29	113553
378.51	0.5	Y	26	113553
383.3233333333333	0.5	nontarget	29	114997
383.3233333333333	0.5	U	22	114997
383.46	0.5	nontarget	29	115038
383.46	0.5	O	16	115038
383.5966666666667	0.5	nontarget	29	115079
383.5966666666667	0.5	Q	18	115079
383.73333333333335	0.5	nontarget	29	115120
383.73333333333335	0.5	R	19	115120
383.8666666666667	0.5	nontarget	29	115160
383.8666666666667	0.5	N	15	115160
384.00333333333333	0.5	nontarget	29	115201
384.00333333333333	0.5	H	9	115201
384.1433333333333	0.5	nontarget	29	115243
384.1433333333333	0.5	_	28	115243
384.35	0.5	nontarget	29	115305
384.35	0.5	T	21	115305
384.4866666666667	0.5	nontarget	29	115346
384.4866666666667	0.5	G	8	115346
384.62666666666667	0.5	nontarget	29	115388
384.62666666666667	0.5	S	20	115388
384.76	0.5	nontarget	29	115428
384.76	0.5	M	14	115428
384.89666666666665	0.5	target	30	115469
384.89666666666665	0.5	<	1	115469
385.03333333333336	0.5	nontarget	29	115510
385.03333333333336	0.5	K	12	115510
385.17	0.5	nontarget	29	115551
385.17	0.5	W	24	115551
385.3066666666667	0.5	nontarget	29	115592
385.3066666666667	0.5	Y	26	115592
385.4433333333333	0.5	nontarget	29	115633
385.4433333333333	0.5	C	4	115633
385.58	0.5	nontarget	29	115674
385.58	0.5	F	7	115674
385.7133333333333	0.5	nontarget	29	115714
385.7133333333333	0.5	P	17	115714
385.85333333333335	0.5	nontarget	29	115756
385.85333333333335	0.5	E	6	115756
385.99	0.5	nontarget	29	115797
385.99	0.5	A	2	115797
386.12666666666667	0.5	nontarget	29	115838
386.12666666666667	0.5	J	11	115838
386.2633333333333	0.5	nontarget	29	115879
386.2633333333333	0.5	B	3	115879
386.4	0.5	nontarget	29	115920
386.4	0.5	I	10	115920
386.5366666666667	0.5	nontarget	29	115961
386.5366666666667	0.5	D	5	115961
386.67333333333335	0.5	nontarget	29	116002
386.67333333333335	0.5	X	25	116002
386.81333333333333	0.5	nontarget	29	116044
386.81333333333333	0.5	Z	27	116044
386.95	0.5	nontarget	29	116085
386.95	0.5	V	23	116085
387.08666666666664	0.5	nontarget	29	116126
387.08666666666664	0.5	L	13	116126
391.8933333333333	0.5	nontarget	29	117568
391.8933333333333	0.5	P	17	117568
392.03333333333336	0.5	nontarget	29	117610
392.03333333333336	0.5	I	10	117610
392.1666666666667	0.5	nontarget	29	117650
392.1666666666667	0.5	R	19	117650
392.30333333333334	0.5	nontarget	29	117691
392.30333333333334	0.5	S	20	117691
392.44	0.5	nontarget	29	117732
392.44	0.5	T	21	117732
392.57666666666665	0.5	nontarget	29	117773
392.57666666666665	0.5	N	15	117773
392.7133333333333	0.5	nontarget	29	117814
392.7133333333333	0.5	U	22	117814
392.8466666666667	0.5	nontarget	29	117854
392.8466666666667	0.5	L	13	117854
392.98333333333335	0.5	nontarget	29	117895
392.98333333333335	0.5	E	6	117895
393.12	0.5	nontarget	29	117936
393.12	0.5	B	3	117936
393.25666666666666	0.5	nontarget	29	117977
393.25666666666666	0.5	H	9	117977
393.3933333333333	0.5	nontarget	29	118018
393.3933333333333	0.5	K	12	118018
393.53	0.5	nontarget	29	118059
393.53	0.5	O	16	118059
393.6666666666667	0.5	nontarget	29	118100
393.6666666666667	0.5	F	7	118100
393.80333333333334	0.5	nontarget	29	118141
393.80333333333334	0.5	X	25	118141
393.94	0.5	nontarget	29	118182
393.94	0.5	G	8	118182
394.0733333333333	0.5	nontarget	29	118222
394.0733333333333	0.5	C	4	118222
394.21	0.5	nontarget	29	118263
394.21	0.5	D	5	118263
394.3466666666667	0.5	nontarget	29	118304
394.3466666666667	0.5	J	11	118304
394.48333333333335	0.5	nontarget	29	118345
394.48333333333335	0.5	M	14	118345
394.62	0.5	nontarget	29	118386
394.62	0.5	Z	27	118386
394.75666666666666	0.5	nontarget	29	118427
394.75666666666666	0.5	A	2	118427
394.8933333333333	0.5	nontarget	29	118468
394.8933333333333	0.5	_	28	118468
395.03	0.5	nontarget	29	118509
395.03	0.5	Y	26	118509
395.1666666666667	0.5	nontarget	29	118550
395.1666666666667	0.5	Q	18	118550
395.30333333333334	0.5	target	30	118591
395.30333333333334	0.5	<	1	118591
395.44	0.5	nontarget	29	118632
395.44	0.5	V	23	118632
395.58	0.5	nontarget	29	118674
395.58	0.5	W	24	118674
400.39	0.5	nontarget	29	120117
400.39	0.5	C	4	120117
400.52666666666664	0.5	nontarget	29	120158
400.52666666666664	0.5	O	16	120158
400.66	0.5	nontarget	29	120198
400.66	0.5	G	8	120198
400.7966666666667	0.5	nontarget	29	120239
400.7966666666667	0.5	W	24	120239
400.93333333333334	0.5	nontarget	29	120280
400.93333333333334	0.5	_	28	120280
401.06666666666666	0.5	nontarget	29	120320
401.06666666666666	0.5	L	13	120320
401.2033333333333	0.5	nontarget	29	120361
401.2033333333333	0.5	X	25	120361
401.34	0.5	nontarget	29	120402
401.34	0.5	I	10	120402
401.48	0.5	target	30	120444
401.48	0.5	<	1	120444
401.6166666666667	0.5	nontarget	29	120485
401.6166666666667	0.5	M	14	120485
401.75333333333333	0.5	nontarget	29	120526
401.75333333333333	0.5	K	12	120526
401.89	0.5	nontarget	29	120567
401.89	0.5	D	5	120567
402.02666666666664	0.5	nontarget	29	120608
402.02666666666664	0.5	N	15	120608
402.16333333333336	0.5	nontarget	29	120649
402.16333333333336	0.5	Z	27	120649
402.3	0.5	nontarget	29	120690
402.3	0.5	Y	26	120690
402.43666666666667	0.5	nontarget	29	120731
402.43666666666667	0.5	U	22	120731
402.5733333333333	0.5	nontarget	29	120772
402.5733333333333	0.5	V	23	120772
402.71	0.5	nontarget	29	120813
402.71	0.5	B	3	120813
402.8466666666667	0.5	nontarget	29	120854
402.8466666666667	0.5	T	21	120854
402.98333333333335	0.5	nontarget	29	120895
402.98333333333335	0.5	J	11	120895
403.12	0.5	nontarget	29	120936
403.12	0.5	P	17	120936
403.25666666666666	0.5	nontarget	29	120977
403.25666666666666	0.5	A	2	120977
403.3933333333333	0.5	nontarget	29	121018
403.3933333333333	0.5	Q	18	121018
403.53	0.5	nontarget	29	121059
403.53	0.5	S	20	121059
403.6666666666667	0.5	nontarget	29	121100
403.6666666666667	0.5	R	19	121100
403.80333333333334	0.5	nontarget	29	121141
403.80333333333334	0.5	E	6	121141
403.94	0.5	nontarget	29	121182
403.94	0.5	F	7	121182
404.07666666666665	0.5	nontarget	29	121223
404.07666666666665	0.5	H	9	121223
408.89	0.5	nontarget	29	122667
408.89	0.5	U	22	122667
409.02666666666664	0.5	nontarget	29	122708
409.02666666666664	0.5	Q	18	122708
409.16333333333336	0.5	nontarget	29	122749
409.16333333333336	0.5	D	5	122749
409.3	0.5	nontarget	29	122790
409.3	0.5	R	19	122790
409.43666666666667	0.5	nontarget	29	122831
409.43666666666667	0.5	C	4	122831
409.57	0.5	nontarget	29	122871
409.57	0.5	Y	26	122871
409.70666666666665	0.5	nontarget	29	122912
409.70666666666665	0.5	P	17	122912
409.8433333333333	0.5	nontarget	29	122953
409.8433333333333	0.5	O	16	122953
409.98	0.5	nontarget	29	122994
409.98	0.5	K	12	122994
410.1166666666667	0.5	nontarget	29	123035
410.1166666666667	0.5	H	9	123035
410.25666666666666	0.5	nontarget	29	123077
410.25666666666666	0.5	J	11	123077
410.3933333333333	0.5	nontarget	29	123118
410.3933333333333	0.5	F	7	123118
410.53	0.5	nontarget	29	123159
410.53	0.5	X	25	123159
410.6666666666667	0.5	nontarget	29	123200
410.6666666666667	0.5	_	28	123200
410.80333333333334	0.5	nontarget	29	123241
410.80333333333334	0.5	N	15	123241
410.94	0.5	nontarget	29	123282
410.94	0.5	S	20	123282
411.07666666666665	0.5	nontarget	29	123323
411.07666666666665	0.5	A	2	123323
411.2133333333333	0.5	nontarget	29	123364
411.2133333333333	0.5	E	6	123364
411.35	0.5	nontarget	29	123405
411.35	0.5	M	14	123405
411.4866666666667	0.5	nontarget	29	123446
411.4866666666667	0.5	T	21	123446
411.62333333333333	0.5	nontarget	29	123487
411.62333333333333	0.5	L	13	123487
411.76	0.5	nontarget	29	123528
411.76	0.5	V	23	123528
411.89666666666665	0.5	nontarget	29	123569
411.89666666666665	0.5	G	8	123569
412.03333333333336	0.5	nontarget	29	123610
412.03333333333336	0.5	Z	27	123610
412.17	0.5	nontarget	29	123651
412.17	0.5	I	10	123651
412.3066666666667	0.5	target	30	123692
412.3066666666667	0.5	<	1	123692
412.4433333333333	0.5	nontarget	29	123733
412.4433333333333	0.5	W	24	123733
412.5833333333333	0.5	nontarget	29	123775
412.5833333333333	0.5	B	3	123775
417.3933333333333	0.5	nontarget	29	125218
417.3933333333333	0.5	K	12	125218
417.53333333333336	0.5	nontarget	29	125260
417.53333333333336	0.5	H	9	125260
417.67	0.5	nontarget	29	125301
417.67	0.5	_	28	125301
417.8066666666667	0.5	nontarget	29	125342
417.8066666666667	0.5	A	2	125342
417.9433333333333	0.5	nontarget	29	125383
417.9433333333333	0.5	N	15	125383
418.08	0.5	nontarget	29	125424
418.08	0.5	J	11	125424
418.21666666666664	0.5	nontarget	29	125465
418.21666666666664	0.5	G	8	125465
418.35333333333335	0.5	nontarget	29	125506
418.35333333333335	0.5	U	22	125506
418.49333333333334	0.5	nontarget	29	125548
418.49333333333334	0.5	R	19	125548
418.63	0.5	nontarget	29	125589
418.63	0.5	M	14	125589
418.76666666666665	0.5	nontarget	29	125630
418.76666666666665	0.5	B	3	125630
418.9033333333333	0.5	nontarget	29	125671
418.9033333333333	0.5	V	23	125671
419.04	0.5	nontarget	29	125712
419.04	0.5	L	13	125712
419.1766666666667	0.5	nontarget	29	125753
419.1766666666667	0.5	F	7	125753
419.31666666666666	0.5	nontarget	29	125795
419.31666666666666	0.5	O	16	125795
419.4533333333333	0.5	nontarget	29	125836
419.4533333333333	0.5	P	17	125836
419.59	0.5	nontarget	29	125877
419.59	0.5	C	4	125877
419.7266666666667	0.5	nontarget	29	125918
419.7266666666667	0.5	W	24	125918
419.86333333333334	0.5	nontarget	29	125959
419.86333333333334	0.5	D	5	125959
420.0	0.5	target	30	126000
420.0	0.5	<	1	126000
420.13666666666666	0.5	nontarget	29	126041
420.13666666666666	0.5	E	6	126041
420.2733333333333	0.5	nontarget	29	126082
420.2733333333333	0.5	S	20	126082
420.41333333333336	0.5	nontarget	29	126124
420.41333333333336	0.5	I	10	126124
420.55	0.5	nontarget	29	126165
420.55	0.5	Y	26	126165
420.68666666666667	0.5	nontarget	29	126206
420.68666666666667	0.5	X	25	126206
420.8233333333333	0.5	nontarget	29	126247
420.8233333333333	0.5	Q	18	126247
420.96	0.5	nontarget	29	126288
420.96	0.5	T	21	126288
421.1	0.5	nontarget	29	126330
421.1	0.5	Z	27	126330
425.91333333333336	0.5	nontarget	29	127774
425.91333333333336	0.5	W	24	127774
426.05	0.5	nontarget	29	127815
426.05	0.5	F	7	127815
426.19	0.5	nontarget	29	127857
426.19	0.5	R	19	127857
426.32666666666665	0.5	nontarget	29	127898
426.32666666666665	0.5	V	23	127898
426.4633333333333	0.5	nontarget	29	127939
426.4633333333333	0.5	S	20	127939
426.60333333333335	0.5	nontarget	29	127981
426.60333333333335	0.5	D	5	127981
426.7366666666667	0.5	nontarget	29	128021
426.7366666666667	0.5	Q	18	128021
426.87666666666667	0.5	nontarget	29	128063
426.87666666666667	0.5	M	14	128063
427.0133333333333	0.5	nontarget	29	128104
427.0133333333333	0.5	E	6	128104
427.15	0.5	nontarget	29	128145
427.15	0.5	Z	27	128145
427.2866666666667	0.5	nontarget	29	128186
427.2866666666667	0.5	G	8	128186
427.42333333333335	0.5	nontarget	29	128227
427.42333333333335	0.5	N	15	128227
427.57666666666665	0.5	nontarget	29	128273
427.57666666666665	0.5	U	22	128273
427.7133333333333	0.5	nontarget	29	128314
427.7133333333333	0.5	C	4	128314
427.85333333333335	0.5	nontarget	29	128356
427.85333333333335	0.5	Y	26	128356
427.99	0.5	nontarget	29	128397
427.99	0.5	P	17	128397
428.12666666666667	0.5	nontarget	29	128438
428.12666666666667	0.5	I	10	128438
428.2633333333333	0.5	nontarget	29	128479
428.2633333333333	0.5	L	13	128479
428.4	0.5	nontarget	29	128520
428.4	0.5	_	28	128520
428.5366666666667	0.5	nontarget	29	128561
428.5366666666667	0.5	H	9	128561
428.67333333333335	0.5	nontarget	29	128602
428.67333333333335	0.5	J	11	128602
428.81	0.5	nontarget	29	128643
428.81	0.5	O	16	128643
428.9433333333333	0.5	target	30	128683
428.9433333333333	0.5	<	1	128683
429.08	0.5	nontarget	29	128724
429.08	0.5	K	12	128724
429.21666666666664	0.5	nontarget	29	128765
429.21666666666664	0.5	T	21	128765
429.35333333333335	0.5	nontarget	29	128806
429.35333333333335	0.5	B	3	128806
429.49	0.5	nontarget	29	128847
429.49	0.5	A	2	128847
429.62666666666667	0.5	nontarget	29	128888
429.62666666666667	0.5	X	25	128888
434.4433333333333	0.5	nontarget	29	130333
434.4433333333333	0.5	K	12	130333
434.58	0.5	target	30	130374
434.58	0.5	<	1	130374
434.71666666666664	0.5	nontarget	29	130415
434.71666666666664	0.5	_	28	130415
434.85333333333335	0.5	nontarget	29	130456
434.85333333333335	0.5	F	7	130456
434.99	0.5	nontarget	29	130497
434.99	0.5	Q	18	130497
435.13	0.5	nontarget	29	130539
435.13	0.5	E	6	130539
435.26666666666665	0.5	nontarget	29	130580
435.26666666666665	0.5	T	21	130580
435.4033333333333	0.5	nontarget	29	130621
435.4033333333333	0.5	Z	27	130621
435.54	0.5	nontarget	29	130662
435.54	0.5	D	5	130662
435.6766666666667	0.5	nontarget	29	130703
435.6766666666667	0.5	X	25	130703
435.81333333333333	0.5	nontarget	29	130744
435.81333333333333	0.5	S	20	130744
435.95	0.5	nontarget	29	130785
435.95	0.5	G	8	130785
436.08666666666664	0.5	nontarget	29	130826
436.08666666666664	0.5	O	16	130826
436.22333333333336	0.5	nontarget	29	130867
436.22333333333336	0.5	C	4	130867
436.36333333333334	0.5	nontarget	29	130909
436.36333333333334	0.5	A	2	130909
436.49666666666667	0.5	nontarget	29	130949
436.49666666666667	0.5	U	22	130949
436.6333333333333	0.5	nontarget	29	130990
436.6333333333333	0.5	I	10	130990
436.77	0.5	nontarget	29	131031
436.77	0.5	R	19	131031
436.9066666666667	0.5	nontarget	29	131072
436.9066666666667	0.5	P	17	131072
437.04333333333335	0.5	nontarget	29	131113
437.04333333333335	0.5	H	9	131113
437.18	0.5	nontarget	29	131154
437.18	0.5	J	11	131154
437.31666666666666	0.5	nontarget	29	131195
437.31666666666666	0.5	V	23	131195
437.45666666666665	0.5	nontarget	29	131237
437.45666666666665	0.5	N	15	131237
437.5933333333333	0.5	nontarget	29	131278
437.5933333333333	0.5	W	24	131278
437.7266666666667	0.5	nontarget	29	131318
437.7266666666667	0.5	B	3	131318
437.86333333333334	0.5	nontarget	29	131359
437.86333333333334	0.5	M	14	131359
438.0	0.5	nontarget	29	131400
438.0	0.5	L	13	131400
438.13666666666666	0.5	nontarget	29	131441
438.13666666666666	0.5	Y	26	131441
444.9533333333333	0.5	nontarget	29	133486
444.9533333333333	0.5	E	6	133486
445.0933333333333	0.5	nontarget	29	133528
445.0933333333333	0.5	W	24	133528
445.23	0.5	nontarget	29	133569
445.23	0.5	R	19	133569
445.36333333333334	0.5	nontarget	29	133609
445.36333333333334	0.5	A	2	133609
445.50333333333333	0.5	nontarget	29	133651
445.50333333333333	0.5	O	16	133651
445.64	0.5	nontarget	29	133692
445.64	0.5	Z	27	133692
445.77666666666664	0.5	nontarget	29	133733
445.77666666666664	0.5	F	7	133733
445.91333333333336	0.5	nontarget	29	133774
445.91333333333336	0.5	T	21	133774
446.05	0.5	nontarget	29	133815
446.05	0.5	U	22	133815
446.19	0.5	nontarget	29	133857
446.19	0.5	X	25	133857
446.32666666666665	0.5	nontarget	29	133898
446.32666666666665	0.5	V	23	133898
446.46666666666664	0.5	nontarget	29	133940
446.46666666666664	0.5	M	14	133940
446.60333333333335	0.5	nontarget	29	133981
446.60333333333335	0.5	_	28	133981
446.74	0.5	nontarget	29	134022
446.74	0.5	Y	26	134022
446.87666666666667	0.5	nontarget	29	134063
446.87666666666667	0.5	L	13	134063
447.0133333333333	0.5	nontarget	29	134104
447.0133333333333	0.5	C	4	134104
447.15	0.5	nontarget	29	134145
447.15	0.5	K	12	134145
447.2866666666667	0.5	nontarget	29	134186
447.2866666666667	0.5	B	3	134186
447.42333333333335	0.5	nontarget	29	134227
447.42333333333335	0.5	Q	18	134227
447.5566666666667	0.5	nontarget	29	134267
447.5566666666667	0.5	J	11	134267
447.69666666666666	0.5	nontarget	29	134309
447.69666666666666	0.5	N	15	134309
447.8333333333333	0.5	nontarget	29	134350
447.8333333333333	0.5	I	10	134350
447.97	0.5	nontarget	29	134391
447.97	0.5	H	9	134391
448.1066666666667	0.5	nontarget	29	134432
448.1066666666667	0.5	G	8	134432
448.24333333333334	0.5	nontarget	29	134473
448.24333333333334	0.5	P	17	134473
448.38	0.5	target	30	134514
448.38	0.5	<	1	134514
448.52	0.5	nontarget	29	134556
448.52	0.5	D	5	134556
448.6566666666667	0.5	nontarget	29	134597
448.6566666666667	0.5	S	20	134597
453.47	0.5	nontarget	29	136041
453.47	0.5	W	24	136041
453.61	0.5	nontarget	29	136083
453.61	0.5	L	13	136083
453.74666666666667	0.5	nontarget	29	136124
453.74666666666667	0.5	S	20	136124
453.8833333333333	0.5	nontarget	29	136165
453.8833333333333	0.5	D	5	136165
454.02	0.5	nontarget	29	136206
454.02	0.5	Q	18	136206
454.1533333333333	0.5	nontarget	29	136246
454.1533333333333	0.5	N	15	136246
454.29333333333335	0.5	nontarget	29	136288
454.29333333333335	0.5	B	3	136288
454.4266666666667	0.5	nontarget	29	136328
454.4266666666667	0.5	O	16	136328
454.56333333333333	0.5	nontarget	29	136369
454.56333333333333	0.5	U	22	136369
454.7033333333333	0.5	nontarget	29	136411
454.7033333333333	0.5	T	21	136411
454.84	0.5	nontarget	29	136452
454.84	0.5	G	8	136452
454.9766666666667	0.5	target	30	136493
454.9766666666667	0.5	<	1	136493
455.11	0.5	nontarget	29	136533
455.11	0.5	K	12	136533
455.24666666666667	0.5	nontarget	29	136574
455.24666666666667	0.5	X	25	136574
455.3833333333333	0.5	nontarget	29	136615
455.3833333333333	0.5	H	9	136615
455.52	0.5	nontarget	29	136656
455.52	0.5	I	10	136656
455.6566666666667	0.5	nontarget	29	136697
455.6566666666667	0.5	E	6	136697
455.8666666666667	0.5	nontarget	29	136760
455.8666666666667	0.5	F	7	136760
456.00333333333333	0.5	nontarget	29	136801
456.00333333333333	0.5	P	17	136801
456.14	0.5	nontarget	29	136842
456.14	0.5	A	2	136842
456.27666666666664	0.5	nontarget	29	136883
456.27666666666664	0.5	Z	27	136883
456.4166666666667	0.5	nontarget	29	136925
456.4166666666667	0.5	C	4	136925
456.55333333333334	0.5	nontarget	29	136966
456.55333333333334	0.5	M	14	136966
456.69	0.5	nontarget	29	137007
456.69	0.5	R	19	137007
456.82666666666665	0.5	nontarget	29	137048
456.82666666666665	0.5	J	11	137048
456.9633333333333	0.5	nontarget	29	137089
456.9633333333333	0.5	Y	26	137089
457.1	0.5	nontarget	29	137130
457.1	0.5	V	23	137130
457.2366666666667	0.5	nontarget	29	137171
457.2366666666667	0.5	_	28	137171
462.05	0.5	nontarget	29	138615
462.05	0.5	W	24	138615
462.18666666666667	0.5	nontarget	29	138656
462.18666666666667	0.5	C	4	138656
462.3233333333333	0.5	nontarget	29	138697
462.3233333333333	0.5	M	14	138697
462.46	0.5	target	30	138738
462.46	0.5	<	1	138738
462.5966666666667	0.5	nontarget	29	138779
462.5966666666667	0.5	S	20	138779
462.73333333333335	0.5	nontarget	29	138820
462.73333333333335	0.5	F	7	138820
462.87	0.5	nontarget	29	138861
462.87	0.5	D	5	138861
463.00666666666666	0.5	nontarget	29	138902
463.00666666666666	0.5	H	9	138902
463.1433333333333	0.5	nontarget	29	138943
463.1433333333333	0.5	O	16	138943
463.28	0.5	nontarget	29	138984
463.28	0.5	Q	18	138984
463.4166666666667	0.5	nontarget	29	139025
463.4166666666667	0.5	A	2	139025
463.5566666666667	0.5	nontarget	29	139067
463.5566666666667	0.5	J	11	139067
463.6933333333333	0.5	nontarget	29	139108
463.6933333333333	0.5	B	3	139108
463.83	0.5	nontarget	29	139149
463.83	0.5	G	8	139149
463.96666666666664	0.5	nontarget	29	139190
463.96666666666664	0.5	V	23	139190
464.10333333333335	0.5	nontarget	29	139231
464.10333333333335	0.5	N	15	139231
464.24	0.5	nontarget	29	139272
464.24	0.5	Z	27	139272
464.37333333333333	0.5	nontarget	29	139312
464.37333333333333	0.5	P	17	139312
464.51	0.5	nontarget	29	139353
464.51	0.5	L	13	139353
464.64666666666665	0.5	nontarget	29	139394
464.64666666666665	0.5	K	12	139394
464.78333333333336	0.5	nontarget	29	139435
464.78333333333336	0.5	Y	26	139435
464.92	0.5	nontarget	29	139476
464.92	0.5	_	28	139476
465.0566666666667	0.5	nontarget	29	139517
465.0566666666667	0.5	E	6	139517
465.19666666666666	0.5	nontarget	29	139559
465.19666666666666	0.5	X	25	139559
465.3333333333333	0.5	nontarget	29	139600
465.3333333333333	0.5	I	10	139600
465.46666666666664	0.5	nontarget	29	139640
465.46666666666664	0.5	T	21	139640
465.60333333333335	0.5	nontarget	29	139681
465.60333333333335	0.5	R	19	139681
465.74333333333334	0.5	nontarget	29	139723
465.74333333333334	0.5	U	22	139723
470.5566666666667	0.5	nontarget	29	141167
470.5566666666667	0.5	_	28	141167
470.6933333333333	0.5	nontarget	29	141208
470.6933333333333	0.5	F	7	141208
470.83	0.5	target	30	141249
470.83	0.5	<	1	141249
470.96666666666664	0.5	nontarget	29	141290
470.96666666666664	0.5	V	23	141290
471.10333333333335	0.5	nontarget	29	141331
471.10333333333335	0.5	D	5	141331
471.24	0.5	nontarget	29	141372
471.24	0.5	I	10	141372
471.37666666666667	0.5	nontarget	29	141413
471.37666666666667	0.5	E	6	141413
471.5133333333333	0.5	nontarget	29	141454
471.5133333333333	0.5	J	11	141454
471.65	0.5	nontarget	29	141495
471.65	0.5	Q	18	141495
471.79	0.5	nontarget	29	141537
471.79	0.5	W	24	141537
471.9266666666667	0.5	nontarget	29	141578
471.9266666666667	0.5	K	12	141578
472.06333333333333	0.5	nontarget	29	141619
472.06333333333333	0.5	Y	26	141619
472.2	0.5	nontarget	29	141660
472.2	0.5	Z	27	141660
472.33666666666664	0.5	nontarget	29	141701
472.33666666666664	0.5	M	14	141701
472.47333333333336	0.5	nontarget	29	141742
472.47333333333336	0.5	B	3	141742
472.61	0.5	nontarget	29	141783
472.61	0.5	A	2	141783
472.74666666666667	0.5	nontarget	29	141824
472.74666666666667	0.5	L	13	141824
472.88666666666666	0.5	nontarget	29	141866
472.88666666666666	0.5	T	21	141866
473.0233333333333	0.5	nontarget	29	141907
473.0233333333333	0.5	O	16	141907
473.1566666666667	0.5	nontarget	29	141947
473.1566666666667	0.5	N	15	141947
473.2966666666667	0.5	nontarget	29	141989
473.2966666666667	0.5	U	22	141989
473.43333333333334	0.5	nontarget	29	142030
473.43333333333334	0.5	H	9	142030
473.57	0.5	nontarget	29	142071
473.57	0.5	P	17	142071
473.70666666666665	0.5	nontarget	29	142112
473.70666666666665	0.5	C	4	142112
473.8433333333333	0.5	nontarget	29	142153
473.8433333333333	0.5	R	19	142153
473.98	0.5	nontarget	29	142194
473.98	0.5	S	20	142194
474.1166666666667	0.5	nontarget	29	142235
474.1166666666667	0.5	X	25	142235
474.25333333333333	0.5	nontarget	29	142276
474.25333333333333	0.5	G	8	142276
479.06666666666666	0.5	nontarget	29	143720
479.06666666666666	0.5	M	14	143720
479.2033333333333	0.5	nontarget	29	143761
479.2033333333333	0.5	S	20	143761
479.34	0.5	nontarget	29	143802
479.34	0.5	Y	26	143802
479.4766666666667	0.5	nontarget	29	143843
479.4766666666667	0.5	_	28	143843
479.61333333333334	0.5	nontarget	29	143884
479.61333333333334	0.5	B	3	143884
479.75	0.5	nontarget	29	143925
479.75	0.5	X	25	143925
479.88666666666666	0.5	nontarget	29	143966
479.88666666666666	0.5	J	11	143966
480.0233333333333	0.5	nontarget	29	144007
480.0233333333333	0.5	N	15	144007
480.16	0.5	nontarget	29	144048
480.16	0.5	V	23	144048
480.2966666666667	0.5	nontarget	29	144089
480.2966666666667	0.5	A	2	144089
480.43333333333334	0.5	nontarget	29	144130
480.43333333333334	0.5	F	7	144130
480.57	0.5	nontarget	29	144171
480.57	0.5	E	6	144171
480.71	0.5	nontarget	29	144213
480.71	0.5	K	12	144213
480.8466666666667	0.5	nontarget	29	144254
480.8466666666667	0.5	O	16	144254
480.98333333333335	0.5	nontarget	29	144295
480.98333333333335	0.5	H	9	144295
481.12	0.5	nontarget	29	144336
481.12	0.5	I	10	144336
481.25666666666666	0.5	nontarget	29	144377
481.25666666666666	0.5	C	4	144377
481.3933333333333	0.5	nontarget	29	144418
481.3933333333333	0.5	W	24	144418
481.52666666666664	0.5	nontarget	29	144458
481.52666666666664	0.5	U	22	144458
481.66333333333336	0.5	nontarget	29	144499
481.66333333333336	0.5	T	21	144499
481.8	0.5	nontarget	29	144540
481.8	0.5	Q	18	144540
481.93666666666667	0.5	nontarget	29	144581
481.93666666666667	0.5	G	8	144581
482.0733333333333	0.5	nontarget	29	144622
482.0733333333333	0.5	D	5	144622
482.21	0.5	nontarget	29	144663
482.21	0.5	L	13	144663
482.3466666666667	0.5	nontarget	29	144704
482.3466666666667	0.5	P	17	144704
482.4866666666667	0.5	nontarget	29	144746
482.4866666666667	0.5	R	19	144746
482.62333333333333	0.5	target	30	144787
482.62333333333333	0.5	<	1	144787
482.76	0.5	nontarget	29	144828
482.76	0.5	Z	27	144828
487.57666666666665	0.5	nontarget	29	146273
487.57666666666665	0.5	A	2	146273
487.7133333333333	0.5	nontarget	29	146314
487.7133333333333	0.5	O	16	146314
487.85	0.5	nontarget	29	146355
487.85	0.5	G	8	146355
487.9866666666667	0.5	nontarget	29	146396
487.9866666666667	0.5	H	9	146396
488.12666666666667	0.5	nontarget	29	146438
488.12666666666667	0.5	P	17	146438
488.2633333333333	0.5	nontarget	29	146479
488.2633333333333	0.5	R	19	146479
488.4	0.5	nontarget	29	146520
488.4	0.5	E	6	146520
488.5366666666667	0.5	nontarget	29	146561
488.5366666666667	0.5	B	3	146561
488.67333333333335	0.5	nontarget	29	146602
488.67333333333335	0.5	U	22	146602
488.81	0.5	nontarget	29	146643
488.81	0.5	Y	26	146643
488.94666666666666	0.5	nontarget	29	146684
488.94666666666666	0.5	J	11	146684
489.0833333333333	0.5	nontarget	29	146725
489.0833333333333	0.5	S	20	146725
489.22	0.5	nontarget	29	146766
489.22	0.5	I	10	146766
489.3566666666667	0.5	nontarget	29	146807
489.3566666666667	0.5	V	23	146807
489.49333333333334	0.5	nontarget	29	146848
489.49333333333334	0.5	C	4	146848
489.62666666666667	0.5	nontarget	29	146888
489.62666666666667	0.5	K	12	146888
489.76666666666665	0.5	target	30	146930
489.76666666666665	0.5	<	1	146930
489.9033333333333	0.5	nontarget	29	146971
489.9033333333333	0.5	W	24	146971
490.04	0.5	nontarget	29	147012
490.04	0.5	L	13	147012
490.1766666666667	0.5	nontarget	29	147053
490.1766666666667	0.5	F	7	147053
490.31	0.5	nontarget	29	147093
490.31	0.5	D	5	147093
490.45	0.5	nontarget	29	147135
490.45	0.5	Q	18	147135
490.58666666666664	0.5	nontarget	29	147176
490.58666666666664	0.5	M	14	147176
490.72	0.5	nontarget	29	147216
490.72	0.5	T	21	147216
490.8566666666667	0.5	nontarget	29	147257
490.8566666666667	0.5	_	28	147257
490.99333333333334	0.5	nontarget	29	147298
490.99333333333334	0.5	N	15	147298
491.13	0.5	nontarget	29	147339
491.13	0.5	Z	27	147339
491.26666666666665	0.5	nontarget	29	147380
491.26666666666665	0.5	X	25	147380
496.0833333333333	0.5	nontarget	29	148825
496.0833333333333	0.5	J	11	148825
496.22	0.5	nontarget	29	148866
496.22	0.5	L	13	148866
496.35333333333335	0.5	nontarget	29	148906
496.35333333333335	0.5	R	19	148906
496.49333333333334	0.5	nontarget	29	148948
496.49333333333334	0.5	S	20	148948
496.63	0.5	nontarget	29	148989
496.63	0.5	H	9	148989
496.76666666666665	0.5	nontarget	29	149030
496.76666666666665	0.5	P	17	149030
496.9066666666667	0.5	nontarget	29	149072
496.9066666666667	0.5	M	14	149072
497.04333333333335	0.5	nontarget	29	149113
497.04333333333335	0.5	W	24	149113
497.18	0.5	nontarget	29	149154
497.18	0.5	N	15	149154
497.31666666666666	0.5	nontarget	29	149195
497.31666666666666	0.5	K	12	149195
497.45666666666665	0.5	nontarget	29	149237
497.45666666666665	0.5	T	21	149237
497.59	0.5	nontarget	29	149277
497.59	0.5	C	4	149277
497.73	0.5	nontarget	29	149319
497.73	0.5	E	6	149319
497.8666666666667	0.5	nontarget	29	149360
497.8666666666667	0.5	Z	27	149360
498.00333333333333	0.5	nontarget	29	149401
498.00333333333333	0.5	A	2	149401
498.13666666666666	0.5	nontarget	29	149441
498.13666666666666	0.5	D	5	149441
498.27666666666664	0.5	nontarget	29	149483
498.27666666666664	0.5	F	7	149483
498.41	0.5	target	30	149523
498.41	0.5	<	1	149523
498.55	0.5	nontarget	29	149565
498.55	0.5	B	3	149565
498.68666666666667	0.5	nontarget	29	149606
498.68666666666667	0.5	G	8	149606
498.8233333333333	0.5	nontarget	29	149647
498.8233333333333	0.5	X	25	149647
498.96	0.5	nontarget	29	149688
498.96	0.5	V	23	149688
499.0966666666667	0.5	nontarget	29	149729
499.0966666666667	0.5	I	10	149729
499.23	0.5	nontarget	29	149769
499.23	0.5	Q	18	149769
499.3666666666667	0.5	nontarget	29	149810
499.3666666666667	0.5	Y	26	149810
499.50333333333333	0.5	nontarget	29	149851
499.50333333333333	0.5	_	28	149851
499.64	0.5	nontarget	29	149892
499.64	0.5	U	22	149892
499.78	0.5	nontarget	29	149934
499.78	0.5	O	16	149934
504.5933333333333	0.5	nontarget	29	151378
504.5933333333333	0.5	N	15	151378
504.73333333333335	0.5	nontarget	29	151420
504.73333333333335	0.5	K	12	151420
504.8666666666667	0.5	nontarget	29	151460
504.8666666666667	0.5	Q	18	151460
505.00666666666666	0.5	nontarget	29	151502
505.00666666666666	0.5	P	17	151502
505.14	0.5	nontarget	29	151542
505.14	0.5	M	14	151542
505.27666666666664	0.5	nontarget	29	151583
505.27666666666664	0.5	Z	27	151583
505.41333333333336	0.5	nontarget	29	151624
505.41333333333336	0.5	_	28	151624
505.55333333333334	0.5	nontarget	29	151666
505.55333333333334	0.5	W	24	151666
505.69	0.5	nontarget	29	151707
505.69	0.5	O	16	151707
505.82666666666665	0.5	nontarget	29	151748
505.82666666666665	0.5	I	10	151748
505.9633333333333	0.5	nontarget	29	151789
505.9633333333333	0.5	F	7	151789
506.1	0.5	nontarget	29	151830
506.1	0.5	U	22	151830
506.2366666666667	0.5	nontarget	29	151871
506.2366666666667	0.5	V	23	151871
506.37666666666667	0.5	nontarget	29	151913
506.37666666666667	0.5	H	9	151913
506.5133333333333	0.5	nontarget	29	151954
506.5133333333333	0.5	T	21	151954
506.65	0.5	target	30	151995
506.65	0.5	<	1	151995
506.7866666666667	0.5	nontarget	29	152036
506.7866666666667	0.5	S	20	152036
506.92333333333335	0.5	nontarget	29	152077
506.92333333333335	0.5	D	5	152077
507.0566666666667	0.5	nontarget	29	152117
507.0566666666667	0.5	A	2	152117
507.1933333333333	0.5	nontarget	29	152158
507.1933333333333	0.5	R	19	152158
507.33	0.5	nontarget	29	152199
507.33	0.5	B	3	152199
507.47	0.5	nontarget	29	152241
507.47	0.5	X	25	152241
507.60333333333335	0.5	nontarget	29	152281
507.60333333333335	0.5	L	13	152281
507.74333333333334	0.5	nontarget	29	152323
507.74333333333334	0.5	Y	26	152323
507.88	0.5	nontarget	29	152364
507.88	0.5	C	4	152364
508.01666666666665	0.5	nontarget	29	152405
508.01666666666665	0.5	G	8	152405
508.1533333333333	0.5	nontarget	29	152446
508.1533333333333	0.5	J	11	152446
508.29	0.5	nontarget	29	152487
508.29	0.5	E	6	152487
515.1133333333333	0.5	nontarget	29	154534
515.1133333333333	0.5	D	5	154534
515.25	0.5	nontarget	29	154575
515.25	0.5	N	15	154575
515.3866666666667	0.5	nontarget	29	154616
515.3866666666667	0.5	Z	27	154616
515.5233333333333	0.5	nontarget	29	154657
515.5233333333333	0.5	Y	26	154657
515.66	0.5	nontarget	29	154698
515.66	0.5	G	8	154698
515.7966666666666	0.5	nontarget	29	154739
515.7966666666666	0.5	R	19	154739
515.9333333333333	0.5	nontarget	29	154780
515.9333333333333	0.5	S	20	154780
516.07	0.5	nontarget	29	154821
516.07	0.5	Q	18	154821
516.2066666666667	0.5	nontarget	29	154862
516.2066666666667	0.5	C	4	154862
516.3433333333334	0.5	nontarget	29	154903
516.3433333333334	0.5	U	22	154903
516.48	0.5	nontarget	29	154944
516.48	0.5	M	14	154944
516.6166666666667	0.5	nontarget	29	154985
516.6166666666667	0.5	F	7	154985
516.7533333333333	0.5	nontarget	29	155026
516.7533333333333	0.5	X	25	155026
516.89	0.5	nontarget	29	155067
516.89	0.5	L	13	155067
517.0266666666666	0.5	nontarget	29	155108
517.0266666666666	0.5	I	10	155108
517.1633333333333	0.5	nontarget	29	155149
517.1633333333333	0.5	V	23	155149
517.3	0.5	nontarget	29	155190
517.3	0.5	W	24	155190
517.4366666666666	0.5	nontarget	29	155231
517.4366666666666	0.5	A	2	155231
517.5766666666667	0.5	nontarget	29	155273
517.5766666666667	0.5	J	11	155273
517.7133333333334	0.5	nontarget	29	155314
517.7133333333334	0.5	O	16	155314
517.85	0.5	nontarget	29	155355
517.85	0.5	_	28	155355
517.9866666666667	0.5	nontarget	29	155396
517.9866666666667	0.5	E	6	155396
518.1233333333333	0.5	nontarget	29	155437
518.1233333333333	0.5	K	12	155437
518.2633333333333	0.5	nontarget	29	155479
518.2633333333333	0.5	T	21	155479
518.3966666666666	0.5	target	30	155519
518.3966666666666	0.5	<	1	155519
518.54	0.5	nontarget	29	155562
518.54	0.5	B	3	155562
518.6766666666666	0.5	nontarget	29	155603
518.6766666666666	0.5	H	9	155603
518.8133333333334	0.5	nontarget	29	155644
518.8133333333334	0.5	P	17	155644
523.63	0.5	nontarget	29	157089
523.63	0.5	J	11	157089
523.7666666666667	0.5	nontarget	29	157130
523.7666666666667	0.5	H	9	157130
523.9033333333333	0.5	nontarget	29	157171
523.9033333333333	0.5	R	19	157171
524.04	0.5	nontarget	29	157212
524.04	0.5	V	23	157212
524.1733333333333	0.5	target	30	157252
524.1733333333333	0.5	<	1	157252
524.3133333333334	0.5	nontarget	29	157294
524.3133333333334	0.5	Q	18	157294
524.45	0.5	nontarget	29	157335
524.45	0.5	D	5	157335
524.5866666666667	0.5	nontarget	29	157376
524.5866666666667	0.5	T	21	157376
524.7233333333334	0.5	nontarget	29	157417
524.7233333333334	0.5	F	7	157417
524.86	0.5	nontarget	29	157458
524.86	0.5	Y	26	157458
524.9966666666667	0.5	nontarget	29	157499
524.9966666666667	0.5	W	24	157499
525.1333333333333	0.5	nontarget	29	157540
525.1333333333333	0.5	K	12	157540
525.27	0.5	nontarget	29	157581
525.27	0.5	E	6	157581
525.4066666666666	0.5	nontarget	29	157622
525.4066666666666	0.5	X	25	157622
525.5433333333333	0.5	nontarget	29	157663
525.5433333333333	0.5	G	8	157663
525.68	0.5	nontarget	29	157704
525.68	0.5	B	3	157704
525.8166666666667	0.5	nontarget	29	157745
525.8166666666667	0.5	Z	27	157745
525.9533333333334	0.5	nontarget	29	157786
525.9533333333334	0.5	I	10	157786
526.09	0.5	nontarget	29	157827
526.09	0.5	O	16	157827
526.2266666666667	0.5	nontarget	29	157868
526.2266666666667	0.5	P	17	157868
526.3633333333333	0.5	nontarget	29	157909
526.3633333333333	0.5	M	14	157909
526.5	0.5	nontarget	29	157950
526.5	0.5	_	28	157950
526.6366666666667	0.5	nontarget	29	157991
526.6366666666667	0.5	U	22	157991
526.7733333333333	0.5	nontarget	29	158032
526.7733333333333	0.5	C	4	158032
526.9133333333333	0.5	nontarget	29	158074
526.9133333333333	0.5	S	20	158074
527.05	0.5	nontarget	29	158115
527.05	0.5	A	2	158115
527.2533333333333	0.5	nontarget	29	158176
527.2533333333333	0.5	L	13	158176
527.3933333333333	0.5	nontarget	29	158218
527.3933333333333	0.5	N	15	158218
532.2066666666667	0.5	nontarget	29	159662
532.2066666666667	0.5	P	17	159662
532.3433333333334	0.5	nontarget	29	159703
532.3433333333334	0.5	N	15	159703
532.48	0.5	nontarget	29	159744
532.48	0.5	F	7	159744
532.62	0.5	nontarget	29	159786
532.62	0.5	O	16	159786
532.7566666666667	0.5	nontarget	29	159827
532.7566666666667	0.5	W	24	159827
532.8933333333333	0.5	nontarget	29	159868
532.8933333333333	0.5	E	6	159868
533.03	0.5	nontarget	29	159909
533.03	0.5	X	25	159909
533.1666666666666	0.5	nontarget	29	159950
533.1666666666666	0.5	D	5	159950
533.3066666666666	0.5	nontarget	29	159992
533.3066666666666	0.5	_	28	159992
533.4433333333334	0.5	nontarget	29	160033
533.4433333333334	0.5	V	23	160033
533.58	0.5	nontarget	29	160074
533.58	0.5	J	11	160074
533.7133333333334	0.5	nontarget	29	160114
533.7133333333334	0.5	R	19	160114
533.85	0.5	nontarget	29	160155
533.85	0.5	M	14	160155
533.9866666666667	0.5	nontarget	29	160196
533.9866666666667	0.5	Q	18	160196
534.1233333333333	0.5	nontarget	29	160237
534.1233333333333	0.5	L	13	160237
534.2633333333333	0.5	nontarget	29	160279
534.2633333333333	0.5	K	12	160279
534.4	0.5	nontarget	29	160320
534.4	0.5	I	10	160320
534.5366666666666	0.5	nontarget	29	160361
534.5366666666666	0.5	Y	26	160361
534.6733333333333	0.5	nontarget	29	160402
534.6733333333333	0.5	G	8	160402
534.81	0.5	nontarget	29	160443
534.81	0.5	Z	27	160443
534.9433333333334	0.5	nontarget	29	160483
534.9433333333334	0.5	A	2	160483
535.08	0.5	nontarget	29	160524
535.08	0.5	C	4	160524
535.2166666666667	0.5	nontarget	29	160565
535.2166666666667	0.5	U	22	160565
535.3533333333334	0.5	nontarget	29	160606
535.3533333333334	0.5	T	21	160606
535.49	0.5	nontarget	29	160647
535.49	0.5	S	20	160647
535.63	0.5	target	30	160689
535.63	0.5	<	1	160689
535.7666666666667	0.5	nontarget	29	160730
535.7666666666667	0.5	H	9	160730
535.9033333333333	0.5	nontarget	29	160771
535.9033333333333	0.5	B	3	160771
540.72	0.5	nontarget	29	162216
540.72	0.5	D	5	162216
540.8566666666667	0.5	nontarget	29	162257
540.8566666666667	0.5	T	21	162257
540.9966666666667	0.5	nontarget	29	162299
540.9966666666667	0.5	U	22	162299
541.1333333333333	0.5	nontarget	29	162340
541.1333333333333	0.5	G	8	162340
541.27	0.5	nontarget	29	162381
541.27	0.5	Q	18	162381
541.4066666666666	0.5	nontarget	29	162422
541.4066666666666	0.5	P	17	162422
541.5433333333333	0.5	target	30	162463
541.5433333333333	0.5	<	1	162463
541.68	0.5	nontarget	29	162504
541.68	0.5	N	15	162504
541.82	0.5	nontarget	29	162546
541.82	0.5	_	28	162546
541.9566666666667	0.5	nontarget	29	162587
541.9566666666667	0.5	O	16	162587
542.0933333333334	0.5	nontarget	29	162628
542.0933333333334	0.5	V	23	162628
542.23	0.5	nontarget	29	162669
542.23	0.5	X	25	162669
542.37	0.5	nontarget	29	162711
542.37	0.5	H	9	162711
542.5066666666667	0.5	nontarget	29	162752
542.5066666666667	0.5	C	4	162752
542.6433333333333	0.5	nontarget	29	162793
542.6433333333333	0.5	A	2	162793
542.78	0.5	nontarget	29	162834
542.78	0.5	B	3	162834
542.92	0.5	nontarget	29	162876
542.92	0.5	L	13	162876
543.0566666666666	0.5	nontarget	29	162917
543.0566666666666	0.5	W	24	162917
543.1933333333334	0.5	nontarget	29	162958
543.1933333333334	0.5	F	7	162958
543.33	0.5	nontarget	29	162999
543.33	0.5	Y	26	162999
543.47	0.5	nontarget	29	163041
543.47	0.5	S	20	163041
543.6066666666667	0.5	nontarget	29	163082
543.6066666666667	0.5	Z	27	163082
543.7433333333333	0.5	nontarget	29	163123
543.7433333333333	0.5	I	10	163123
543.88	0.5	nontarget	29	163164
543.88	0.5	R	19	163164
544.0166666666667	0.5	nontarget	29	163205
544.0166666666667	0.5	M	14	163205
544.1533333333333	0.5	nontarget	29	163246
544.1533333333333	0.5	K	12	163246
544.29	0.5	nontarget	29	163287
544.29	0.5	E	6	163287
544.4266666666666	0.5	nontarget	29	163328
544.4266666666666	0.5	J	11	163328
549.2433333333333	0.5	nontarget	29	164773
549.2433333333333	0.5	H	9	164773
549.38	0.5	nontarget	29	164814
549.38	0.5	K	12	164814
549.5166666666667	0.5	nontarget	29	164855
549.5166666666667	0.5	U	22	164855
549.6566666666666	0.5	nontarget	29	164897
549.6566666666666	0.5	_	28	164897
549.79	0.5	nontarget	29	164937
549.79	0.5	W	24	164937
549.93	0.5	nontarget	29	164979
549.93	0.5	N	15	164979
550.0633333333334	0.5	nontarget	29	165019
550.0633333333334	0.5	A	2	165019
550.2	0.5	nontarget	29	165060
550.2	0.5	R	19	165060
550.34	0.5	nontarget	29	165102
550.34	0.5	M	14	165102
550.4766666666667	0.5	nontarget	29	165143
550.4766666666667	0.5	D	5	165143
550.6133333333333	0.5	nontarget	29	165184
550.6133333333333	0.5	T	21	165184
550.7533333333333	0.5	nontarget	29	165226
550.7533333333333	0.5	V	23	165226
550.8866666666667	0.5	nontarget	29	165266
550.8866666666667	0.5	E	6	165266
551.0233333333333	0.5	nontarget	29	165307
551.0233333333333	0.5	B	3	165307
551.16	0.5	nontarget	29	165348
551.16	0.5	G	8	165348
551.2966666666666	0.5	nontarget	29	165389
551.2966666666666	0.5	Y	26	165389
551.4333333333333	0.5	nontarget	29	165430
551.4333333333333	0.5	O	16	165430
551.5733333333334	0.5	nontarget	29	165472
551.5733333333334	0.5	F	7	165472
551.71	0.5	nontarget	29	165513
551.71	0.5	C	4	165513
551.8466666666667	0.5	nontarget	29	165554
551.8466666666667	0.5	Z	27	165554
551.9833333333333	0.5	nontarget	29	165595
551.9833333333333	0.5	J	11	165595
552.12	0.5	nontarget	29	165636
552.12	0.5	L	13	165636
552.2566666666667	0.5	nontarget	29	165677
552.2566666666667	0.5	I	10	165677
552.3933333333333	0.5	target	30	165718
552.3933333333333	0.5	<	1	165718
552.53	0.5	nontarget	29	165759
552.53	0.5	P	17	165759
552.6666666666666	0.5	nontarget	29	165800
552.6666666666666	0.5	S	20	165800
552.8033333333333	0.5	nontarget	29	165841
552.8033333333333	0.5	X	25	165841
552.94	0.5	nontarget	29	165882
552.94	0.5	Q	18	165882
557.7566666666667	0.5	nontarget	29	167327
557.7566666666667	0.5	S	20	167327
557.8933333333333	0.5	nontarget	29	167368
557.8933333333333	0.5	J	11	167368
558.03	0.5	nontarget	29	167409
558.03	0.5	P	17	167409
558.1666666666666	0.5	nontarget	29	167450
558.1666666666666	0.5	O	16	167450
558.3033333333333	0.5	nontarget	29	167491
558.3033333333333	0.5	Q	18	167491
558.44	0.5	nontarget	29	167532
558.44	0.5	A	2	167532
558.5833333333334	0.5	nontarget	29	167575
558.5833333333334	0.5	C	4	167575
558.7166666666667	0.5	nontarget	29	167615
558.7166666666667	0.5	G	8	167615
558.8533333333334	0.5	nontarget	29	167656
558.8533333333334	0.5	Y	26	167656
558.99	0.5	nontarget	29	167697
558.99	0.5	Z	27	167697
559.1266666666667	0.5	target	30	167738
559.1266666666667	0.5	<	1	167738
559.2633333333333	0.5	nontarget	29	167779
559.2633333333333	0.5	D	5	167779
559.4033333333333	0.5	nontarget	29	167821
559.4033333333333	0.5	R	19	167821
559.5366666666666	0.5	nontarget	29	167861
559.5366666666666	0.5	E	6	167861
559.6766666666666	0.5	nontarget	29	167903
559.6766666666666	0.5	F	7	167903
559.81	0.5	nontarget	29	167943
559.81	0.5	_	28	167943
559.9466666666667	0.5	nontarget	29	167984
559.9466666666667	0.5	V	23	167984
560.08	0.5	nontarget	29	168024
560.08	0.5	I	10	168024
560.2166666666667	0.5	nontarget	29	168065
560.2166666666667	0.5	U	22	168065
560.3533333333334	0.5	nontarget	29	168106
560.3533333333334	0.5	K	12	168106
560.49	0.5	nontarget	29	168147
560.49	0.5	M	14	168147
560.6266666666667	0.5	nontarget	29	168188
560.6266666666667	0.5	T	21	168188
560.7633333333333	0.5	nontarget	29	168229
560.7633333333333	0.5	X	25	168229
560.9	0.5	nontarget	29	168270
560.9	0.5	W	24	168270
561.0366666666666	0.5	nontarget	29	168311
561.0366666666666	0.5	H	9	168311
561.1766666666666	0.5	nontarget	29	168353
561.1766666666666	0.5	L	13	168353
561.31	0.5	nontarget	29	168393
561.31	0.5	B	3	168393
561.4466666666667	0.5	nontarget	29	168434
561.4466666666667	0.5	N	15	168434
566.2633333333333	0.5	nontarget	29	169879
566.2633333333333	0.5	O	16	169879
566.4	0.5	nontarget	29	169920
566.4	0.5	R	19	169920
566.5366666666666	0.5	nontarget	29	169961
566.5366666666666	0.5	W	24	169961
566.6766666666666	0.5	nontarget	29	170003
566.6766666666666	0.5	M	14	170003
566.8133333333334	0.5	nontarget	29	170044
566.8133333333334	0.5	D	5	170044
566.95	0.5	nontarget	29	170085
566.95	0.5	A	2	170085
567.0866666666667	0.5	nontarget	29	170126
567.0866666666667	0.5	J	11	170126
567.2266666666667	0.5	nontarget	29	170168
567.2266666666667	0.5	I	10	170168
567.3633333333333	0.5	nontarget	29	170209
567.3633333333333	0.5	L	13	170209
567.5	0.5	nontarget	29	170250
567.5	0.5	N	15	170250
567.6366666666667	0.5	nontarget	29	170291
567.6366666666667	0.5	G	8	170291
567.7733333333333	0.5	nontarget	29	170332
567.7733333333333	0.5	P	17	170332
567.91	0.5	nontarget	29	170373
567.91	0.5	V	23	170373
568.0466666666666	0.5	nontarget	29	170414
568.0466666666666	0.5	B	3	170414
568.1866666666666	0.5	nontarget	29	170456
568.1866666666666	0.5	H	9	170456
568.3233333333334	0.5	nontarget	29	170497
568.3233333333334	0.5	S	20	170497
568.46	0.5	target	30	170538
568.46	0.5	<	1	170538
568.6	0.5	nontarget	29	170580
568.6	0.5	K	12	170580
568.7366666666667	0.5	nontarget	29	170621
568.7366666666667	0.5	E	6	170621
568.8733333333333	0.5	nontarget	29	170662
568.8733333333333	0.5	Q	18	170662
569.01	0.5	nontarget	29	170703
569.01	0.5	X	25	170703
569.1466666666666	0.5	nontarget	29	170744
569.1466666666666	0.5	F	7	170744
569.2833333333333	0.5	nontarget	29	170785
569.2833333333333	0.5	T	21	170785
569.42	0.5	nontarget	29	170826
569.42	0.5	U	22	170826
569.5566666666666	0.5	nontarget	29	170867
569.5566666666666	0.5	_	28	170867
569.6966666666667	0.5	nontarget	29	170909
569.6966666666667	0.5	Y	26	170909
569.8333333333334	0.5	nontarget	29	170950
569.8333333333334	0.5	Z	27	170950
569.9666666666667	0.5	nontarget	29	170990
569.9666666666667	0.5	C	4	170990
574.7866666666666	0.5	nontarget	29	172436
574.7866666666666	0.5	_	28	172436
574.9233333333333	0.5	nontarget	29	172477
574.9233333333333	0.5	Z	27	172477
575.06	0.5	nontarget	29	172518
575.06	0.5	R	19	172518
575.1966666666667	0.5	nontarget	29	172559
575.1966666666667	0.5	D	5	172559
575.3333333333334	0.5	nontarget	29	172600
575.3333333333334	0.5	M	14	172600
575.47	0.5	nontarget	29	172641
575.47	0.5	Q	18	172641
575.6066666666667	0.5	nontarget	29	172682
575.6066666666667	0.5	P	17	172682
575.7433333333333	0.5	nontarget	29	172723
575.7433333333333	0.5	K	12	172723
575.88	0.5	nontarget	29	172764
575.88	0.5	F	7	172764
576.0166666666667	0.5	nontarget	29	172805
576.0166666666667	0.5	E	6	172805
576.1566666666666	0.5	nontarget	29	172847
576.1566666666666	0.5	I	10	172847
576.2933333333333	0.5	nontarget	29	172888
576.2933333333333	0.5	J	11	172888
576.43	0.5	nontarget	29	172929
576.43	0.5	T	21	172929
576.5666666666667	0.5	target	30	172970
576.5666666666667	0.5	<	1	172970
576.7033333333334	0.5	nontarget	29	173011
576.7033333333334	0.5	W	24	173011
576.8433333333334	0.5	nontarget	29	173053
576.8433333333334	0.5	S	20	173053
576.98	0.5	nontarget	29	173094
576.98	0.5	U	22	173094
577.1166666666667	0.5	nontarget	29	173135
577.1166666666667	0.5	C	4	173135
577.2533333333333	0.5	nontarget	29	173176
577.2533333333333	0.5	G	8	173176
577.39	0.5	nontarget	29	173217
577.39	0.5	O	16	173217
577.53	0.5	nontarget	29	173259
577.53	0.5	H	9	173259
577.6666666666666	0.5	nontarget	29	173300
577.6666666666666	0.5	L	13	173300
577.8033333333333	0.5	nontarget	29	173341
577.8033333333333	0.5	B	3	173341
577.9433333333334	0.5	nontarget	29	173383
577.9433333333334	0.5	X	25	173383
578.08	0.5	nontarget	29	173424
578.08	0.5	Y	26	173424
578.2166666666667	0.5	nontarget	29	173465
578.2166666666667	0.5	A	2	173465
578.3533333333334	0.5	nontarget	29	173506
578.3533333333334	0.5	V	23	173506
578.49	0.5	nontarget	29	173547
578.49	0.5	N	15	173547
