onset	duration	trial_type	value	sample
18.153333333333332	0.5	nontarget	29	5446
18.153333333333332	0.5	<	1	5446
18.29	0.5	nontarget	29	5487
18.29	0.5	W	24	5487
18.426666666666666	0.5	nontarget	29	5528
18.426666666666666	0.5	P	17	5528
18.563333333333333	0.5	nontarget	29	5569
18.563333333333333	0.5	B	3	5569
18.7	0.5	nontarget	29	5610
18.7	0.5	D	5	5610
18.833333333333332	0.5	nontarget	29	5650
18.833333333333332	0.5	J	11	5650
18.973333333333333	0.5	nontarget	29	5692
18.973333333333333	0.5	T	21	5692
19.11	0.5	nontarget	29	5733
19.11	0.5	C	4	5733
19.246666666666666	0.5	nontarget	29	5774
19.246666666666666	0.5	M	14	5774
19.38	0.5	nontarget	29	5814
19.38	0.5	U	22	5814
19.516666666666666	0.5	nontarget	29	5855
19.516666666666666	0.5	G	8	5855
19.653333333333332	0.5	nontarget	29	5896
19.653333333333332	0.5	Q	18	5896
19.79	0.5	nontarget	29	5937
19.79	0.5	_	28	5937
19.923333333333332	0.5	nontarget	29	5977
19.923333333333332	0.5	V	23	5977
20.06	0.5	nontarget	29	6018
20.06	0.5	L	13	6018
20.19333333333333	0.5	nontarget	29	6058
20.19333333333333	0.5	H	9	6058
20.326666666666668	0.5	nontarget	29	6098
20.326666666666668	0.5	A	2	6098
20.463333333333335	0.5	nontarget	29	6139
20.463333333333335	0.5	S	20	6139
20.6	0.5	nontarget	29	6180
20.6	0.5	Y	26	6180
20.733333333333334	0.5	nontarget	29	6220
20.733333333333334	0.5	E	6	6220
20.87	0.5	nontarget	29	6261
20.87	0.5	I	10	6261
21.003333333333334	0.5	nontarget	29	6301
21.003333333333334	0.5	O	16	6301
21.14	0.5	nontarget	29	6342
21.14	0.5	N	15	6342
21.273333333333333	0.5	nontarget	29	6382
21.273333333333333	0.5	X	25	6382
21.41	0.5	nontarget	29	6423
21.41	0.5	R	19	6423
21.543333333333333	0.5	nontarget	29	6463
21.543333333333333	0.5	K	12	6463
21.68	0.5	target	30	6504
21.68	0.5	Z	27	6504
21.813333333333333	0.5	nontarget	29	6544
21.813333333333333	0.5	F	7	6544
27.636666666666667	0.5	nontarget	29	8291
27.636666666666667	0.5	S	20	8291
27.77	0.5	nontarget	29	8331
27.77	0.5	P	17	8331
27.906666666666666	0.5	nontarget	29	8372
27.906666666666666	0.5	R	19	8372
28.04	0.5	nontarget	29	8412
28.04	0.5	L	13	8412
28.176666666666666	0.5	nontarget	29	8453
28.176666666666666	0.5	C	4	8453
28.31	0.5	nontarget	29	8493
28.31	0.5	_	28	8493
28.446666666666665	0.5	nontarget	29	8534
28.446666666666665	0.5	G	8	8534
28.583333333333332	0.5	nontarget	29	8575
28.583333333333332	0.5	Y	26	8575
28.716666666666665	0.5	nontarget	29	8615
28.716666666666665	0.5	J	11	8615
28.85333333333333	0.5	nontarget	29	8656
28.85333333333333	0.5	D	5	8656
28.99	0.5	nontarget	29	8697
28.99	0.5	I	10	8697
29.126666666666665	0.5	target	30	8738
29.126666666666665	0.5	U	22	8738
29.263333333333332	0.5	nontarget	29	8779
29.263333333333332	0.5	K	12	8779
29.39666666666667	0.5	nontarget	29	8819
29.39666666666667	0.5	E	6	8819
29.533333333333335	0.5	nontarget	29	8860
29.533333333333335	0.5	V	23	8860
29.67	0.5	nontarget	29	8901
29.67	0.5	B	3	8901
29.80666666666667	0.5	nontarget	29	8942
29.80666666666667	0.5	<	1	8942
29.94	0.5	nontarget	29	8982
29.94	0.5	M	14	8982
30.08	0.5	nontarget	29	9024
30.08	0.5	Z	27	9024
30.213333333333335	0.5	nontarget	29	9064
30.213333333333335	0.5	A	2	9064
30.35	0.5	nontarget	29	9105
30.35	0.5	Q	18	9105
30.486666666666668	0.5	nontarget	29	9146
30.486666666666668	0.5	T	21	9146
30.623333333333335	0.5	nontarget	29	9187
30.623333333333335	0.5	O	16	9187
30.76	0.5	nontarget	29	9228
30.76	0.5	X	25	9228
30.893333333333334	0.5	nontarget	29	9268
30.893333333333334	0.5	W	24	9268
31.03	0.5	nontarget	29	9309
31.03	0.5	F	7	9309
31.166666666666668	0.5	nontarget	29	9350
31.166666666666668	0.5	N	15	9350
31.303333333333335	0.5	nontarget	29	9391
31.303333333333335	0.5	H	9	9391
37.126666666666665	0.5	nontarget	29	11138
37.126666666666665	0.5	D	5	11138
37.263333333333335	0.5	nontarget	29	11179
37.263333333333335	0.5	Z	27	11179
37.4	0.5	nontarget	29	11220
37.4	0.5	_	28	11220
37.53333333333333	0.5	nontarget	29	11260
37.53333333333333	0.5	C	4	11260
37.67	0.5	nontarget	29	11301
37.67	0.5	I	10	11301
37.803333333333335	0.5	nontarget	29	11341
37.803333333333335	0.5	E	6	11341
37.94	0.5	nontarget	29	11382
37.94	0.5	O	16	11382
38.07666666666667	0.5	nontarget	29	11423
38.07666666666667	0.5	A	2	11423
38.21333333333333	0.5	target	30	11464
38.21333333333333	0.5	W	24	11464
38.35	0.5	nontarget	29	11505
38.35	0.5	L	13	11505
38.483333333333334	0.5	nontarget	29	11545
38.483333333333334	0.5	H	9	11545
38.61666666666667	0.5	nontarget	29	11585
38.61666666666667	0.5	S	20	11585
38.75333333333333	0.5	nontarget	29	11626
38.75333333333333	0.5	U	22	11626
38.88666666666666	0.5	nontarget	29	11666
38.88666666666666	0.5	R	19	11666
39.02333333333333	0.5	nontarget	29	11707
39.02333333333333	0.5	M	14	11707
39.16	0.5	nontarget	29	11748
39.16	0.5	P	17	11748
39.29666666666667	0.5	nontarget	29	11789
39.29666666666667	0.5	K	12	11789
39.43333333333333	0.5	nontarget	29	11830
39.43333333333333	0.5	F	7	11830
39.56666666666667	0.5	nontarget	29	11870
39.56666666666667	0.5	X	25	11870
39.70333333333333	0.5	nontarget	29	11911
39.70333333333333	0.5	T	21	11911
39.84	0.5	nontarget	29	11952
39.84	0.5	N	15	11952
39.973333333333336	0.5	nontarget	29	11992
39.973333333333336	0.5	Q	18	11992
40.11	0.5	nontarget	29	12033
40.11	0.5	Y	26	12033
40.25	0.5	nontarget	29	12075
40.25	0.5	V	23	12075
40.38333333333333	0.5	nontarget	29	12115
40.38333333333333	0.5	J	11	12115
40.52	0.5	nontarget	29	12156
40.52	0.5	<	1	12156
40.656666666666666	0.5	nontarget	29	12197
40.656666666666666	0.5	B	3	12197
40.79333333333334	0.5	nontarget	29	12238
40.79333333333334	0.5	G	8	12238
46.61666666666667	0.5	nontarget	29	13985
46.61666666666667	0.5	<	1	13985
46.75	0.5	nontarget	29	14025
46.75	0.5	I	10	14025
46.88666666666666	0.5	nontarget	29	14066
46.88666666666666	0.5	D	5	14066
47.02	0.5	nontarget	29	14106
47.02	0.5	W	24	14106
47.156666666666666	0.5	nontarget	29	14147
47.156666666666666	0.5	F	7	14147
47.29333333333334	0.5	nontarget	29	14188
47.29333333333334	0.5	M	14	14188
47.43	0.5	nontarget	29	14229
47.43	0.5	S	20	14229
47.56666666666667	0.5	nontarget	29	14270
47.56666666666667	0.5	R	19	14270
47.70333333333333	0.5	nontarget	29	14311
47.70333333333333	0.5	C	4	14311
47.836666666666666	0.5	nontarget	29	14351
47.836666666666666	0.5	P	17	14351
47.973333333333336	0.5	target	30	14392
47.973333333333336	0.5	K	12	14392
48.11	0.5	nontarget	29	14433
48.11	0.5	J	11	14433
48.24666666666667	0.5	nontarget	29	14474
48.24666666666667	0.5	H	9	14474
48.38	0.5	nontarget	29	14514
48.38	0.5	_	28	14514
48.516666666666666	0.5	nontarget	29	14555
48.516666666666666	0.5	O	16	14555
48.653333333333336	0.5	nontarget	29	14596
48.653333333333336	0.5	U	22	14596
48.79	0.5	nontarget	29	14637
48.79	0.5	E	6	14637
48.92666666666667	0.5	nontarget	29	14678
48.92666666666667	0.5	Z	27	14678
49.06333333333333	0.5	nontarget	29	14719
49.06333333333333	0.5	X	25	14719
49.196666666666665	0.5	nontarget	29	14759
49.196666666666665	0.5	Y	26	14759
49.333333333333336	0.5	nontarget	29	14800
49.333333333333336	0.5	B	3	14800
49.47	0.5	nontarget	29	14841
49.47	0.5	T	21	14841
49.61	0.5	nontarget	29	14883
49.61	0.5	Q	18	14883
49.74333333333333	0.5	nontarget	29	14923
49.74333333333333	0.5	A	2	14923
49.88	0.5	nontarget	29	14964
49.88	0.5	L	13	14964
50.013333333333335	0.5	nontarget	29	15004
50.013333333333335	0.5	G	8	15004
50.15	0.5	nontarget	29	15045
50.15	0.5	N	15	15045
50.28666666666667	0.5	nontarget	29	15086
50.28666666666667	0.5	V	23	15086
56.11	0.5	nontarget	29	16833
56.11	0.5	L	13	16833
56.24666666666667	0.5	nontarget	29	16874
56.24666666666667	0.5	G	8	16874
56.38333333333333	0.5	nontarget	29	16915
56.38333333333333	0.5	Z	27	16915
56.516666666666666	0.5	nontarget	29	16955
56.516666666666666	0.5	Y	26	16955
56.653333333333336	0.5	nontarget	29	16996
56.653333333333336	0.5	<	1	16996
56.79	0.5	nontarget	29	17037
56.79	0.5	E	6	17037
56.92666666666667	0.5	nontarget	29	17078
56.92666666666667	0.5	H	9	17078
57.06333333333333	0.5	nontarget	29	17119
57.06333333333333	0.5	W	24	17119
57.2	0.5	nontarget	29	17160
57.2	0.5	D	5	17160
57.336666666666666	0.5	nontarget	29	17201
57.336666666666666	0.5	B	3	17201
57.473333333333336	0.5	nontarget	29	17242
57.473333333333336	0.5	T	21	17242
57.60666666666667	0.5	nontarget	29	17282
57.60666666666667	0.5	J	11	17282
57.74333333333333	0.5	target	30	17323
57.74333333333333	0.5	N	15	17323
57.88	0.5	nontarget	29	17364
57.88	0.5	V	23	17364
58.016666666666666	0.5	nontarget	29	17405
58.016666666666666	0.5	R	19	17405
58.153333333333336	0.5	nontarget	29	17446
58.153333333333336	0.5	S	20	17446
58.29	0.5	nontarget	29	17487
58.29	0.5	_	28	17487
58.42333333333333	0.5	nontarget	29	17527
58.42333333333333	0.5	P	17	17527
58.56333333333333	0.5	nontarget	29	17569
58.56333333333333	0.5	O	16	17569
58.7	0.5	nontarget	29	17610
58.7	0.5	C	4	17610
58.836666666666666	0.5	nontarget	29	17651
58.836666666666666	0.5	I	10	17651
58.973333333333336	0.5	nontarget	29	17692
58.973333333333336	0.5	K	12	17692
59.11	0.5	nontarget	29	17733
59.11	0.5	A	2	17733
59.24666666666667	0.5	nontarget	29	17774
59.24666666666667	0.5	U	22	17774
59.38333333333333	0.5	nontarget	29	17815
59.38333333333333	0.5	Q	18	17815
59.516666666666666	0.5	nontarget	29	17855
59.516666666666666	0.5	F	7	17855
59.653333333333336	0.5	nontarget	29	17896
59.653333333333336	0.5	M	14	17896
59.79	0.5	nontarget	29	17937
59.79	0.5	X	25	17937
65.61666666666666	0.5	nontarget	29	19685
65.61666666666666	0.5	L	13	19685
65.75	0.5	nontarget	29	19725
65.75	0.5	R	19	19725
65.88666666666667	0.5	nontarget	29	19766
65.88666666666667	0.5	H	9	19766
66.02333333333333	0.5	nontarget	29	19807
66.02333333333333	0.5	V	23	19807
66.16	0.5	nontarget	29	19848
66.16	0.5	Q	18	19848
66.29666666666667	0.5	nontarget	29	19889
66.29666666666667	0.5	J	11	19889
66.43333333333334	0.5	nontarget	29	19930
66.43333333333334	0.5	A	2	19930
66.57	0.5	nontarget	29	19971
66.57	0.5	N	15	19971
66.71333333333334	0.5	nontarget	29	20014
66.71333333333334	0.5	P	17	20014
66.85	0.5	nontarget	29	20055
66.85	0.5	S	20	20055
66.99	0.5	nontarget	29	20097
66.99	0.5	G	8	20097
67.13	0.5	nontarget	29	20139
67.13	0.5	U	22	20139
67.26666666666667	0.5	nontarget	29	20180
67.26666666666667	0.5	Y	26	20180
67.40333333333334	0.5	nontarget	29	20221
67.40333333333334	0.5	K	12	20221
67.53666666666666	0.5	nontarget	29	20261
67.53666666666666	0.5	X	25	20261
67.67333333333333	0.5	nontarget	29	20302
67.67333333333333	0.5	T	21	20302
67.80666666666667	0.5	nontarget	29	20342
67.80666666666667	0.5	<	1	20342
67.94333333333333	0.5	nontarget	29	20383
67.94333333333333	0.5	B	3	20383
68.08	0.5	nontarget	29	20424
68.08	0.5	F	7	20424
68.21666666666667	0.5	nontarget	29	20465
68.21666666666667	0.5	Z	27	20465
68.35	0.5	nontarget	29	20505
68.35	0.5	O	16	20505
68.48666666666666	0.5	nontarget	29	20546
68.48666666666666	0.5	_	28	20546
68.62333333333333	0.5	nontarget	29	20587
68.62333333333333	0.5	E	6	20587
68.76	0.5	nontarget	29	20628
68.76	0.5	M	14	20628
68.89666666666666	0.5	nontarget	29	20669
68.89666666666666	0.5	C	4	20669
69.03666666666666	0.5	nontarget	29	20711
69.03666666666666	0.5	D	5	20711
69.17333333333333	0.5	target	30	20752
69.17333333333333	0.5	I	10	20752
69.31	0.5	nontarget	29	20793
69.31	0.5	W	24	20793
75.13	0.5	nontarget	29	22539
75.13	0.5	V	23	22539
75.26666666666667	0.5	nontarget	29	22580
75.26666666666667	0.5	_	28	22580
75.40333333333334	0.5	nontarget	29	22621
75.40333333333334	0.5	E	6	22621
75.53666666666666	0.5	nontarget	29	22661
75.53666666666666	0.5	N	15	22661
75.67333333333333	0.5	nontarget	29	22702
75.67333333333333	0.5	R	19	22702
75.81	0.5	nontarget	29	22743
75.81	0.5	O	16	22743
75.94666666666667	0.5	nontarget	29	22784
75.94666666666667	0.5	G	8	22784
76.08333333333333	0.5	nontarget	29	22825
76.08333333333333	0.5	T	21	22825
76.22	0.5	nontarget	29	22866
76.22	0.5	M	14	22866
76.35666666666667	0.5	nontarget	29	22907
76.35666666666667	0.5	<	1	22907
76.49	0.5	nontarget	29	22947
76.49	0.5	A	2	22947
76.62666666666667	0.5	nontarget	29	22988
76.62666666666667	0.5	X	25	22988
76.76	0.5	nontarget	29	23028
76.76	0.5	F	7	23028
76.89666666666666	0.5	nontarget	29	23069
76.89666666666666	0.5	L	13	23069
77.03666666666666	0.5	nontarget	29	23111
77.03666666666666	0.5	K	12	23111
77.17333333333333	0.5	nontarget	29	23152
77.17333333333333	0.5	P	17	23152
77.31	0.5	nontarget	29	23193
77.31	0.5	H	9	23193
77.44333333333333	0.5	nontarget	29	23233
77.44333333333333	0.5	I	10	23233
77.58333333333333	0.5	target	30	23275
77.58333333333333	0.5	Y	26	23275
77.71666666666667	0.5	nontarget	29	23315
77.71666666666667	0.5	Z	27	23315
77.85333333333334	0.5	nontarget	29	23356
77.85333333333334	0.5	Q	18	23356
77.99	0.5	nontarget	29	23397
77.99	0.5	S	20	23397
78.12333333333333	0.5	nontarget	29	23437
78.12333333333333	0.5	W	24	23437
78.26	0.5	nontarget	29	23478
78.26	0.5	J	11	23478
78.39666666666666	0.5	nontarget	29	23519
78.39666666666666	0.5	D	5	23519
78.53	0.5	nontarget	29	23559
78.53	0.5	C	4	23559
78.66666666666667	0.5	nontarget	29	23600
78.66666666666667	0.5	B	3	23600
78.80333333333333	0.5	nontarget	29	23641
78.80333333333333	0.5	U	22	23641
84.62333333333333	0.5	target	30	25387
84.62333333333333	0.5	S	20	25387
84.76	0.5	nontarget	29	25428
84.76	0.5	H	9	25428
84.89333333333333	0.5	nontarget	29	25468
84.89333333333333	0.5	I	10	25468
85.03	0.5	nontarget	29	25509
85.03	0.5	D	5	25509
85.16666666666667	0.5	nontarget	29	25550
85.16666666666667	0.5	M	14	25550
85.30333333333333	0.5	nontarget	29	25591
85.30333333333333	0.5	T	21	25591
85.44	0.5	nontarget	29	25632
85.44	0.5	C	4	25632
85.57666666666667	0.5	nontarget	29	25673
85.57666666666667	0.5	K	12	25673
85.71333333333334	0.5	nontarget	29	25714
85.71333333333334	0.5	Z	27	25714
85.84666666666666	0.5	nontarget	29	25754
85.84666666666666	0.5	G	8	25754
85.98333333333333	0.5	nontarget	29	25795
85.98333333333333	0.5	L	13	25795
86.11666666666666	0.5	nontarget	29	25835
86.11666666666666	0.5	O	16	25835
86.25333333333333	0.5	nontarget	29	25876
86.25333333333333	0.5	W	24	25876
86.38666666666667	0.5	nontarget	29	25916
86.38666666666667	0.5	A	2	25916
86.52333333333333	0.5	nontarget	29	25957
86.52333333333333	0.5	Y	26	25957
86.66	0.5	nontarget	29	25998
86.66	0.5	P	17	25998
86.79666666666667	0.5	nontarget	29	26039
86.79666666666667	0.5	E	6	26039
86.93333333333334	0.5	nontarget	29	26080
86.93333333333334	0.5	V	23	26080
87.07	0.5	nontarget	29	26121
87.07	0.5	Q	18	26121
87.27	0.5	nontarget	29	26181
87.27	0.5	<	1	26181
87.40666666666667	0.5	nontarget	29	26222
87.40666666666667	0.5	_	28	26222
87.54	0.5	nontarget	29	26262
87.54	0.5	N	15	26262
87.68	0.5	nontarget	29	26304
87.68	0.5	X	25	26304
87.81333333333333	0.5	nontarget	29	26344
87.81333333333333	0.5	F	7	26344
87.95	0.5	nontarget	29	26385
87.95	0.5	R	19	26385
88.08666666666667	0.5	nontarget	29	26426
88.08666666666667	0.5	U	22	26426
88.22	0.5	nontarget	29	26466
88.22	0.5	J	11	26466
88.35666666666667	0.5	nontarget	29	26507
88.35666666666667	0.5	B	3	26507
94.17666666666666	0.5	nontarget	29	28253
94.17666666666666	0.5	H	9	28253
94.31333333333333	0.5	target	30	28294
94.31333333333333	0.5	<	1	28294
94.45	0.5	nontarget	29	28335
94.45	0.5	_	28	28335
94.58333333333333	0.5	nontarget	29	28375
94.58333333333333	0.5	A	2	28375
94.72	0.5	nontarget	29	28416
94.72	0.5	T	21	28416
94.85666666666667	0.5	nontarget	29	28457
94.85666666666667	0.5	I	10	28457
94.99333333333334	0.5	nontarget	29	28498
94.99333333333334	0.5	Z	27	28498
95.12666666666667	0.5	nontarget	29	28538
95.12666666666667	0.5	Q	18	28538
95.26333333333334	0.5	nontarget	29	28579
95.26333333333334	0.5	F	7	28579
95.4	0.5	nontarget	29	28620
95.4	0.5	W	24	28620
95.53666666666666	0.5	nontarget	29	28661
95.53666666666666	0.5	C	4	28661
95.67333333333333	0.5	nontarget	29	28702
95.67333333333333	0.5	M	14	28702
95.81	0.5	nontarget	29	28743
95.81	0.5	P	17	28743
95.94333333333333	0.5	nontarget	29	28783
95.94333333333333	0.5	N	15	28783
96.08	0.5	nontarget	29	28824
96.08	0.5	E	6	28824
96.21666666666667	0.5	nontarget	29	28865
96.21666666666667	0.5	K	12	28865
96.35333333333334	0.5	nontarget	29	28906
96.35333333333334	0.5	X	25	28906
96.48666666666666	0.5	nontarget	29	28946
96.48666666666666	0.5	R	19	28946
96.62	0.5	nontarget	29	28986
96.62	0.5	J	11	28986
96.75666666666666	0.5	nontarget	29	29027
96.75666666666666	0.5	Y	26	29027
96.89333333333333	0.5	nontarget	29	29068
96.89333333333333	0.5	D	5	29068
97.03	0.5	nontarget	29	29109
97.03	0.5	G	8	29109
97.16333333333333	0.5	nontarget	29	29149
97.16333333333333	0.5	S	20	29149
97.3	0.5	nontarget	29	29190
97.3	0.5	L	13	29190
97.43666666666667	0.5	nontarget	29	29231
97.43666666666667	0.5	B	3	29231
97.57333333333334	0.5	nontarget	29	29272
97.57333333333334	0.5	U	22	29272
97.71	0.5	nontarget	29	29313
97.71	0.5	V	23	29313
97.84666666666666	0.5	nontarget	29	29354
97.84666666666666	0.5	O	16	29354
103.67	0.5	nontarget	29	31101
103.67	0.5	_	28	31101
103.80333333333333	0.5	nontarget	29	31141
103.80333333333333	0.5	Q	18	31141
103.94	0.5	nontarget	29	31182
103.94	0.5	K	12	31182
104.07666666666667	0.5	nontarget	29	31223
104.07666666666667	0.5	X	25	31223
104.21	0.5	nontarget	29	31263
104.21	0.5	B	3	31263
104.34333333333333	0.5	nontarget	29	31303
104.34333333333333	0.5	<	1	31303
104.48	0.5	nontarget	29	31344
104.48	0.5	V	23	31344
104.61666666666666	0.5	nontarget	29	31385
104.61666666666666	0.5	H	9	31385
104.75333333333333	0.5	nontarget	29	31426
104.75333333333333	0.5	L	13	31426
104.88666666666667	0.5	nontarget	29	31466
104.88666666666667	0.5	G	8	31466
105.02333333333333	0.5	nontarget	29	31507
105.02333333333333	0.5	U	22	31507
105.16333333333333	0.5	nontarget	29	31549
105.16333333333333	0.5	D	5	31549
105.3	0.5	nontarget	29	31590
105.3	0.5	O	16	31590
105.43666666666667	0.5	nontarget	29	31631
105.43666666666667	0.5	Y	26	31631
105.57	0.5	nontarget	29	31671
105.57	0.5	A	2	31671
105.70666666666666	0.5	nontarget	29	31712
105.70666666666666	0.5	C	4	31712
105.84333333333333	0.5	nontarget	29	31753
105.84333333333333	0.5	M	14	31753
105.98	0.5	target	30	31794
105.98	0.5	J	11	31794
106.11333333333333	0.5	nontarget	29	31834
106.11333333333333	0.5	F	7	31834
106.25	0.5	nontarget	29	31875
106.25	0.5	P	17	31875
106.38666666666667	0.5	nontarget	29	31916
106.38666666666667	0.5	T	21	31916
106.52333333333333	0.5	nontarget	29	31957
106.52333333333333	0.5	Z	27	31957
106.66	0.5	nontarget	29	31998
106.66	0.5	W	24	31998
106.79333333333334	0.5	nontarget	29	32038
106.79333333333334	0.5	N	15	32038
106.93	0.5	nontarget	29	32079
106.93	0.5	I	10	32079
107.06666666666666	0.5	nontarget	29	32120
107.06666666666666	0.5	R	19	32120
107.20333333333333	0.5	nontarget	29	32161
107.20333333333333	0.5	E	6	32161
107.34	0.5	nontarget	29	32202
107.34	0.5	S	20	32202
113.16666666666667	0.5	nontarget	29	33950
113.16666666666667	0.5	L	13	33950
113.30333333333333	0.5	nontarget	29	33991
113.30333333333333	0.5	P	17	33991
113.44	0.5	nontarget	29	34032
113.44	0.5	K	12	34032
113.57666666666667	0.5	nontarget	29	34073
113.57666666666667	0.5	W	24	34073
113.71	0.5	nontarget	29	34113
113.71	0.5	D	5	34113
113.84666666666666	0.5	nontarget	29	34154
113.84666666666666	0.5	C	4	34154
113.98333333333333	0.5	nontarget	29	34195
113.98333333333333	0.5	<	1	34195
114.12	0.5	nontarget	29	34236
114.12	0.5	N	15	34236
114.25666666666666	0.5	nontarget	29	34277
114.25666666666666	0.5	J	11	34277
114.39333333333333	0.5	nontarget	29	34318
114.39333333333333	0.5	_	28	34318
114.53	0.5	nontarget	29	34359
114.53	0.5	T	21	34359
114.66333333333333	0.5	nontarget	29	34399
114.66333333333333	0.5	Z	27	34399
114.8	0.5	nontarget	29	34440
114.8	0.5	I	10	34440
114.93333333333334	0.5	nontarget	29	34480
114.93333333333334	0.5	G	8	34480
115.07	0.5	nontarget	29	34521
115.07	0.5	V	23	34521
115.20666666666666	0.5	nontarget	29	34562
115.20666666666666	0.5	Y	26	34562
115.34	0.5	nontarget	29	34602
115.34	0.5	U	22	34602
115.47666666666667	0.5	nontarget	29	34643
115.47666666666667	0.5	Q	18	34643
115.61333333333333	0.5	nontarget	29	34684
115.61333333333333	0.5	S	20	34684
115.74666666666667	0.5	nontarget	29	34724
115.74666666666667	0.5	E	6	34724
115.88333333333334	0.5	nontarget	29	34765
115.88333333333334	0.5	B	3	34765
116.01666666666667	0.5	nontarget	29	34805
116.01666666666667	0.5	A	2	34805
116.15333333333334	0.5	nontarget	29	34846
116.15333333333334	0.5	O	16	34846
116.28666666666666	0.5	nontarget	29	34886
116.28666666666666	0.5	F	7	34886
116.42333333333333	0.5	target	30	34927
116.42333333333333	0.5	M	14	34927
116.55666666666667	0.5	nontarget	29	34967
116.55666666666667	0.5	R	19	34967
116.69333333333333	0.5	nontarget	29	35008
116.69333333333333	0.5	X	25	35008
116.83	0.5	nontarget	29	35049
116.83	0.5	H	9	35049
122.64666666666666	0.5	nontarget	29	36794
122.64666666666666	0.5	C	4	36794
122.78333333333333	0.5	nontarget	29	36835
122.78333333333333	0.5	K	12	36835
122.92	0.5	nontarget	29	36876
122.92	0.5	B	3	36876
123.05666666666667	0.5	nontarget	29	36917
123.05666666666667	0.5	L	13	36917
123.19333333333333	0.5	nontarget	29	36958
123.19333333333333	0.5	R	19	36958
123.33	0.5	nontarget	29	36999
123.33	0.5	Y	26	36999
123.47	0.5	nontarget	29	37041
123.47	0.5	V	23	37041
123.60333333333334	0.5	nontarget	29	37081
123.60333333333334	0.5	E	6	37081
123.74	0.5	nontarget	29	37122
123.74	0.5	M	14	37122
123.87333333333333	0.5	nontarget	29	37162
123.87333333333333	0.5	A	2	37162
124.01	0.5	nontarget	29	37203
124.01	0.5	D	5	37203
124.14666666666666	0.5	nontarget	29	37244
124.14666666666666	0.5	F	7	37244
124.28333333333333	0.5	nontarget	29	37285
124.28333333333333	0.5	_	28	37285
124.41666666666667	0.5	nontarget	29	37325
124.41666666666667	0.5	Z	27	37325
124.55333333333333	0.5	nontarget	29	37366
124.55333333333333	0.5	P	17	37366
124.69	0.5	nontarget	29	37407
124.69	0.5	S	20	37407
124.82666666666667	0.5	nontarget	29	37448
124.82666666666667	0.5	W	24	37448
124.96333333333334	0.5	nontarget	29	37489
124.96333333333334	0.5	J	11	37489
125.1	0.5	nontarget	29	37530
125.1	0.5	H	9	37530
125.23666666666666	0.5	nontarget	29	37571
125.23666666666666	0.5	I	10	37571
125.37	0.5	nontarget	29	37611
125.37	0.5	O	16	37611
125.51	0.5	nontarget	29	37653
125.51	0.5	N	15	37653
125.64333333333333	0.5	nontarget	29	37693
125.64333333333333	0.5	X	25	37693
125.78	0.5	target	30	37734
125.78	0.5	G	8	37734
125.91666666666667	0.5	nontarget	29	37775
125.91666666666667	0.5	U	22	37775
126.05	0.5	nontarget	29	37815
126.05	0.5	T	21	37815
126.18666666666667	0.5	nontarget	29	37856
126.18666666666667	0.5	Q	18	37856
126.32	0.5	nontarget	29	37896
126.32	0.5	<	1	37896
132.14	0.5	nontarget	29	39642
132.14	0.5	Y	26	39642
132.27333333333334	0.5	nontarget	29	39682
132.27333333333334	0.5	C	4	39682
132.41	0.5	nontarget	29	39723
132.41	0.5	B	3	39723
132.54333333333332	0.5	nontarget	29	39763
132.54333333333332	0.5	X	25	39763
132.68	0.5	nontarget	29	39804
132.68	0.5	<	1	39804
132.81333333333333	0.5	nontarget	29	39844
132.81333333333333	0.5	I	10	39844
132.95	0.5	nontarget	29	39885
132.95	0.5	D	5	39885
133.08666666666667	0.5	nontarget	29	39926
133.08666666666667	0.5	V	23	39926
133.22333333333333	0.5	nontarget	29	39967
133.22333333333333	0.5	_	28	39967
133.35666666666665	0.5	nontarget	29	40007
133.35666666666665	0.5	Z	27	40007
133.49333333333334	0.5	nontarget	29	40048
133.49333333333334	0.5	Q	18	40048
133.62666666666667	0.5	nontarget	29	40088
133.62666666666667	0.5	S	20	40088
133.76333333333332	0.5	nontarget	29	40129
133.76333333333332	0.5	N	15	40129
133.89666666666668	0.5	nontarget	29	40169
133.89666666666668	0.5	F	7	40169
134.03333333333333	0.5	nontarget	29	40210
134.03333333333333	0.5	G	8	40210
134.17	0.5	nontarget	29	40251
134.17	0.5	P	17	40251
134.30666666666667	0.5	target	30	40292
134.30666666666667	0.5	A	2	40292
134.44	0.5	nontarget	29	40332
134.44	0.5	E	6	40332
134.57666666666665	0.5	nontarget	29	40373
134.57666666666665	0.5	J	11	40373
134.71333333333334	0.5	nontarget	29	40414
134.71333333333334	0.5	M	14	40414
134.84666666666666	0.5	nontarget	29	40454
134.84666666666666	0.5	W	24	40454
134.98666666666668	0.5	nontarget	29	40496
134.98666666666668	0.5	T	21	40496
135.12	0.5	nontarget	29	40536
135.12	0.5	U	22	40536
135.25666666666666	0.5	nontarget	29	40577
135.25666666666666	0.5	H	9	40577
135.39333333333335	0.5	nontarget	29	40618
135.39333333333335	0.5	O	16	40618
135.53	0.5	nontarget	29	40659
135.53	0.5	R	19	40659
135.66333333333333	0.5	nontarget	29	40699
135.66333333333333	0.5	L	13	40699
135.8	0.5	nontarget	29	40740
135.8	0.5	K	12	40740
141.62	0.5	nontarget	29	42486
141.62	0.5	M	14	42486
141.75333333333333	0.5	nontarget	29	42526
141.75333333333333	0.5	B	3	42526
141.89	0.5	nontarget	29	42567
141.89	0.5	L	13	42567
142.02333333333334	0.5	nontarget	29	42607
142.02333333333334	0.5	I	10	42607
142.16	0.5	nontarget	29	42648
142.16	0.5	X	25	42648
142.29666666666665	0.5	nontarget	29	42689
142.29666666666665	0.5	O	16	42689
142.43	0.5	nontarget	29	42729
142.43	0.5	G	8	42729
142.56666666666666	0.5	nontarget	29	42770
142.56666666666666	0.5	<	1	42770
142.70333333333335	0.5	nontarget	29	42811
142.70333333333335	0.5	D	5	42811
142.83666666666667	0.5	nontarget	29	42851
142.83666666666667	0.5	S	20	42851
142.97333333333333	0.5	nontarget	29	42892
142.97333333333333	0.5	T	21	42892
143.10666666666665	0.5	nontarget	29	42932
143.10666666666665	0.5	K	12	42932
143.24666666666667	0.5	nontarget	29	42974
143.24666666666667	0.5	W	24	42974
143.38333333333333	0.5	target	30	43015
143.38333333333333	0.5	_	28	43015
143.52	0.5	nontarget	29	43056
143.52	0.5	Y	26	43056
143.65666666666667	0.5	nontarget	29	43097
143.65666666666667	0.5	F	7	43097
143.79	0.5	nontarget	29	43137
143.79	0.5	H	9	43137
143.92666666666668	0.5	nontarget	29	43178
143.92666666666668	0.5	Z	27	43178
144.06333333333333	0.5	nontarget	29	43219
144.06333333333333	0.5	E	6	43219
144.2	0.5	nontarget	29	43260
144.2	0.5	R	19	43260
144.33666666666667	0.5	nontarget	29	43301
144.33666666666667	0.5	U	22	43301
144.47666666666666	0.5	nontarget	29	43343
144.47666666666666	0.5	V	23	43343
144.61333333333334	0.5	nontarget	29	43384
144.61333333333334	0.5	A	2	43384
144.75	0.5	nontarget	29	43425
144.75	0.5	Q	18	43425
144.88666666666666	0.5	nontarget	29	43466
144.88666666666666	0.5	J	11	43466
145.02333333333334	0.5	nontarget	29	43507
145.02333333333334	0.5	N	15	43507
145.16	0.5	nontarget	29	43548
145.16	0.5	C	4	43548
145.29333333333332	0.5	nontarget	29	43588
145.29333333333332	0.5	P	17	43588
151.11333333333334	0.5	nontarget	29	45334
151.11333333333334	0.5	T	21	45334
151.25333333333333	0.5	nontarget	29	45376
151.25333333333333	0.5	W	24	45376
151.39	0.5	nontarget	29	45417
151.39	0.5	P	17	45417
151.52666666666667	0.5	nontarget	29	45458
151.52666666666667	0.5	I	10	45458
151.66333333333333	0.5	target	30	45499
151.66333333333333	0.5	H	9	45499
151.8	0.5	nontarget	29	45540
151.8	0.5	G	8	45540
151.93666666666667	0.5	nontarget	29	45581
151.93666666666667	0.5	A	2	45581
152.07333333333332	0.5	nontarget	29	45622
152.07333333333332	0.5	R	19	45622
152.21	0.5	nontarget	29	45663
152.21	0.5	U	22	45663
152.34333333333333	0.5	nontarget	29	45703
152.34333333333333	0.5	C	4	45703
152.48	0.5	nontarget	29	45744
152.48	0.5	F	7	45744
152.61666666666667	0.5	nontarget	29	45785
152.61666666666667	0.5	Z	27	45785
152.75	0.5	nontarget	29	45825
152.75	0.5	M	14	45825
152.88666666666666	0.5	nontarget	29	45866
152.88666666666666	0.5	V	23	45866
153.02	0.5	nontarget	29	45906
153.02	0.5	Y	26	45906
153.15666666666667	0.5	nontarget	29	45947
153.15666666666667	0.5	L	13	45947
153.29333333333332	0.5	nontarget	29	45988
153.29333333333332	0.5	X	25	45988
153.43	0.5	nontarget	29	46029
153.43	0.5	E	6	46029
153.56666666666666	0.5	nontarget	29	46070
153.56666666666666	0.5	<	1	46070
153.7	0.5	nontarget	29	46110
153.7	0.5	J	11	46110
153.83666666666667	0.5	nontarget	29	46151
153.83666666666667	0.5	_	28	46151
153.97	0.5	nontarget	29	46191
153.97	0.5	O	16	46191
154.10666666666665	0.5	nontarget	29	46232
154.10666666666665	0.5	S	20	46232
154.24333333333334	0.5	nontarget	29	46273
154.24333333333334	0.5	N	15	46273
154.38	0.5	nontarget	29	46314
154.38	0.5	K	12	46314
154.51666666666668	0.5	nontarget	29	46355
154.51666666666668	0.5	D	5	46355
154.65333333333334	0.5	nontarget	29	46396
154.65333333333334	0.5	Q	18	46396
154.79	0.5	nontarget	29	46437
154.79	0.5	B	3	46437
160.61	0.5	nontarget	29	48183
160.61	0.5	N	15	48183
160.74666666666667	0.5	nontarget	29	48224
160.74666666666667	0.5	E	6	48224
160.88333333333333	0.5	nontarget	29	48265
160.88333333333333	0.5	Z	27	48265
161.01666666666668	0.5	nontarget	29	48305
161.01666666666668	0.5	H	9	48305
161.15333333333334	0.5	nontarget	29	48346
161.15333333333334	0.5	D	5	48346
161.29333333333332	0.5	nontarget	29	48388
161.29333333333332	0.5	Q	18	48388
161.42666666666668	0.5	nontarget	29	48428
161.42666666666668	0.5	_	28	48428
161.56333333333333	0.5	nontarget	29	48469
161.56333333333333	0.5	B	3	48469
161.7	0.5	target	30	48510
161.7	0.5	F	7	48510
161.83666666666667	0.5	nontarget	29	48551
161.83666666666667	0.5	G	8	48551
161.97	0.5	nontarget	29	48591
161.97	0.5	Y	26	48591
162.11	0.5	nontarget	29	48633
162.11	0.5	C	4	48633
162.24333333333334	0.5	nontarget	29	48673
162.24333333333334	0.5	U	22	48673
162.38	0.5	nontarget	29	48714
162.38	0.5	W	24	48714
162.51333333333332	0.5	nontarget	29	48754
162.51333333333332	0.5	X	25	48754
162.65	0.5	nontarget	29	48795
162.65	0.5	K	12	48795
162.78666666666666	0.5	nontarget	29	48836
162.78666666666666	0.5	S	20	48836
162.92	0.5	nontarget	29	48876
162.92	0.5	<	1	48876
163.05666666666667	0.5	nontarget	29	48917
163.05666666666667	0.5	O	16	48917
163.19	0.5	nontarget	29	48957
163.19	0.5	T	21	48957
163.33	0.5	nontarget	29	48999
163.33	0.5	V	23	48999
163.46666666666667	0.5	nontarget	29	49040
163.46666666666667	0.5	L	13	49040
163.60333333333332	0.5	nontarget	29	49081
163.60333333333332	0.5	R	19	49081
163.74	0.5	nontarget	29	49122
163.74	0.5	A	2	49122
163.87333333333333	0.5	nontarget	29	49162
163.87333333333333	0.5	M	14	49162
164.01333333333332	0.5	nontarget	29	49204
164.01333333333332	0.5	I	10	49204
164.14666666666668	0.5	nontarget	29	49244
164.14666666666668	0.5	J	11	49244
164.28333333333333	0.5	nontarget	29	49285
164.28333333333333	0.5	P	17	49285
170.10666666666665	0.5	nontarget	29	51032
170.10666666666665	0.5	<	1	51032
170.24333333333334	0.5	nontarget	29	51073
170.24333333333334	0.5	E	6	51073
170.37666666666667	0.5	nontarget	29	51113
170.37666666666667	0.5	W	24	51113
170.51333333333332	0.5	nontarget	29	51154
170.51333333333332	0.5	_	28	51154
170.65	0.5	nontarget	29	51195
170.65	0.5	V	23	51195
170.78666666666666	0.5	nontarget	29	51236
170.78666666666666	0.5	Q	18	51236
170.92333333333335	0.5	nontarget	29	51277
170.92333333333335	0.5	X	25	51277
171.06	0.5	nontarget	29	51318
171.06	0.5	L	13	51318
171.19666666666666	0.5	nontarget	29	51359
171.19666666666666	0.5	J	11	51359
171.33333333333334	0.5	nontarget	29	51400
171.33333333333334	0.5	A	2	51400
171.47	0.5	nontarget	29	51441
171.47	0.5	N	15	51441
171.60666666666665	0.5	nontarget	29	51482
171.60666666666665	0.5	H	9	51482
171.74	0.5	nontarget	29	51522
171.74	0.5	F	7	51522
171.87666666666667	0.5	nontarget	29	51563
171.87666666666667	0.5	M	14	51563
172.01	0.5	nontarget	29	51603
172.01	0.5	U	22	51603
172.14666666666668	0.5	nontarget	29	51644
172.14666666666668	0.5	I	10	51644
172.28333333333333	0.5	nontarget	29	51685
172.28333333333333	0.5	O	16	51685
172.41666666666666	0.5	nontarget	29	51725
172.41666666666666	0.5	G	8	51725
172.55333333333334	0.5	nontarget	29	51766
172.55333333333334	0.5	R	19	51766
172.69	0.5	target	30	51807
172.69	0.5	D	5	51807
172.82666666666665	0.5	nontarget	29	51848
172.82666666666665	0.5	C	4	51848
172.96333333333334	0.5	nontarget	29	51889
172.96333333333334	0.5	K	12	51889
173.1	0.5	nontarget	29	51930
173.1	0.5	T	21	51930
173.23666666666668	0.5	nontarget	29	51971
173.23666666666668	0.5	Y	26	51971
173.37333333333333	0.5	nontarget	29	52012
173.37333333333333	0.5	P	17	52012
173.50666666666666	0.5	nontarget	29	52052
173.50666666666666	0.5	B	3	52052
173.64333333333335	0.5	nontarget	29	52093
173.64333333333335	0.5	Z	27	52093
173.78	0.5	nontarget	29	52134
173.78	0.5	S	20	52134
179.60333333333332	0.5	nontarget	29	53881
179.60333333333332	0.5	S	20	53881
179.74	0.5	target	30	53922
179.74	0.5	O	16	53922
179.87666666666667	0.5	nontarget	29	53963
179.87666666666667	0.5	C	4	53963
180.01333333333332	0.5	nontarget	29	54004
180.01333333333332	0.5	Q	18	54004
180.15	0.5	nontarget	29	54045
180.15	0.5	J	11	54045
180.28666666666666	0.5	nontarget	29	54086
180.28666666666666	0.5	Y	26	54086
180.42333333333335	0.5	nontarget	29	54127
180.42333333333335	0.5	H	9	54127
180.55666666666667	0.5	nontarget	29	54167
180.55666666666667	0.5	N	15	54167
180.69333333333333	0.5	nontarget	29	54208
180.69333333333333	0.5	D	5	54208
180.83	0.5	nontarget	29	54249
180.83	0.5	E	6	54249
180.96333333333334	0.5	nontarget	29	54289
180.96333333333334	0.5	G	8	54289
181.1	0.5	nontarget	29	54330
181.1	0.5	_	28	54330
181.23666666666668	0.5	nontarget	29	54371
181.23666666666668	0.5	I	10	54371
181.37	0.5	nontarget	29	54411
181.37	0.5	B	3	54411
181.50666666666666	0.5	nontarget	29	54452
181.50666666666666	0.5	A	2	54452
181.64666666666668	0.5	nontarget	29	54494
181.64666666666668	0.5	V	23	54494
181.78	0.5	nontarget	29	54534
181.78	0.5	T	21	54534
181.92	0.5	nontarget	29	54576
181.92	0.5	R	19	54576
182.05666666666667	0.5	nontarget	29	54617
182.05666666666667	0.5	U	22	54617
182.19333333333333	0.5	nontarget	29	54658
182.19333333333333	0.5	P	17	54658
182.32666666666665	0.5	nontarget	29	54698
182.32666666666665	0.5	M	14	54698
182.46333333333334	0.5	nontarget	29	54739
182.46333333333334	0.5	X	25	54739
182.6	0.5	nontarget	29	54780
182.6	0.5	K	12	54780
182.74	0.5	nontarget	29	54822
182.74	0.5	F	7	54822
182.87333333333333	0.5	nontarget	29	54862
182.87333333333333	0.5	Z	27	54862
183.01	0.5	nontarget	29	54903
183.01	0.5	W	24	54903
183.14666666666668	0.5	nontarget	29	54944
183.14666666666668	0.5	<	1	54944
183.28333333333333	0.5	nontarget	29	54985
183.28333333333333	0.5	L	13	54985
189.10666666666665	0.5	nontarget	29	56732
189.10666666666665	0.5	H	9	56732
189.24333333333334	0.5	nontarget	29	56773
189.24333333333334	0.5	F	7	56773
189.38	0.5	nontarget	29	56814
189.38	0.5	Z	27	56814
189.51666666666668	0.5	nontarget	29	56855
189.51666666666668	0.5	Y	26	56855
189.65	0.5	nontarget	29	56895
189.65	0.5	N	15	56895
189.78666666666666	0.5	nontarget	29	56936
189.78666666666666	0.5	A	2	56936
189.92	0.5	nontarget	29	56976
189.92	0.5	J	11	56976
190.05666666666667	0.5	nontarget	29	57017
190.05666666666667	0.5	P	17	57017
190.19333333333333	0.5	nontarget	29	57058
190.19333333333333	0.5	L	13	57058
190.33	0.5	nontarget	29	57099
190.33	0.5	S	20	57099
190.46666666666667	0.5	nontarget	29	57140
190.46666666666667	0.5	M	14	57140
190.60333333333332	0.5	nontarget	29	57181
190.60333333333332	0.5	I	10	57181
190.74	0.5	nontarget	29	57222
190.74	0.5	_	28	57222
190.87666666666667	0.5	nontarget	29	57263
190.87666666666667	0.5	C	4	57263
191.01333333333332	0.5	nontarget	29	57304
191.01333333333332	0.5	W	24	57304
191.15	0.5	nontarget	29	57345
191.15	0.5	<	1	57345
191.28666666666666	0.5	nontarget	29	57386
191.28666666666666	0.5	R	19	57386
191.42333333333335	0.5	nontarget	29	57427
191.42333333333335	0.5	X	25	57427
191.55666666666667	0.5	nontarget	29	57467
191.55666666666667	0.5	Q	18	57467
191.69333333333333	0.5	target	30	57508
191.69333333333333	0.5	E	6	57508
191.83	0.5	nontarget	29	57549
191.83	0.5	U	22	57549
191.96666666666667	0.5	nontarget	29	57590
191.96666666666667	0.5	B	3	57590
192.10333333333332	0.5	nontarget	29	57631
192.10333333333332	0.5	V	23	57631
192.23666666666668	0.5	nontarget	29	57671
192.23666666666668	0.5	D	5	57671
192.37333333333333	0.5	nontarget	29	57712
192.37333333333333	0.5	G	8	57712
192.51333333333332	0.5	nontarget	29	57754
192.51333333333332	0.5	K	12	57754
192.65	0.5	nontarget	29	57795
192.65	0.5	T	21	57795
192.78333333333333	0.5	nontarget	29	57835
192.78333333333333	0.5	O	16	57835
198.60666666666665	0.5	nontarget	29	59582
198.60666666666665	0.5	N	15	59582
198.74333333333334	0.5	nontarget	29	59623
198.74333333333334	0.5	E	6	59623
198.88	0.5	nontarget	29	59664
198.88	0.5	C	4	59664
199.01666666666668	0.5	nontarget	29	59705
199.01666666666668	0.5	R	19	59705
199.15333333333334	0.5	nontarget	29	59746
199.15333333333334	0.5	F	7	59746
199.29	0.5	nontarget	29	59787
199.29	0.5	K	12	59787
199.42666666666668	0.5	nontarget	29	59828
199.42666666666668	0.5	L	13	59828
199.56	0.5	nontarget	29	59868
199.56	0.5	O	16	59868
199.69666666666666	0.5	nontarget	29	59909
199.69666666666666	0.5	W	24	59909
199.83333333333334	0.5	nontarget	29	59950
199.83333333333334	0.5	Q	18	59950
199.97	0.5	nontarget	29	59991
199.97	0.5	V	23	59991
200.10666666666665	0.5	nontarget	29	60032
200.10666666666665	0.5	<	1	60032
200.24333333333334	0.5	nontarget	29	60073
200.24333333333334	0.5	I	10	60073
200.37666666666667	0.5	nontarget	29	60113
200.37666666666667	0.5	B	3	60113
200.51333333333332	0.5	nontarget	29	60154
200.51333333333332	0.5	G	8	60154
200.64666666666668	0.5	nontarget	29	60194
200.64666666666668	0.5	Z	27	60194
200.78333333333333	0.5	nontarget	29	60235
200.78333333333333	0.5	T	21	60235
200.92	0.5	nontarget	29	60276
200.92	0.5	U	22	60276
201.06	0.5	nontarget	29	60318
201.06	0.5	A	2	60318
201.19666666666666	0.5	nontarget	29	60359
201.19666666666666	0.5	Y	26	60359
201.33333333333334	0.5	nontarget	29	60400
201.33333333333334	0.5	M	14	60400
201.47	0.5	nontarget	29	60441
201.47	0.5	J	11	60441
201.60666666666665	0.5	nontarget	29	60482
201.60666666666665	0.5	S	20	60482
201.74333333333334	0.5	nontarget	29	60523
201.74333333333334	0.5	_	28	60523
201.87666666666667	0.5	target	30	60563
201.87666666666667	0.5	P	17	60563
202.01333333333332	0.5	nontarget	29	60604
202.01333333333332	0.5	X	25	60604
202.14666666666668	0.5	nontarget	29	60644
202.14666666666668	0.5	D	5	60644
202.28333333333333	0.5	nontarget	29	60685
202.28333333333333	0.5	H	9	60685
208.1	0.5	nontarget	29	62430
208.1	0.5	<	1	62430
208.23666666666668	0.5	nontarget	29	62471
208.23666666666668	0.5	Y	26	62471
208.37333333333333	0.5	nontarget	29	62512
208.37333333333333	0.5	I	10	62512
208.51	0.5	nontarget	29	62553
208.51	0.5	P	17	62553
208.64333333333335	0.5	nontarget	29	62593
208.64333333333335	0.5	_	28	62593
208.78	0.5	nontarget	29	62634
208.78	0.5	X	25	62634
208.91666666666666	0.5	nontarget	29	62675
208.91666666666666	0.5	W	24	62675
209.05333333333334	0.5	nontarget	29	62716
209.05333333333334	0.5	D	5	62716
209.18666666666667	0.5	nontarget	29	62756
209.18666666666667	0.5	H	9	62756
209.32333333333332	0.5	nontarget	29	62797
209.32333333333332	0.5	K	12	62797
209.46	0.5	nontarget	29	62838
209.46	0.5	E	6	62838
209.59666666666666	0.5	nontarget	29	62879
209.59666666666666	0.5	M	14	62879
209.73333333333332	0.5	nontarget	29	62920
209.73333333333332	0.5	Z	27	62920
209.87	0.5	nontarget	29	62961
209.87	0.5	A	2	62961
210.00666666666666	0.5	nontarget	29	63002
210.00666666666666	0.5	F	7	63002
210.14333333333335	0.5	nontarget	29	63043
210.14333333333335	0.5	N	15	63043
210.27666666666667	0.5	nontarget	29	63083
210.27666666666667	0.5	T	21	63083
210.41333333333333	0.5	nontarget	29	63124
210.41333333333333	0.5	U	22	63124
210.55	0.5	nontarget	29	63165
210.55	0.5	L	13	63165
210.68666666666667	0.5	nontarget	29	63206
210.68666666666667	0.5	B	3	63206
210.82333333333332	0.5	nontarget	29	63247
210.82333333333332	0.5	V	23	63247
210.96	0.5	nontarget	29	63288
210.96	0.5	G	8	63288
211.09333333333333	0.5	target	30	63328
211.09333333333333	0.5	Q	18	63328
211.23	0.5	nontarget	29	63369
211.23	0.5	J	11	63369
211.37	0.5	nontarget	29	63411
211.37	0.5	R	19	63411
211.50333333333333	0.5	nontarget	29	63451
211.50333333333333	0.5	O	16	63451
211.64	0.5	nontarget	29	63492
211.64	0.5	S	20	63492
211.77666666666667	0.5	nontarget	29	63533
211.77666666666667	0.5	C	4	63533
217.66333333333333	0.5	nontarget	29	65299
217.66333333333333	0.5	D	5	65299
217.79666666666665	0.5	nontarget	29	65339
217.79666666666665	0.5	O	16	65339
217.93666666666667	0.5	nontarget	29	65381
217.93666666666667	0.5	Q	18	65381
218.07	0.5	nontarget	29	65421
218.07	0.5	R	19	65421
218.21	0.5	nontarget	29	65463
218.21	0.5	C	4	65463
218.34666666666666	0.5	nontarget	29	65504
218.34666666666666	0.5	I	10	65504
218.48333333333332	0.5	nontarget	29	65545
218.48333333333332	0.5	_	28	65545
218.62	0.5	nontarget	29	65586
218.62	0.5	K	12	65586
218.75666666666666	0.5	nontarget	29	65627
218.75666666666666	0.5	U	22	65627
218.89333333333335	0.5	nontarget	29	65668
218.89333333333335	0.5	J	11	65668
219.03	0.5	nontarget	29	65709
219.03	0.5	X	25	65709
219.16666666666666	0.5	nontarget	29	65750
219.16666666666666	0.5	G	8	65750
219.30333333333334	0.5	nontarget	29	65791
219.30333333333334	0.5	E	6	65791
219.44	0.5	nontarget	29	65832
219.44	0.5	W	24	65832
219.57333333333332	0.5	nontarget	29	65872
219.57333333333332	0.5	Z	27	65872
219.71	0.5	target	30	65913
219.71	0.5	T	21	65913
219.84666666666666	0.5	nontarget	29	65954
219.84666666666666	0.5	B	3	65954
219.98	0.5	nontarget	29	65994
219.98	0.5	A	2	65994
220.11666666666667	0.5	nontarget	29	66035
220.11666666666667	0.5	Y	26	66035
220.25333333333333	0.5	nontarget	29	66076
220.25333333333333	0.5	N	15	66076
220.38666666666666	0.5	nontarget	29	66116
220.38666666666666	0.5	L	13	66116
220.52333333333334	0.5	nontarget	29	66157
220.52333333333334	0.5	P	17	66157
220.66	0.5	nontarget	29	66198
220.66	0.5	M	14	66198
220.79666666666665	0.5	nontarget	29	66239
220.79666666666665	0.5	V	23	66239
220.93333333333334	0.5	nontarget	29	66280
220.93333333333334	0.5	<	1	66280
221.07	0.5	nontarget	29	66321
221.07	0.5	F	7	66321
221.20666666666668	0.5	nontarget	29	66362
221.20666666666668	0.5	S	20	66362
221.34333333333333	0.5	nontarget	29	66403
221.34333333333333	0.5	H	9	66403
227.16666666666666	0.5	nontarget	29	68150
227.16666666666666	0.5	L	13	68150
227.3	0.5	nontarget	29	68190
227.3	0.5	P	17	68190
227.44	0.5	nontarget	29	68232
227.44	0.5	H	9	68232
227.57666666666665	0.5	nontarget	29	68273
227.57666666666665	0.5	N	15	68273
227.71333333333334	0.5	nontarget	29	68314
227.71333333333334	0.5	M	14	68314
227.85	0.5	nontarget	29	68355
227.85	0.5	Y	26	68355
227.98333333333332	0.5	nontarget	29	68395
227.98333333333332	0.5	K	12	68395
228.12	0.5	nontarget	29	68436
228.12	0.5	B	3	68436
228.25666666666666	0.5	nontarget	29	68477
228.25666666666666	0.5	S	20	68477
228.39333333333335	0.5	nontarget	29	68518
228.39333333333335	0.5	<	1	68518
228.52666666666667	0.5	nontarget	29	68558
228.52666666666667	0.5	W	24	68558
228.66333333333333	0.5	nontarget	29	68599
228.66333333333333	0.5	_	28	68599
228.79666666666665	0.5	nontarget	29	68639
228.79666666666665	0.5	F	7	68639
228.93333333333334	0.5	nontarget	29	68680
228.93333333333334	0.5	D	5	68680
229.07	0.5	nontarget	29	68721
229.07	0.5	Z	27	68721
229.20666666666668	0.5	nontarget	29	68762
229.20666666666668	0.5	U	22	68762
229.34	0.5	nontarget	29	68802
229.34	0.5	Q	18	68802
229.48	0.5	nontarget	29	68844
229.48	0.5	C	4	68844
229.61666666666667	0.5	nontarget	29	68885
229.61666666666667	0.5	J	11	68885
229.75333333333333	0.5	nontarget	29	68926
229.75333333333333	0.5	V	23	68926
229.88666666666666	0.5	nontarget	29	68966
229.88666666666666	0.5	X	25	68966
230.02333333333334	0.5	nontarget	29	69007
230.02333333333334	0.5	I	10	69007
230.16	0.5	nontarget	29	69048
230.16	0.5	A	2	69048
230.29666666666665	0.5	nontarget	29	69089
230.29666666666665	0.5	T	21	69089
230.43333333333334	0.5	nontarget	29	69130
230.43333333333334	0.5	O	16	69130
230.56666666666666	0.5	nontarget	29	69170
230.56666666666666	0.5	G	8	69170
230.70333333333335	0.5	nontarget	29	69211
230.70333333333335	0.5	E	6	69211
230.84	0.5	target	30	69252
230.84	0.5	R	19	69252
236.66	0.5	nontarget	29	70998
236.66	0.5	T	21	70998
236.79333333333332	0.5	nontarget	29	71038
236.79333333333332	0.5	F	7	71038
236.93	0.5	nontarget	29	71079
236.93	0.5	N	15	71079
237.06666666666666	0.5	nontarget	29	71120
237.06666666666666	0.5	C	4	71120
237.2	0.5	nontarget	29	71160
237.2	0.5	S	20	71160
237.33666666666667	0.5	nontarget	29	71201
237.33666666666667	0.5	_	28	71201
237.47333333333333	0.5	nontarget	29	71242
237.47333333333333	0.5	J	11	71242
237.60666666666665	0.5	nontarget	29	71282
237.60666666666665	0.5	D	5	71282
237.74333333333334	0.5	nontarget	29	71323
237.74333333333334	0.5	M	14	71323
237.88	0.5	target	30	71364
237.88	0.5	X	25	71364
238.01666666666668	0.5	nontarget	29	71405
238.01666666666668	0.5	<	1	71405
238.15333333333334	0.5	nontarget	29	71446
238.15333333333334	0.5	B	3	71446
238.28666666666666	0.5	nontarget	29	71486
238.28666666666666	0.5	W	24	71486
238.42333333333335	0.5	nontarget	29	71527
238.42333333333335	0.5	Z	27	71527
238.55666666666667	0.5	nontarget	29	71567
238.55666666666667	0.5	L	13	71567
238.69666666666666	0.5	nontarget	29	71609
238.69666666666666	0.5	Q	18	71609
238.83333333333334	0.5	nontarget	29	71650
238.83333333333334	0.5	I	10	71650
238.97	0.5	nontarget	29	71691
238.97	0.5	P	17	71691
239.10333333333332	0.5	nontarget	29	71731
239.10333333333332	0.5	V	23	71731
239.24	0.5	nontarget	29	71772
239.24	0.5	H	9	71772
239.37333333333333	0.5	nontarget	29	71812
239.37333333333333	0.5	R	19	71812
239.51	0.5	nontarget	29	71853
239.51	0.5	Y	26	71853
239.64666666666668	0.5	nontarget	29	71894
239.64666666666668	0.5	O	16	71894
239.78333333333333	0.5	nontarget	29	71935
239.78333333333333	0.5	G	8	71935
239.92	0.5	nontarget	29	71976
239.92	0.5	A	2	71976
240.05333333333334	0.5	nontarget	29	72016
240.05333333333334	0.5	U	22	72016
240.19	0.5	nontarget	29	72057
240.19	0.5	E	6	72057
240.32666666666665	0.5	nontarget	29	72098
240.32666666666665	0.5	K	12	72098
246.14333333333335	0.5	nontarget	29	73843
246.14333333333335	0.5	E	6	73843
246.28	0.5	nontarget	29	73884
246.28	0.5	R	19	73884
246.41666666666666	0.5	nontarget	29	73925
246.41666666666666	0.5	Y	26	73925
246.55333333333334	0.5	nontarget	29	73966
246.55333333333334	0.5	U	22	73966
246.69	0.5	nontarget	29	74007
246.69	0.5	X	25	74007
246.82333333333332	0.5	nontarget	29	74047
246.82333333333332	0.5	H	9	74047
246.96	0.5	target	30	74088
246.96	0.5	V	23	74088
247.09666666666666	0.5	nontarget	29	74129
247.09666666666666	0.5	I	10	74129
247.23333333333332	0.5	nontarget	29	74170
247.23333333333332	0.5	_	28	74170
247.37	0.5	nontarget	29	74211
247.37	0.5	B	3	74211
247.50333333333333	0.5	nontarget	29	74251
247.50333333333333	0.5	Q	18	74251
247.64	0.5	nontarget	29	74292
247.64	0.5	M	14	74292
247.77666666666667	0.5	nontarget	29	74333
247.77666666666667	0.5	N	15	74333
247.91	0.5	nontarget	29	74373
247.91	0.5	K	12	74373
248.04333333333332	0.5	nontarget	29	74413
248.04333333333332	0.5	O	16	74413
248.18	0.5	nontarget	29	74454
248.18	0.5	T	21	74454
248.31666666666666	0.5	nontarget	29	74495
248.31666666666666	0.5	W	24	74495
248.45	0.5	nontarget	29	74535
248.45	0.5	Z	27	74535
248.58666666666667	0.5	nontarget	29	74576
248.58666666666667	0.5	A	2	74576
248.72	0.5	nontarget	29	74616
248.72	0.5	<	1	74616
248.85666666666665	0.5	nontarget	29	74657
248.85666666666665	0.5	L	13	74657
248.99333333333334	0.5	nontarget	29	74698
248.99333333333334	0.5	D	5	74698
249.13	0.5	nontarget	29	74739
249.13	0.5	G	8	74739
249.26333333333332	0.5	nontarget	29	74779
249.26333333333332	0.5	F	7	74779
249.4	0.5	nontarget	29	74820
249.4	0.5	J	11	74820
249.53666666666666	0.5	nontarget	29	74861
249.53666666666666	0.5	P	17	74861
249.67	0.5	nontarget	29	74901
249.67	0.5	C	4	74901
249.80666666666667	0.5	nontarget	29	74942
249.80666666666667	0.5	S	20	74942
255.62333333333333	0.5	nontarget	29	76687
255.62333333333333	0.5	Q	18	76687
255.76	0.5	nontarget	29	76728
255.76	0.5	D	5	76728
255.89666666666668	0.5	nontarget	29	76769
255.89666666666668	0.5	I	10	76769
256.03333333333336	0.5	nontarget	29	76810
256.03333333333336	0.5	G	8	76810
256.17	0.5	nontarget	29	76851
256.17	0.5	Y	26	76851
256.3066666666667	0.5	nontarget	29	76892
256.3066666666667	0.5	B	3	76892
256.44	0.5	target	30	76932
256.44	0.5	L	13	76932
256.57666666666665	0.5	nontarget	29	76973
256.57666666666665	0.5	A	2	76973
256.7133333333333	0.5	nontarget	29	77014
256.7133333333333	0.5	N	15	77014
256.85	0.5	nontarget	29	77055
256.85	0.5	X	25	77055
256.98333333333335	0.5	nontarget	29	77095
256.98333333333335	0.5	O	16	77095
257.1166666666667	0.5	nontarget	29	77135
257.1166666666667	0.5	<	1	77135
257.25333333333333	0.5	nontarget	29	77176
257.25333333333333	0.5	M	14	77176
257.39	0.5	nontarget	29	77217
257.39	0.5	P	17	77217
257.52666666666664	0.5	nontarget	29	77258
257.52666666666664	0.5	F	7	77258
257.66333333333336	0.5	nontarget	29	77299
257.66333333333336	0.5	Z	27	77299
257.8	0.5	nontarget	29	77340
257.8	0.5	J	11	77340
257.93333333333334	0.5	nontarget	29	77380
257.93333333333334	0.5	S	20	77380
258.07	0.5	nontarget	29	77421
258.07	0.5	T	21	77421
258.20666666666665	0.5	nontarget	29	77462
258.20666666666665	0.5	V	23	77462
258.3433333333333	0.5	nontarget	29	77503
258.3433333333333	0.5	R	19	77503
258.4766666666667	0.5	nontarget	29	77543
258.4766666666667	0.5	H	9	77543
258.61	0.5	nontarget	29	77583
258.61	0.5	W	24	77583
258.75	0.5	nontarget	29	77625
258.75	0.5	E	6	77625
258.8833333333333	0.5	nontarget	29	77665
258.8833333333333	0.5	C	4	77665
259.02	0.5	nontarget	29	77706
259.02	0.5	K	12	77706
259.1566666666667	0.5	nontarget	29	77747
259.1566666666667	0.5	_	28	77747
259.29333333333335	0.5	nontarget	29	77788
259.29333333333335	0.5	U	22	77788
265.11333333333334	0.5	nontarget	29	79534
265.11333333333334	0.5	P	17	79534
265.25	0.5	nontarget	29	79575
265.25	0.5	J	11	79575
265.3833333333333	0.5	nontarget	29	79615
265.3833333333333	0.5	K	12	79615
265.52	0.5	nontarget	29	79656
265.52	0.5	Y	26	79656
265.6566666666667	0.5	nontarget	29	79697
265.6566666666667	0.5	L	13	79697
265.79	0.5	nontarget	29	79737
265.79	0.5	R	19	79737
265.94	0.5	nontarget	29	79782
265.94	0.5	V	23	79782
266.07666666666665	0.5	nontarget	29	79823
266.07666666666665	0.5	M	14	79823
266.2133333333333	0.5	nontarget	29	79864
266.2133333333333	0.5	G	8	79864
266.3466666666667	0.5	nontarget	29	79904
266.3466666666667	0.5	Z	27	79904
266.48333333333335	0.5	nontarget	29	79945
266.48333333333335	0.5	O	16	79945
266.62	0.5	nontarget	29	79986
266.62	0.5	W	24	79986
266.75333333333333	0.5	nontarget	29	80026
266.75333333333333	0.5	U	22	80026
266.89	0.5	nontarget	29	80067
266.89	0.5	A	2	80067
267.02666666666664	0.5	nontarget	29	80108
267.02666666666664	0.5	E	6	80108
267.16333333333336	0.5	nontarget	29	80149
267.16333333333336	0.5	_	28	80149
267.3	0.5	nontarget	29	80190
267.3	0.5	N	15	80190
267.43333333333334	0.5	nontarget	29	80230
267.43333333333334	0.5	H	9	80230
267.57	0.5	nontarget	29	80271
267.57	0.5	Q	18	80271
267.70666666666665	0.5	nontarget	29	80312
267.70666666666665	0.5	C	4	80312
267.8433333333333	0.5	target	30	80353
267.8433333333333	0.5	B	3	80353
267.9766666666667	0.5	nontarget	29	80393
267.9766666666667	0.5	F	7	80393
268.11333333333334	0.5	nontarget	29	80434
268.11333333333334	0.5	<	1	80434
268.24666666666667	0.5	nontarget	29	80474
268.24666666666667	0.5	D	5	80474
268.3833333333333	0.5	nontarget	29	80515
268.3833333333333	0.5	X	25	80515
268.51666666666665	0.5	nontarget	29	80555
268.51666666666665	0.5	T	21	80555
268.6533333333333	0.5	nontarget	29	80596
268.6533333333333	0.5	I	10	80596
268.79	0.5	nontarget	29	80637
268.79	0.5	S	20	80637
274.61	0.5	nontarget	29	82383
274.61	0.5	B	3	82383
274.74666666666667	0.5	nontarget	29	82424
274.74666666666667	0.5	Y	26	82424
274.8833333333333	0.5	target	30	82465
274.8833333333333	0.5	C	4	82465
275.01666666666665	0.5	nontarget	29	82505
275.01666666666665	0.5	_	28	82505
275.1533333333333	0.5	nontarget	29	82546
275.1533333333333	0.5	P	17	82546
275.2866666666667	0.5	nontarget	29	82586
275.2866666666667	0.5	J	11	82586
275.42	0.5	nontarget	29	82626
275.42	0.5	X	25	82626
275.5566666666667	0.5	nontarget	29	82667
275.5566666666667	0.5	R	19	82667
275.6933333333333	0.5	nontarget	29	82708
275.6933333333333	0.5	D	5	82708
275.82666666666665	0.5	nontarget	29	82748
275.82666666666665	0.5	Z	27	82748
275.9633333333333	0.5	nontarget	29	82789
275.9633333333333	0.5	S	20	82789
276.1	0.5	nontarget	29	82830
276.1	0.5	G	8	82830
276.2366666666667	0.5	nontarget	29	82871
276.2366666666667	0.5	H	9	82871
276.37333333333333	0.5	nontarget	29	82912
276.37333333333333	0.5	F	7	82912
276.50666666666666	0.5	nontarget	29	82952
276.50666666666666	0.5	W	24	82952
276.6433333333333	0.5	nontarget	29	82993
276.6433333333333	0.5	E	6	82993
276.78333333333336	0.5	nontarget	29	83035
276.78333333333336	0.5	T	21	83035
276.9166666666667	0.5	nontarget	29	83075
276.9166666666667	0.5	V	23	83075
277.0733333333333	0.5	nontarget	29	83122
277.0733333333333	0.5	L	13	83122
277.20666666666665	0.5	nontarget	29	83162
277.20666666666665	0.5	Q	18	83162
277.3433333333333	0.5	nontarget	29	83203
277.3433333333333	0.5	N	15	83203
277.4766666666667	0.5	nontarget	29	83243
277.4766666666667	0.5	M	14	83243
277.61333333333334	0.5	nontarget	29	83284
277.61333333333334	0.5	K	12	83284
277.75	0.5	nontarget	29	83325
277.75	0.5	<	1	83325
277.8833333333333	0.5	nontarget	29	83365
277.8833333333333	0.5	A	2	83365
278.02	0.5	nontarget	29	83406
278.02	0.5	O	16	83406
278.1533333333333	0.5	nontarget	29	83446
278.1533333333333	0.5	I	10	83446
278.2866666666667	0.5	nontarget	29	83486
278.2866666666667	0.5	U	22	83486
284.11333333333334	0.5	nontarget	29	85234
284.11333333333334	0.5	<	1	85234
284.24666666666667	0.5	nontarget	29	85274
284.24666666666667	0.5	U	22	85274
284.3833333333333	0.5	nontarget	29	85315
284.3833333333333	0.5	Y	26	85315
284.52	0.5	nontarget	29	85356
284.52	0.5	M	14	85356
284.6533333333333	0.5	nontarget	29	85396
284.6533333333333	0.5	S	20	85396
284.79	0.5	nontarget	29	85437
284.79	0.5	V	23	85437
284.9266666666667	0.5	nontarget	29	85478
284.9266666666667	0.5	D	5	85478
285.06	0.5	nontarget	29	85518
285.06	0.5	W	24	85518
285.19666666666666	0.5	nontarget	29	85559
285.19666666666666	0.5	B	3	85559
285.3333333333333	0.5	nontarget	29	85600
285.3333333333333	0.5	R	19	85600
285.47	0.5	nontarget	29	85641
285.47	0.5	O	16	85641
285.6066666666667	0.5	nontarget	29	85682
285.6066666666667	0.5	Q	18	85682
285.74	0.5	nontarget	29	85722
285.74	0.5	Z	27	85722
285.87666666666667	0.5	nontarget	29	85763
285.87666666666667	0.5	T	21	85763
286.01	0.5	target	30	85803
286.01	0.5	K	12	85803
286.14666666666665	0.5	nontarget	29	85844
286.14666666666665	0.5	F	7	85844
286.28333333333336	0.5	nontarget	29	85885
286.28333333333336	0.5	G	8	85885
286.42	0.5	nontarget	29	85926
286.42	0.5	L	13	85926
286.5566666666667	0.5	nontarget	29	85967
286.5566666666667	0.5	I	10	85967
286.69	0.5	nontarget	29	86007
286.69	0.5	C	4	86007
286.82666666666665	0.5	nontarget	29	86048
286.82666666666665	0.5	N	15	86048
286.9633333333333	0.5	nontarget	29	86089
286.9633333333333	0.5	X	25	86089
287.0966666666667	0.5	nontarget	29	86129
287.0966666666667	0.5	P	17	86129
287.2366666666667	0.5	nontarget	29	86171
287.2366666666667	0.5	E	6	86171
287.37333333333333	0.5	nontarget	29	86212
287.37333333333333	0.5	_	28	86212
287.50666666666666	0.5	nontarget	29	86252
287.50666666666666	0.5	H	9	86252
287.6433333333333	0.5	nontarget	29	86293
287.6433333333333	0.5	J	11	86293
287.78	0.5	nontarget	29	86334
287.78	0.5	A	2	86334
293.6	0.5	nontarget	29	88080
293.6	0.5	O	16	88080
293.7366666666667	0.5	nontarget	29	88121
293.7366666666667	0.5	V	23	88121
293.87333333333333	0.5	nontarget	29	88162
293.87333333333333	0.5	P	17	88162
294.01	0.5	nontarget	29	88203
294.01	0.5	A	2	88203
294.14666666666665	0.5	nontarget	29	88244
294.14666666666665	0.5	N	15	88244
294.28333333333336	0.5	target	30	88285
294.28333333333336	0.5	J	11	88285
294.42	0.5	nontarget	29	88326
294.42	0.5	Q	18	88326
294.5566666666667	0.5	nontarget	29	88367
294.5566666666667	0.5	D	5	88367
294.6933333333333	0.5	nontarget	29	88408
294.6933333333333	0.5	L	13	88408
294.82666666666665	0.5	nontarget	29	88448
294.82666666666665	0.5	S	20	88448
294.9633333333333	0.5	nontarget	29	88489
294.9633333333333	0.5	R	19	88489
295.1	0.5	nontarget	29	88530
295.1	0.5	C	4	88530
295.23333333333335	0.5	nontarget	29	88570
295.23333333333335	0.5	Y	26	88570
295.37	0.5	nontarget	29	88611
295.37	0.5	T	21	88611
295.50666666666666	0.5	nontarget	29	88652
295.50666666666666	0.5	F	7	88652
295.6433333333333	0.5	nontarget	29	88693
295.6433333333333	0.5	<	1	88693
295.78	0.5	nontarget	29	88734
295.78	0.5	B	3	88734
295.91333333333336	0.5	nontarget	29	88774
295.91333333333336	0.5	H	9	88774
296.05	0.5	nontarget	29	88815
296.05	0.5	K	12	88815
296.18666666666667	0.5	nontarget	29	88856
296.18666666666667	0.5	I	10	88856
296.32	0.5	nontarget	29	88896
296.32	0.5	E	6	88896
296.45666666666665	0.5	nontarget	29	88937
296.45666666666665	0.5	G	8	88937
296.5933333333333	0.5	nontarget	29	88978
296.5933333333333	0.5	Z	27	88978
296.7266666666667	0.5	nontarget	29	89018
296.7266666666667	0.5	M	14	89018
296.86333333333334	0.5	nontarget	29	89059
296.86333333333334	0.5	_	28	89059
297.0	0.5	nontarget	29	89100
297.0	0.5	W	24	89100
297.13666666666666	0.5	nontarget	29	89141
297.13666666666666	0.5	X	25	89141
297.2866666666667	0.5	nontarget	29	89186
297.2866666666667	0.5	U	22	89186
303.11	0.5	nontarget	29	90933
303.11	0.5	D	5	90933
303.24666666666667	0.5	nontarget	29	90974
303.24666666666667	0.5	A	2	90974
303.3833333333333	0.5	nontarget	29	91015
303.3833333333333	0.5	S	20	91015
303.51666666666665	0.5	nontarget	29	91055
303.51666666666665	0.5	L	13	91055
303.6533333333333	0.5	nontarget	29	91096
303.6533333333333	0.5	E	6	91096
303.7866666666667	0.5	nontarget	29	91136
303.7866666666667	0.5	Q	18	91136
303.92333333333335	0.5	nontarget	29	91177
303.92333333333335	0.5	V	23	91177
304.06	0.5	nontarget	29	91218
304.06	0.5	G	8	91218
304.19666666666666	0.5	nontarget	29	91259
304.19666666666666	0.5	X	25	91259
304.3333333333333	0.5	nontarget	29	91300
304.3333333333333	0.5	I	10	91300
304.47	0.5	nontarget	29	91341
304.47	0.5	N	15	91341
304.6066666666667	0.5	nontarget	29	91382
304.6066666666667	0.5	B	3	91382
304.74333333333334	0.5	nontarget	29	91423
304.74333333333334	0.5	T	21	91423
304.87666666666667	0.5	nontarget	29	91463
304.87666666666667	0.5	C	4	91463
305.0133333333333	0.5	nontarget	29	91504
305.0133333333333	0.5	J	11	91504
305.15	0.5	target	30	91545
305.15	0.5	P	17	91545
305.28333333333336	0.5	nontarget	29	91585
305.28333333333336	0.5	K	12	91585
305.42	0.5	nontarget	29	91626
305.42	0.5	_	28	91626
305.56	0.5	nontarget	29	91668
305.56	0.5	M	14	91668
305.69666666666666	0.5	nontarget	29	91709
305.69666666666666	0.5	R	19	91709
305.8333333333333	0.5	nontarget	29	91750
305.8333333333333	0.5	Y	26	91750
305.97	0.5	nontarget	29	91791
305.97	0.5	U	22	91791
306.1066666666667	0.5	nontarget	29	91832
306.1066666666667	0.5	H	9	91832
306.24333333333334	0.5	nontarget	29	91873
306.24333333333334	0.5	<	1	91873
306.37666666666667	0.5	nontarget	29	91913
306.37666666666667	0.5	O	16	91913
306.5133333333333	0.5	nontarget	29	91954
306.5133333333333	0.5	Z	27	91954
306.64666666666665	0.5	nontarget	29	91994
306.64666666666665	0.5	W	24	91994
306.78333333333336	0.5	nontarget	29	92035
306.78333333333336	0.5	F	7	92035
312.60333333333335	0.5	nontarget	29	93781
312.60333333333335	0.5	B	3	93781
312.74	0.5	nontarget	29	93822
312.74	0.5	Z	27	93822
312.87333333333333	0.5	nontarget	29	93862
312.87333333333333	0.5	W	24	93862
313.01	0.5	nontarget	29	93903
313.01	0.5	H	9	93903
313.14666666666665	0.5	nontarget	29	93944
313.14666666666665	0.5	R	19	93944
313.28333333333336	0.5	nontarget	29	93985
313.28333333333336	0.5	Q	18	93985
313.4166666666667	0.5	nontarget	29	94025
313.4166666666667	0.5	I	10	94025
313.5566666666667	0.5	target	30	94067
313.5566666666667	0.5	S	20	94067
313.69	0.5	nontarget	29	94107
313.69	0.5	Y	26	94107
313.82666666666665	0.5	nontarget	29	94148
313.82666666666665	0.5	P	17	94148
313.9633333333333	0.5	nontarget	29	94189
313.9633333333333	0.5	J	11	94189
314.1	0.5	nontarget	29	94230
314.1	0.5	D	5	94230
314.2366666666667	0.5	nontarget	29	94271
314.2366666666667	0.5	X	25	94271
314.37	0.5	nontarget	29	94311
314.37	0.5	A	2	94311
314.50666666666666	0.5	nontarget	29	94352
314.50666666666666	0.5	T	21	94352
314.6433333333333	0.5	nontarget	29	94393
314.6433333333333	0.5	U	22	94393
314.78	0.5	nontarget	29	94434
314.78	0.5	K	12	94434
314.91333333333336	0.5	nontarget	29	94474
314.91333333333336	0.5	M	14	94474
315.05	0.5	nontarget	29	94515
315.05	0.5	<	1	94515
315.18333333333334	0.5	nontarget	29	94555
315.18333333333334	0.5	N	15	94555
315.32	0.5	nontarget	29	94596
315.32	0.5	E	6	94596
315.4533333333333	0.5	nontarget	29	94636
315.4533333333333	0.5	C	4	94636
315.59	0.5	nontarget	29	94677
315.59	0.5	F	7	94677
315.7266666666667	0.5	nontarget	29	94718
315.7266666666667	0.5	L	13	94718
315.86333333333334	0.5	nontarget	29	94759
315.86333333333334	0.5	_	28	94759
316.0	0.5	nontarget	29	94800
316.0	0.5	O	16	94800
316.13666666666666	0.5	nontarget	29	94841
316.13666666666666	0.5	V	23	94841
316.2733333333333	0.5	nontarget	29	94882
316.2733333333333	0.5	G	8	94882
322.0933333333333	0.5	nontarget	29	96628
322.0933333333333	0.5	A	2	96628
322.23	0.5	nontarget	29	96669
322.23	0.5	N	15	96669
322.3666666666667	0.5	nontarget	29	96710
322.3666666666667	0.5	C	4	96710
322.50333333333333	0.5	nontarget	29	96751
322.50333333333333	0.5	G	8	96751
322.63666666666666	0.5	nontarget	29	96791
322.63666666666666	0.5	O	16	96791
322.7733333333333	0.5	target	30	96832
322.7733333333333	0.5	S	20	96832
322.91	0.5	nontarget	29	96873
322.91	0.5	X	25	96873
323.04333333333335	0.5	nontarget	29	96913
323.04333333333335	0.5	Q	18	96913
323.18	0.5	nontarget	29	96954
323.18	0.5	F	7	96954
323.31666666666666	0.5	nontarget	29	96995
323.31666666666666	0.5	M	14	96995
323.4533333333333	0.5	nontarget	29	97036
323.4533333333333	0.5	E	6	97036
323.58666666666664	0.5	nontarget	29	97076
323.58666666666664	0.5	D	5	97076
323.72333333333336	0.5	nontarget	29	97117
323.72333333333336	0.5	K	12	97117
323.86	0.5	nontarget	29	97158
323.86	0.5	V	23	97158
323.99666666666667	0.5	nontarget	29	97199
323.99666666666667	0.5	I	10	97199
324.1333333333333	0.5	nontarget	29	97240
324.1333333333333	0.5	L	13	97240
324.27	0.5	nontarget	29	97281
324.27	0.5	<	1	97281
324.4033333333333	0.5	nontarget	29	97321
324.4033333333333	0.5	_	28	97321
324.54	0.5	nontarget	29	97362
324.54	0.5	T	21	97362
324.6766666666667	0.5	nontarget	29	97403
324.6766666666667	0.5	R	19	97403
324.81333333333333	0.5	nontarget	29	97444
324.81333333333333	0.5	U	22	97444
324.95	0.5	nontarget	29	97485
324.95	0.5	J	11	97485
325.0833333333333	0.5	nontarget	29	97525
325.0833333333333	0.5	B	3	97525
325.22	0.5	nontarget	29	97566
325.22	0.5	W	24	97566
325.3566666666667	0.5	nontarget	29	97607
325.3566666666667	0.5	Z	27	97607
325.49	0.5	nontarget	29	97647
325.49	0.5	H	9	97647
325.62666666666667	0.5	nontarget	29	97688
325.62666666666667	0.5	P	17	97688
325.7633333333333	0.5	nontarget	29	97729
325.7633333333333	0.5	Y	26	97729
331.58666666666664	0.5	nontarget	29	99476
331.58666666666664	0.5	G	8	99476
331.72	0.5	nontarget	29	99516
331.72	0.5	E	6	99516
331.8566666666667	0.5	nontarget	29	99557
331.8566666666667	0.5	P	17	99557
331.99333333333334	0.5	nontarget	29	99598
331.99333333333334	0.5	T	21	99598
332.12666666666667	0.5	nontarget	29	99638
332.12666666666667	0.5	I	10	99638
332.26666666666665	0.5	nontarget	29	99680
332.26666666666665	0.5	O	16	99680
332.4033333333333	0.5	nontarget	29	99721
332.4033333333333	0.5	C	4	99721
332.54	0.5	nontarget	29	99762
332.54	0.5	Z	27	99762
332.67333333333335	0.5	nontarget	29	99802
332.67333333333335	0.5	L	13	99802
332.81	0.5	nontarget	29	99843
332.81	0.5	<	1	99843
332.9433333333333	0.5	nontarget	29	99883
332.9433333333333	0.5	M	14	99883
333.08	0.5	nontarget	29	99924
333.08	0.5	U	22	99924
333.21666666666664	0.5	nontarget	29	99965
333.21666666666664	0.5	_	28	99965
333.35333333333335	0.5	nontarget	29	100006
333.35333333333335	0.5	A	2	100006
333.49	0.5	nontarget	29	100047
333.49	0.5	X	25	100047
333.62666666666667	0.5	nontarget	29	100088
333.62666666666667	0.5	H	9	100088
333.7633333333333	0.5	nontarget	29	100129
333.7633333333333	0.5	N	15	100129
333.9	0.5	nontarget	29	100170
333.9	0.5	D	5	100170
334.0366666666667	0.5	nontarget	29	100211
334.0366666666667	0.5	Q	18	100211
334.17	0.5	nontarget	29	100251
334.17	0.5	F	7	100251
334.3066666666667	0.5	nontarget	29	100292
334.3066666666667	0.5	K	12	100292
334.4433333333333	0.5	nontarget	29	100333
334.4433333333333	0.5	V	23	100333
334.58	0.5	nontarget	29	100374
334.58	0.5	Y	26	100374
334.7133333333333	0.5	nontarget	29	100414
334.7133333333333	0.5	J	11	100414
334.85	0.5	nontarget	29	100455
334.85	0.5	R	19	100455
334.98333333333335	0.5	nontarget	29	100495
334.98333333333335	0.5	S	20	100495
335.12	0.5	nontarget	29	100536
335.12	0.5	B	3	100536
335.25666666666666	0.5	target	30	100577
335.25666666666666	0.5	W	24	100577
341.08	0.5	nontarget	29	102324
341.08	0.5	Q	18	102324
341.21666666666664	0.5	nontarget	29	102365
341.21666666666664	0.5	_	28	102365
341.35333333333335	0.5	target	30	102406
341.35333333333335	0.5	N	15	102406
341.49	0.5	nontarget	29	102447
341.49	0.5	G	8	102447
341.62666666666667	0.5	nontarget	29	102488
341.62666666666667	0.5	M	14	102488
341.7633333333333	0.5	nontarget	29	102529
341.7633333333333	0.5	X	25	102529
341.9	0.5	nontarget	29	102570
341.9	0.5	H	9	102570
342.03333333333336	0.5	nontarget	29	102610
342.03333333333336	0.5	D	5	102610
342.17	0.5	nontarget	29	102651
342.17	0.5	L	13	102651
342.37	0.5	nontarget	29	102711
342.37	0.5	V	23	102711
342.50666666666666	0.5	nontarget	29	102752
342.50666666666666	0.5	T	21	102752
342.6433333333333	0.5	nontarget	29	102793
342.6433333333333	0.5	U	22	102793
342.78	0.5	nontarget	29	102834
342.78	0.5	Y	26	102834
342.9166666666667	0.5	nontarget	29	102875
342.9166666666667	0.5	Z	27	102875
343.05333333333334	0.5	nontarget	29	102916
343.05333333333334	0.5	<	1	102916
343.19	0.5	nontarget	29	102957
343.19	0.5	I	10	102957
343.32666666666665	0.5	nontarget	29	102998
343.32666666666665	0.5	A	2	102998
343.4633333333333	0.5	nontarget	29	103039
343.4633333333333	0.5	R	19	103039
343.60333333333335	0.5	nontarget	29	103081
343.60333333333335	0.5	K	12	103081
343.7366666666667	0.5	nontarget	29	103121
343.7366666666667	0.5	B	3	103121
343.87666666666667	0.5	nontarget	29	103163
343.87666666666667	0.5	C	4	103163
344.01	0.5	nontarget	29	103203
344.01	0.5	J	11	103203
344.14666666666665	0.5	nontarget	29	103244
344.14666666666665	0.5	W	24	103244
344.28333333333336	0.5	nontarget	29	103285
344.28333333333336	0.5	E	6	103285
344.42	0.5	nontarget	29	103326
344.42	0.5	F	7	103326
344.5566666666667	0.5	nontarget	29	103367
344.5566666666667	0.5	S	20	103367
344.69	0.5	nontarget	29	103407
344.69	0.5	P	17	103407
344.82666666666665	0.5	nontarget	29	103448
344.82666666666665	0.5	O	16	103448
350.65	0.5	nontarget	29	105195
350.65	0.5	E	6	105195
350.7866666666667	0.5	nontarget	29	105236
350.7866666666667	0.5	N	15	105236
350.92	0.5	nontarget	29	105276
350.92	0.5	T	21	105276
351.0566666666667	0.5	nontarget	29	105317
351.0566666666667	0.5	R	19	105317
351.1933333333333	0.5	nontarget	29	105358
351.1933333333333	0.5	S	20	105358
351.33	0.5	nontarget	29	105399
351.33	0.5	C	4	105399
351.46666666666664	0.5	nontarget	29	105440
351.46666666666664	0.5	P	17	105440
351.60333333333335	0.5	nontarget	29	105481
351.60333333333335	0.5	B	3	105481
351.74	0.5	nontarget	29	105522
351.74	0.5	J	11	105522
351.87666666666667	0.5	target	30	105563
351.87666666666667	0.5	A	2	105563
352.0133333333333	0.5	nontarget	29	105604
352.0133333333333	0.5	O	16	105604
352.15	0.5	nontarget	29	105645
352.15	0.5	I	10	105645
352.2866666666667	0.5	nontarget	29	105686
352.2866666666667	0.5	_	28	105686
352.42	0.5	nontarget	29	105726
352.42	0.5	W	24	105726
352.5566666666667	0.5	nontarget	29	105767
352.5566666666667	0.5	U	22	105767
352.6933333333333	0.5	nontarget	29	105808
352.6933333333333	0.5	M	14	105808
352.83	0.5	nontarget	29	105849
352.83	0.5	Y	26	105849
352.96666666666664	0.5	nontarget	29	105890
352.96666666666664	0.5	G	8	105890
353.10333333333335	0.5	nontarget	29	105931
353.10333333333335	0.5	H	9	105931
353.24	0.5	nontarget	29	105972
353.24	0.5	K	12	105972
353.37666666666667	0.5	nontarget	29	106013
353.37666666666667	0.5	Z	27	106013
353.51	0.5	nontarget	29	106053
353.51	0.5	<	1	106053
353.64666666666665	0.5	nontarget	29	106094
353.64666666666665	0.5	Q	18	106094
353.78333333333336	0.5	nontarget	29	106135
353.78333333333336	0.5	D	5	106135
353.9166666666667	0.5	nontarget	29	106175
353.9166666666667	0.5	L	13	106175
354.05333333333334	0.5	nontarget	29	106216
354.05333333333334	0.5	X	25	106216
354.19	0.5	nontarget	29	106257
354.19	0.5	F	7	106257
354.3233333333333	0.5	nontarget	29	106297
354.3233333333333	0.5	V	23	106297
360.15	0.5	nontarget	29	108045
360.15	0.5	J	11	108045
360.2866666666667	0.5	nontarget	29	108086
360.2866666666667	0.5	N	15	108086
360.42333333333335	0.5	nontarget	29	108127
360.42333333333335	0.5	R	19	108127
360.56	0.5	target	30	108168
360.56	0.5	S	20	108168
360.69666666666666	0.5	nontarget	29	108209
360.69666666666666	0.5	U	22	108209
360.83	0.5	nontarget	29	108249
360.83	0.5	L	13	108249
360.96666666666664	0.5	nontarget	29	108290
360.96666666666664	0.5	A	2	108290
361.10333333333335	0.5	nontarget	29	108331
361.10333333333335	0.5	I	10	108331
361.24	0.5	nontarget	29	108372
361.24	0.5	Z	27	108372
361.37333333333333	0.5	nontarget	29	108412
361.37333333333333	0.5	H	9	108412
361.51	0.5	nontarget	29	108453
361.51	0.5	T	21	108453
361.64666666666665	0.5	nontarget	29	108494
361.64666666666665	0.5	<	1	108494
361.78	0.5	nontarget	29	108534
361.78	0.5	K	12	108534
361.9166666666667	0.5	nontarget	29	108575
361.9166666666667	0.5	D	5	108575
362.05333333333334	0.5	nontarget	29	108616
362.05333333333334	0.5	E	6	108616
362.19	0.5	nontarget	29	108657
362.19	0.5	P	17	108657
362.32666666666665	0.5	nontarget	29	108698
362.32666666666665	0.5	C	4	108698
362.46666666666664	0.5	nontarget	29	108740
362.46666666666664	0.5	Q	18	108740
362.6	0.5	nontarget	29	108780
362.6	0.5	O	16	108780
362.7366666666667	0.5	nontarget	29	108821
362.7366666666667	0.5	M	14	108821
362.87333333333333	0.5	nontarget	29	108862
362.87333333333333	0.5	G	8	108862
363.01	0.5	nontarget	29	108903
363.01	0.5	V	23	108903
363.14666666666665	0.5	nontarget	29	108944
363.14666666666665	0.5	Y	26	108944
363.28	0.5	nontarget	29	108984
363.28	0.5	F	7	108984
363.4166666666667	0.5	nontarget	29	109025
363.4166666666667	0.5	W	24	109025
363.55333333333334	0.5	nontarget	29	109066
363.55333333333334	0.5	_	28	109066
363.69	0.5	nontarget	29	109107
363.69	0.5	B	3	109107
363.82666666666665	0.5	nontarget	29	109148
363.82666666666665	0.5	X	25	109148
369.6533333333333	0.5	nontarget	29	110896
369.6533333333333	0.5	_	28	110896
369.7866666666667	0.5	nontarget	29	110936
369.7866666666667	0.5	L	13	110936
369.92333333333335	0.5	nontarget	29	110977
369.92333333333335	0.5	E	6	110977
370.06	0.5	nontarget	29	111018
370.06	0.5	U	22	111018
370.1933333333333	0.5	nontarget	29	111058
370.1933333333333	0.5	Z	27	111058
370.3333333333333	0.5	nontarget	29	111100
370.3333333333333	0.5	<	1	111100
370.47	0.5	nontarget	29	111141
370.47	0.5	B	3	111141
370.6066666666667	0.5	nontarget	29	111182
370.6066666666667	0.5	D	5	111182
370.74333333333334	0.5	nontarget	29	111223
370.74333333333334	0.5	X	25	111223
370.88	0.5	nontarget	29	111264
370.88	0.5	I	10	111264
371.0133333333333	0.5	nontarget	29	111304
371.0133333333333	0.5	S	20	111304
371.15	0.5	nontarget	29	111345
371.15	0.5	H	9	111345
371.2866666666667	0.5	nontarget	29	111386
371.2866666666667	0.5	P	17	111386
371.42	0.5	nontarget	29	111426
371.42	0.5	R	19	111426
371.5566666666667	0.5	nontarget	29	111467
371.5566666666667	0.5	F	7	111467
371.69666666666666	0.5	nontarget	29	111509
371.69666666666666	0.5	N	15	111509
371.8333333333333	0.5	nontarget	29	111550
371.8333333333333	0.5	T	21	111550
371.97	0.5	nontarget	29	111591
371.97	0.5	W	24	111591
372.1066666666667	0.5	target	30	111632
372.1066666666667	0.5	J	11	111632
372.24333333333334	0.5	nontarget	29	111673
372.24333333333334	0.5	K	12	111673
372.37666666666667	0.5	nontarget	29	111713
372.37666666666667	0.5	A	2	111713
372.5133333333333	0.5	nontarget	29	111754
372.5133333333333	0.5	O	16	111754
372.65	0.5	nontarget	29	111795
372.65	0.5	C	4	111795
372.7866666666667	0.5	nontarget	29	111836
372.7866666666667	0.5	Y	26	111836
372.92	0.5	nontarget	29	111876
372.92	0.5	Q	18	111876
373.0566666666667	0.5	nontarget	29	111917
373.0566666666667	0.5	G	8	111917
373.1933333333333	0.5	nontarget	29	111958
373.1933333333333	0.5	M	14	111958
373.32666666666665	0.5	nontarget	29	111998
373.32666666666665	0.5	V	23	111998
379.15	0.5	nontarget	29	113745
379.15	0.5	B	3	113745
379.2866666666667	0.5	nontarget	29	113786
379.2866666666667	0.5	_	28	113786
379.42333333333335	0.5	nontarget	29	113827
379.42333333333335	0.5	D	5	113827
379.56	0.5	nontarget	29	113868
379.56	0.5	O	16	113868
379.69666666666666	0.5	nontarget	29	113909
379.69666666666666	0.5	G	8	113909
379.8333333333333	0.5	nontarget	29	113950
379.8333333333333	0.5	K	12	113950
379.97	0.5	nontarget	29	113991
379.97	0.5	T	21	113991
380.10333333333335	0.5	nontarget	29	114031
380.10333333333335	0.5	L	13	114031
380.24	0.5	nontarget	29	114072
380.24	0.5	M	14	114072
380.37333333333333	0.5	nontarget	29	114112
380.37333333333333	0.5	Z	27	114112
380.5133333333333	0.5	nontarget	29	114154
380.5133333333333	0.5	<	1	114154
380.64666666666665	0.5	nontarget	29	114194
380.64666666666665	0.5	F	7	114194
380.78333333333336	0.5	nontarget	29	114235
380.78333333333336	0.5	U	22	114235
380.92	0.5	nontarget	29	114276
380.92	0.5	E	6	114276
381.05333333333334	0.5	nontarget	29	114316
381.05333333333334	0.5	R	19	114316
381.19	0.5	nontarget	29	114357
381.19	0.5	H	9	114357
381.3233333333333	0.5	nontarget	29	114397
381.3233333333333	0.5	J	11	114397
381.46	0.5	nontarget	29	114438
381.46	0.5	Q	18	114438
381.5966666666667	0.5	nontarget	29	114479
381.5966666666667	0.5	V	23	114479
381.73333333333335	0.5	nontarget	29	114520
381.73333333333335	0.5	W	24	114520
381.8666666666667	0.5	nontarget	29	114560
381.8666666666667	0.5	N	15	114560
382.00333333333333	0.5	target	30	114601
382.00333333333333	0.5	Y	26	114601
382.14	0.5	nontarget	29	114642
382.14	0.5	X	25	114642
382.27666666666664	0.5	nontarget	29	114683
382.27666666666664	0.5	S	20	114683
382.41333333333336	0.5	nontarget	29	114724
382.41333333333336	0.5	A	2	114724
382.55	0.5	nontarget	29	114765
382.55	0.5	I	10	114765
382.68333333333334	0.5	nontarget	29	114805
382.68333333333334	0.5	P	17	114805
382.82	0.5	nontarget	29	114846
382.82	0.5	C	4	114846
388.64	0.5	target	30	116592
388.64	0.5	K	12	116592
388.7733333333333	0.5	nontarget	29	116632
388.7733333333333	0.5	B	3	116632
388.91	0.5	nontarget	29	116673
388.91	0.5	I	10	116673
389.04333333333335	0.5	nontarget	29	116713
389.04333333333335	0.5	A	2	116713
389.18	0.5	nontarget	29	116754
389.18	0.5	P	17	116754
389.31333333333333	0.5	nontarget	29	116794
389.31333333333333	0.5	T	21	116794
389.45	0.5	nontarget	29	116835
389.45	0.5	W	24	116835
389.59	0.5	nontarget	29	116877
389.59	0.5	F	7	116877
389.7266666666667	0.5	nontarget	29	116918
389.7266666666667	0.5	Z	27	116918
389.86333333333334	0.5	nontarget	29	116959
389.86333333333334	0.5	<	1	116959
389.99666666666667	0.5	nontarget	29	116999
389.99666666666667	0.5	J	11	116999
390.13666666666666	0.5	nontarget	29	117041
390.13666666666666	0.5	Y	26	117041
390.2733333333333	0.5	nontarget	29	117082
390.2733333333333	0.5	E	6	117082
390.41	0.5	nontarget	29	117123
390.41	0.5	M	14	117123
390.54333333333335	0.5	nontarget	29	117163
390.54333333333335	0.5	O	16	117163
390.68	0.5	nontarget	29	117204
390.68	0.5	V	23	117204
390.81666666666666	0.5	nontarget	29	117245
390.81666666666666	0.5	Q	18	117245
390.95	0.5	nontarget	29	117285
390.95	0.5	N	15	117285
391.08666666666664	0.5	nontarget	29	117326
391.08666666666664	0.5	H	9	117326
391.22333333333336	0.5	nontarget	29	117367
391.22333333333336	0.5	U	22	117367
391.36	0.5	nontarget	29	117408
391.36	0.5	G	8	117408
391.49666666666667	0.5	nontarget	29	117449
391.49666666666667	0.5	R	19	117449
391.63	0.5	nontarget	29	117489
391.63	0.5	C	4	117489
391.77	0.5	nontarget	29	117531
391.77	0.5	D	5	117531
391.9066666666667	0.5	nontarget	29	117572
391.9066666666667	0.5	S	20	117572
392.04	0.5	nontarget	29	117612
392.04	0.5	L	13	117612
392.1766666666667	0.5	nontarget	29	117653
392.1766666666667	0.5	X	25	117653
392.31333333333333	0.5	nontarget	29	117694
392.31333333333333	0.5	_	28	117694
398.15	0.5	nontarget	29	119445
398.15	0.5	R	19	119445
398.2866666666667	0.5	nontarget	29	119486
398.2866666666667	0.5	L	13	119486
398.42333333333335	0.5	nontarget	29	119527
398.42333333333335	0.5	H	9	119527
398.56	0.5	target	30	119568
398.56	0.5	Q	18	119568
398.6933333333333	0.5	nontarget	29	119608
398.6933333333333	0.5	E	6	119608
398.83	0.5	nontarget	29	119649
398.83	0.5	B	3	119649
398.96666666666664	0.5	nontarget	29	119690
398.96666666666664	0.5	F	7	119690
399.10333333333335	0.5	nontarget	29	119731
399.10333333333335	0.5	N	15	119731
399.24	0.5	nontarget	29	119772
399.24	0.5	G	8	119772
399.37666666666667	0.5	nontarget	29	119813
399.37666666666667	0.5	T	21	119813
399.5133333333333	0.5	nontarget	29	119854
399.5133333333333	0.5	V	23	119854
399.65	0.5	nontarget	29	119895
399.65	0.5	J	11	119895
399.7866666666667	0.5	nontarget	29	119936
399.7866666666667	0.5	_	28	119936
399.92333333333335	0.5	nontarget	29	119977
399.92333333333335	0.5	D	5	119977
400.0566666666667	0.5	nontarget	29	120017
400.0566666666667	0.5	K	12	120017
400.1933333333333	0.5	nontarget	29	120058
400.1933333333333	0.5	<	1	120058
400.33	0.5	nontarget	29	120099
400.33	0.5	C	4	120099
400.46666666666664	0.5	nontarget	29	120140
400.46666666666664	0.5	S	20	120140
400.60333333333335	0.5	nontarget	29	120181
400.60333333333335	0.5	P	17	120181
400.74	0.5	nontarget	29	120222
400.74	0.5	M	14	120222
400.87666666666667	0.5	nontarget	29	120263
400.87666666666667	0.5	U	22	120263
401.0133333333333	0.5	nontarget	29	120304
401.0133333333333	0.5	Z	27	120304
401.15	0.5	nontarget	29	120345
401.15	0.5	W	24	120345
401.28333333333336	0.5	nontarget	29	120385
401.28333333333336	0.5	I	10	120385
401.4166666666667	0.5	nontarget	29	120425
401.4166666666667	0.5	Y	26	120425
401.55333333333334	0.5	nontarget	29	120466
401.55333333333334	0.5	O	16	120466
401.69	0.5	nontarget	29	120507
401.69	0.5	X	25	120507
401.82666666666665	0.5	nontarget	29	120548
401.82666666666665	0.5	A	2	120548
407.64666666666665	0.5	nontarget	29	122294
407.64666666666665	0.5	M	14	122294
407.78333333333336	0.5	nontarget	29	122335
407.78333333333336	0.5	S	20	122335
407.92	0.5	nontarget	29	122376
407.92	0.5	_	28	122376
408.0566666666667	0.5	nontarget	29	122417
408.0566666666667	0.5	U	22	122417
408.1933333333333	0.5	nontarget	29	122458
408.1933333333333	0.5	B	3	122458
408.32666666666665	0.5	nontarget	29	122498
408.32666666666665	0.5	R	19	122498
408.4633333333333	0.5	nontarget	29	122539
408.4633333333333	0.5	Z	27	122539
408.60333333333335	0.5	nontarget	29	122581
408.60333333333335	0.5	O	16	122581
408.74	0.5	nontarget	29	122622
408.74	0.5	<	1	122622
408.87666666666667	0.5	nontarget	29	122663
408.87666666666667	0.5	E	6	122663
409.0133333333333	0.5	nontarget	29	122704
409.0133333333333	0.5	P	17	122704
409.14666666666665	0.5	nontarget	29	122744
409.14666666666665	0.5	I	10	122744
409.28333333333336	0.5	nontarget	29	122785
409.28333333333336	0.5	Q	18	122785
409.42	0.5	nontarget	29	122826
409.42	0.5	N	15	122826
409.5566666666667	0.5	nontarget	29	122867
409.5566666666667	0.5	K	12	122867
409.6933333333333	0.5	nontarget	29	122908
409.6933333333333	0.5	C	4	122908
409.83	0.5	nontarget	29	122949
409.83	0.5	D	5	122949
409.9633333333333	0.5	nontarget	29	122989
409.9633333333333	0.5	J	11	122989
410.1	0.5	nontarget	29	123030
410.1	0.5	A	2	123030
410.24	0.5	nontarget	29	123072
410.24	0.5	W	24	123072
410.37333333333333	0.5	nontarget	29	123112
410.37333333333333	0.5	X	25	123112
410.51	0.5	target	30	123153
410.51	0.5	G	8	123153
410.64666666666665	0.5	nontarget	29	123194
410.64666666666665	0.5	F	7	123194
410.78333333333336	0.5	nontarget	29	123235
410.78333333333336	0.5	V	23	123235
410.92	0.5	nontarget	29	123276
410.92	0.5	Y	26	123276
411.0566666666667	0.5	nontarget	29	123317
411.0566666666667	0.5	L	13	123317
411.1933333333333	0.5	nontarget	29	123358
411.1933333333333	0.5	T	21	123358
411.32666666666665	0.5	nontarget	29	123398
411.32666666666665	0.5	H	9	123398
417.15	0.5	nontarget	29	125145
417.15	0.5	V	23	125145
417.2866666666667	0.5	nontarget	29	125186
417.2866666666667	0.5	W	24	125186
417.42333333333335	0.5	nontarget	29	125227
417.42333333333335	0.5	G	8	125227
417.56	0.5	nontarget	29	125268
417.56	0.5	N	15	125268
417.6933333333333	0.5	nontarget	29	125308
417.6933333333333	0.5	Z	27	125308
417.83	0.5	nontarget	29	125349
417.83	0.5	L	13	125349
417.96666666666664	0.5	nontarget	29	125390
417.96666666666664	0.5	K	12	125390
418.10333333333335	0.5	target	30	125431
418.10333333333335	0.5	R	19	125431
418.2366666666667	0.5	nontarget	29	125471
418.2366666666667	0.5	M	14	125471
418.37333333333333	0.5	nontarget	29	125512
418.37333333333333	0.5	J	11	125512
418.51	0.5	nontarget	29	125553
418.51	0.5	X	25	125553
418.64666666666665	0.5	nontarget	29	125594
418.64666666666665	0.5	H	9	125594
418.78333333333336	0.5	nontarget	29	125635
418.78333333333336	0.5	O	16	125635
418.92	0.5	nontarget	29	125676
418.92	0.5	_	28	125676
419.0566666666667	0.5	nontarget	29	125717
419.0566666666667	0.5	U	22	125717
419.1933333333333	0.5	nontarget	29	125758
419.1933333333333	0.5	A	2	125758
419.33	0.5	nontarget	29	125799
419.33	0.5	Y	26	125799
419.46666666666664	0.5	nontarget	29	125840
419.46666666666664	0.5	I	10	125840
419.60333333333335	0.5	nontarget	29	125881
419.60333333333335	0.5	D	5	125881
419.74	0.5	nontarget	29	125922
419.74	0.5	B	3	125922
419.87666666666667	0.5	nontarget	29	125963
419.87666666666667	0.5	P	17	125963
420.0133333333333	0.5	nontarget	29	126004
420.0133333333333	0.5	Q	18	126004
420.14666666666665	0.5	nontarget	29	126044
420.14666666666665	0.5	S	20	126044
420.28333333333336	0.5	nontarget	29	126085
420.28333333333336	0.5	<	1	126085
420.42333333333335	0.5	nontarget	29	126127
420.42333333333335	0.5	E	6	126127
420.56	0.5	nontarget	29	126168
420.56	0.5	T	21	126168
420.6933333333333	0.5	nontarget	29	126208
420.6933333333333	0.5	F	7	126208
420.83	0.5	nontarget	29	126249
420.83	0.5	C	4	126249
426.6533333333333	0.5	nontarget	29	127996
426.6533333333333	0.5	N	15	127996
426.7866666666667	0.5	nontarget	29	128036
426.7866666666667	0.5	V	23	128036
426.92333333333335	0.5	nontarget	29	128077
426.92333333333335	0.5	C	4	128077
427.06	0.5	nontarget	29	128118
427.06	0.5	P	17	128118
427.19666666666666	0.5	nontarget	29	128159
427.19666666666666	0.5	D	5	128159
427.3333333333333	0.5	nontarget	29	128200
427.3333333333333	0.5	U	22	128200
427.47333333333336	0.5	nontarget	29	128242
427.47333333333336	0.5	I	10	128242
427.6066666666667	0.5	nontarget	29	128282
427.6066666666667	0.5	H	9	128282
427.74666666666667	0.5	nontarget	29	128324
427.74666666666667	0.5	G	8	128324
427.88	0.5	nontarget	29	128364
427.88	0.5	B	3	128364
428.01666666666665	0.5	nontarget	29	128405
428.01666666666665	0.5	A	2	128405
428.15	0.5	nontarget	29	128445
428.15	0.5	T	21	128445
428.2866666666667	0.5	nontarget	29	128486
428.2866666666667	0.5	Q	18	128486
428.42333333333335	0.5	nontarget	29	128527
428.42333333333335	0.5	K	12	128527
428.56	0.5	nontarget	29	128568
428.56	0.5	Y	26	128568
428.69666666666666	0.5	nontarget	29	128609
428.69666666666666	0.5	W	24	128609
428.8333333333333	0.5	nontarget	29	128650
428.8333333333333	0.5	<	1	128650
428.97	0.5	nontarget	29	128691
428.97	0.5	E	6	128691
429.1066666666667	0.5	nontarget	29	128732
429.1066666666667	0.5	L	13	128732
429.24333333333334	0.5	nontarget	29	128773
429.24333333333334	0.5	S	20	128773
429.38	0.5	nontarget	29	128814
429.38	0.5	_	28	128814
429.51666666666665	0.5	nontarget	29	128855
429.51666666666665	0.5	O	16	128855
429.6533333333333	0.5	nontarget	29	128896
429.6533333333333	0.5	F	7	128896
429.7866666666667	0.5	target	30	128936
429.7866666666667	0.5	X	25	128936
429.92333333333335	0.5	nontarget	29	128977
429.92333333333335	0.5	R	19	128977
430.06	0.5	nontarget	29	129018
430.06	0.5	Z	27	129018
430.19666666666666	0.5	nontarget	29	129059
430.19666666666666	0.5	M	14	129059
430.3333333333333	0.5	nontarget	29	129100
430.3333333333333	0.5	J	11	129100
436.1566666666667	0.5	nontarget	29	130847
436.1566666666667	0.5	X	25	130847
436.29333333333335	0.5	nontarget	29	130888
436.29333333333335	0.5	S	20	130888
436.43	0.5	nontarget	29	130929
436.43	0.5	<	1	130929
436.56666666666666	0.5	nontarget	29	130970
436.56666666666666	0.5	L	13	130970
436.7033333333333	0.5	nontarget	29	131011
436.7033333333333	0.5	R	19	131011
436.84	0.5	nontarget	29	131052
436.84	0.5	P	17	131052
436.9766666666667	0.5	nontarget	29	131093
436.9766666666667	0.5	J	11	131093
437.11333333333334	0.5	nontarget	29	131134
437.11333333333334	0.5	A	2	131134
437.25	0.5	nontarget	29	131175
437.25	0.5	C	4	131175
437.38666666666666	0.5	nontarget	29	131216
437.38666666666666	0.5	O	16	131216
437.5233333333333	0.5	nontarget	29	131257
437.5233333333333	0.5	Z	27	131257
437.6566666666667	0.5	nontarget	29	131297
437.6566666666667	0.5	N	15	131297
437.7966666666667	0.5	nontarget	29	131339
437.7966666666667	0.5	G	8	131339
437.93333333333334	0.5	nontarget	29	131380
437.93333333333334	0.5	H	9	131380
438.06666666666666	0.5	target	30	131420
438.06666666666666	0.5	F	7	131420
438.2033333333333	0.5	nontarget	29	131461
438.2033333333333	0.5	U	22	131461
438.34	0.5	nontarget	29	131502
438.34	0.5	E	6	131502
438.4766666666667	0.5	nontarget	29	131543
438.4766666666667	0.5	Q	18	131543
438.61333333333334	0.5	nontarget	29	131584
438.61333333333334	0.5	V	23	131584
438.75	0.5	nontarget	29	131625
438.75	0.5	_	28	131625
438.88666666666666	0.5	nontarget	29	131666
438.88666666666666	0.5	K	12	131666
439.0233333333333	0.5	nontarget	29	131707
439.0233333333333	0.5	D	5	131707
439.16	0.5	nontarget	29	131748
439.16	0.5	M	14	131748
439.2966666666667	0.5	nontarget	29	131789
439.2966666666667	0.5	W	24	131789
439.43	0.5	nontarget	29	131829
439.43	0.5	Y	26	131829
439.56666666666666	0.5	nontarget	29	131870
439.56666666666666	0.5	I	10	131870
439.7033333333333	0.5	nontarget	29	131911
439.7033333333333	0.5	B	3	131911
439.84	0.5	nontarget	29	131952
439.84	0.5	T	21	131952
445.66	0.5	nontarget	29	133698
445.66	0.5	V	23	133698
445.7966666666667	0.5	nontarget	29	133739
445.7966666666667	0.5	Y	26	133739
445.93666666666667	0.5	nontarget	29	133781
445.93666666666667	0.5	C	4	133781
446.0733333333333	0.5	nontarget	29	133822
446.0733333333333	0.5	O	16	133822
446.21	0.5	nontarget	29	133863
446.21	0.5	U	22	133863
446.3433333333333	0.5	nontarget	29	133903
446.3433333333333	0.5	W	24	133903
446.48333333333335	0.5	nontarget	29	133945
446.48333333333335	0.5	R	19	133945
446.6166666666667	0.5	nontarget	29	133985
446.6166666666667	0.5	M	14	133985
446.75333333333333	0.5	nontarget	29	134026
446.75333333333333	0.5	<	1	134026
446.89	0.5	nontarget	29	134067
446.89	0.5	Q	18	134067
447.02666666666664	0.5	nontarget	29	134108
447.02666666666664	0.5	F	7	134108
447.16333333333336	0.5	nontarget	29	134149
447.16333333333336	0.5	A	2	134149
447.3	0.5	nontarget	29	134190
447.3	0.5	P	17	134190
447.43666666666667	0.5	nontarget	29	134231
447.43666666666667	0.5	_	28	134231
447.5733333333333	0.5	nontarget	29	134272
447.5733333333333	0.5	G	8	134272
447.71	0.5	nontarget	29	134313
447.71	0.5	N	15	134313
447.8466666666667	0.5	nontarget	29	134354
447.8466666666667	0.5	Z	27	134354
447.98	0.5	nontarget	29	134394
447.98	0.5	B	3	134394
448.1166666666667	0.5	nontarget	29	134435
448.1166666666667	0.5	L	13	134435
448.25333333333333	0.5	nontarget	29	134476
448.25333333333333	0.5	X	25	134476
448.39	0.5	nontarget	29	134517
448.39	0.5	J	11	134517
448.52666666666664	0.5	nontarget	29	134558
448.52666666666664	0.5	T	21	134558
448.66	0.5	nontarget	29	134598
448.66	0.5	H	9	134598
448.7966666666667	0.5	nontarget	29	134639
448.7966666666667	0.5	I	10	134639
448.93333333333334	0.5	nontarget	29	134680
448.93333333333334	0.5	K	12	134680
449.07	0.5	target	30	134721
449.07	0.5	E	6	134721
449.20666666666665	0.5	nontarget	29	134762
449.20666666666665	0.5	S	20	134762
449.34	0.5	nontarget	29	134802
449.34	0.5	D	5	134802
455.1666666666667	0.5	nontarget	29	136550
455.1666666666667	0.5	W	24	136550
455.30333333333334	0.5	nontarget	29	136591
455.30333333333334	0.5	A	2	136591
455.44	0.5	nontarget	29	136632
455.44	0.5	C	4	136632
455.5733333333333	0.5	nontarget	29	136672
455.5733333333333	0.5	B	3	136672
455.71	0.5	target	30	136713
455.71	0.5	M	14	136713
455.8466666666667	0.5	nontarget	29	136754
455.8466666666667	0.5	<	1	136754
455.98333333333335	0.5	nontarget	29	136795
455.98333333333335	0.5	Z	27	136795
456.12333333333333	0.5	nontarget	29	136837
456.12333333333333	0.5	P	17	136837
456.25666666666666	0.5	nontarget	29	136877
456.25666666666666	0.5	Q	18	136877
456.3933333333333	0.5	nontarget	29	136918
456.3933333333333	0.5	R	19	136918
456.53	0.5	nontarget	29	136959
456.53	0.5	O	16	136959
456.6666666666667	0.5	nontarget	29	137000
456.6666666666667	0.5	X	25	137000
456.80333333333334	0.5	nontarget	29	137041
456.80333333333334	0.5	_	28	137041
456.93666666666667	0.5	nontarget	29	137081
456.93666666666667	0.5	T	21	137081
457.08	0.5	nontarget	29	137124
457.08	0.5	E	6	137124
457.2133333333333	0.5	nontarget	29	137164
457.2133333333333	0.5	N	15	137164
457.35	0.5	nontarget	29	137205
457.35	0.5	Y	26	137205
457.4866666666667	0.5	nontarget	29	137246
457.4866666666667	0.5	K	12	137246
457.62333333333333	0.5	nontarget	29	137287
457.62333333333333	0.5	U	22	137287
457.76	0.5	nontarget	29	137328
457.76	0.5	I	10	137328
457.89666666666665	0.5	nontarget	29	137369
457.89666666666665	0.5	F	7	137369
458.03333333333336	0.5	nontarget	29	137410
458.03333333333336	0.5	H	9	137410
458.17	0.5	nontarget	29	137451
458.17	0.5	V	23	137451
458.30333333333334	0.5	nontarget	29	137491
458.30333333333334	0.5	D	5	137491
458.44	0.5	nontarget	29	137532
458.44	0.5	G	8	137532
458.57666666666665	0.5	nontarget	29	137573
458.57666666666665	0.5	S	20	137573
458.7133333333333	0.5	nontarget	29	137614
458.7133333333333	0.5	J	11	137614
458.85	0.5	nontarget	29	137655
458.85	0.5	L	13	137655
464.67333333333335	0.5	nontarget	29	139402
464.67333333333335	0.5	Y	26	139402
464.81333333333333	0.5	nontarget	29	139444
464.81333333333333	0.5	N	15	139444
464.95	0.5	nontarget	29	139485
464.95	0.5	A	2	139485
465.08666666666664	0.5	nontarget	29	139526
465.08666666666664	0.5	O	16	139526
465.22333333333336	0.5	nontarget	29	139567
465.22333333333336	0.5	T	21	139567
465.36	0.5	nontarget	29	139608
465.36	0.5	<	1	139608
465.49666666666667	0.5	nontarget	29	139649
465.49666666666667	0.5	Z	27	139649
465.6333333333333	0.5	nontarget	29	139690
465.6333333333333	0.5	G	8	139690
465.77	0.5	nontarget	29	139731
465.77	0.5	D	5	139731
465.9033333333333	0.5	nontarget	29	139771
465.9033333333333	0.5	M	14	139771
466.04	0.5	nontarget	29	139812
466.04	0.5	B	3	139812
466.1766666666667	0.5	nontarget	29	139853
466.1766666666667	0.5	U	22	139853
466.31333333333333	0.5	nontarget	29	139894
466.31333333333333	0.5	X	25	139894
466.45	0.5	nontarget	29	139935
466.45	0.5	P	17	139935
466.58666666666664	0.5	nontarget	29	139976
466.58666666666664	0.5	S	20	139976
466.72	0.5	nontarget	29	140016
466.72	0.5	_	28	140016
466.8566666666667	0.5	target	30	140057
466.8566666666667	0.5	F	7	140057
466.99333333333334	0.5	nontarget	29	140098
466.99333333333334	0.5	C	4	140098
467.13	0.5	nontarget	29	140139
467.13	0.5	V	23	140139
467.26666666666665	0.5	nontarget	29	140180
467.26666666666665	0.5	H	9	140180
467.47	0.5	nontarget	29	140241
467.47	0.5	W	24	140241
467.6066666666667	0.5	nontarget	29	140282
467.6066666666667	0.5	R	19	140282
467.74333333333334	0.5	nontarget	29	140323
467.74333333333334	0.5	E	6	140323
467.88	0.5	nontarget	29	140364
467.88	0.5	K	12	140364
468.01666666666665	0.5	nontarget	29	140405
468.01666666666665	0.5	L	13	140405
468.1533333333333	0.5	nontarget	29	140446
468.1533333333333	0.5	J	11	140446
468.29	0.5	nontarget	29	140487
468.29	0.5	Q	18	140487
468.42333333333335	0.5	nontarget	29	140527
468.42333333333335	0.5	I	10	140527
474.24666666666667	0.5	nontarget	29	142274
474.24666666666667	0.5	U	22	142274
474.38	0.5	nontarget	29	142314
474.38	0.5	S	20	142314
474.51666666666665	0.5	nontarget	29	142355
474.51666666666665	0.5	L	13	142355
474.6533333333333	0.5	nontarget	29	142396
474.6533333333333	0.5	Y	26	142396
474.79	0.5	nontarget	29	142437
474.79	0.5	T	21	142437
474.9266666666667	0.5	nontarget	29	142478
474.9266666666667	0.5	P	17	142478
475.06333333333333	0.5	nontarget	29	142519
475.06333333333333	0.5	R	19	142519
475.2	0.5	nontarget	29	142560
475.2	0.5	K	12	142560
475.33666666666664	0.5	nontarget	29	142601
475.33666666666664	0.5	Z	27	142601
475.47333333333336	0.5	nontarget	29	142642
475.47333333333336	0.5	F	7	142642
475.61	0.5	nontarget	29	142683
475.61	0.5	V	23	142683
475.74666666666667	0.5	nontarget	29	142724
475.74666666666667	0.5	Q	18	142724
475.8833333333333	0.5	nontarget	29	142765
475.8833333333333	0.5	X	25	142765
476.02	0.5	target	30	142806
476.02	0.5	A	2	142806
476.1566666666667	0.5	nontarget	29	142847
476.1566666666667	0.5	O	16	142847
476.29	0.5	nontarget	29	142887
476.29	0.5	_	28	142887
476.4266666666667	0.5	nontarget	29	142928
476.4266666666667	0.5	<	1	142928
476.56666666666666	0.5	nontarget	29	142970
476.56666666666666	0.5	C	4	142970
476.7	0.5	nontarget	29	143010
476.7	0.5	N	15	143010
476.83666666666664	0.5	nontarget	29	143051
476.83666666666664	0.5	D	5	143051
476.97333333333336	0.5	nontarget	29	143092
476.97333333333336	0.5	E	6	143092
477.11	0.5	nontarget	29	143133
477.11	0.5	H	9	143133
477.24666666666667	0.5	nontarget	29	143174
477.24666666666667	0.5	G	8	143174
477.3833333333333	0.5	nontarget	29	143215
477.3833333333333	0.5	M	14	143215
477.52	0.5	nontarget	29	143256
477.52	0.5	B	3	143256
477.6566666666667	0.5	nontarget	29	143297
477.6566666666667	0.5	I	10	143297
477.79333333333335	0.5	nontarget	29	143338
477.79333333333335	0.5	J	11	143338
477.93	0.5	nontarget	29	143379
477.93	0.5	W	24	143379
483.75666666666666	0.5	nontarget	29	145127
483.75666666666666	0.5	P	17	145127
483.89666666666665	0.5	nontarget	29	145169
483.89666666666665	0.5	S	20	145169
484.03333333333336	0.5	nontarget	29	145210
484.03333333333336	0.5	J	11	145210
484.17	0.5	nontarget	29	145251
484.17	0.5	M	14	145251
484.3066666666667	0.5	nontarget	29	145292
484.3066666666667	0.5	C	4	145292
484.4433333333333	0.5	nontarget	29	145333
484.4433333333333	0.5	Z	27	145333
484.58	0.5	nontarget	29	145374
484.58	0.5	L	13	145374
484.71666666666664	0.5	nontarget	29	145415
484.71666666666664	0.5	B	3	145415
484.85	0.5	nontarget	29	145455
484.85	0.5	A	2	145455
484.9866666666667	0.5	nontarget	29	145496
484.9866666666667	0.5	T	21	145496
485.12333333333333	0.5	nontarget	29	145537
485.12333333333333	0.5	D	5	145537
485.26	0.5	nontarget	29	145578
485.26	0.5	W	24	145578
485.39666666666665	0.5	nontarget	29	145619
485.39666666666665	0.5	V	23	145619
485.53	0.5	nontarget	29	145659
485.53	0.5	Q	18	145659
485.6666666666667	0.5	nontarget	29	145700
485.6666666666667	0.5	G	8	145700
485.8066666666667	0.5	nontarget	29	145742
485.8066666666667	0.5	X	25	145742
485.9433333333333	0.5	nontarget	29	145783
485.9433333333333	0.5	N	15	145783
486.07666666666665	0.5	nontarget	29	145823
486.07666666666665	0.5	E	6	145823
486.2133333333333	0.5	nontarget	29	145864
486.2133333333333	0.5	Y	26	145864
486.35	0.5	nontarget	29	145905
486.35	0.5	O	16	145905
486.4866666666667	0.5	nontarget	29	145946
486.4866666666667	0.5	<	1	145946
486.62	0.5	nontarget	29	145986
486.62	0.5	H	9	145986
486.75333333333333	0.5	target	30	146026
486.75333333333333	0.5	U	22	146026
486.8933333333333	0.5	nontarget	29	146068
486.8933333333333	0.5	F	7	146068
487.02666666666664	0.5	nontarget	29	146108
487.02666666666664	0.5	R	19	146108
487.16333333333336	0.5	nontarget	29	146149
487.16333333333336	0.5	K	12	146149
487.2966666666667	0.5	nontarget	29	146189
487.2966666666667	0.5	I	10	146189
487.43333333333334	0.5	nontarget	29	146230
487.43333333333334	0.5	_	28	146230
493.26	0.5	nontarget	29	147978
493.26	0.5	K	12	147978
493.4	0.5	nontarget	29	148020
493.4	0.5	B	3	148020
493.53333333333336	0.5	nontarget	29	148060
493.53333333333336	0.5	<	1	148060
493.67	0.5	nontarget	29	148101
493.67	0.5	_	28	148101
493.81	0.5	nontarget	29	148143
493.81	0.5	R	19	148143
493.9433333333333	0.5	nontarget	29	148183
493.9433333333333	0.5	L	13	148183
494.08	0.5	nontarget	29	148224
494.08	0.5	O	16	148224
494.22	0.5	nontarget	29	148266
494.22	0.5	C	4	148266
494.3566666666667	0.5	nontarget	29	148307
494.3566666666667	0.5	Y	26	148307
494.49333333333334	0.5	nontarget	29	148348
494.49333333333334	0.5	N	15	148348
494.63	0.5	target	30	148389
494.63	0.5	P	17	148389
494.7633333333333	0.5	nontarget	29	148429
494.7633333333333	0.5	T	21	148429
494.9	0.5	nontarget	29	148470
494.9	0.5	F	7	148470
495.0366666666667	0.5	nontarget	29	148511
495.0366666666667	0.5	J	11	148511
495.17333333333335	0.5	nontarget	29	148552
495.17333333333335	0.5	A	2	148552
495.31	0.5	nontarget	29	148593
495.31	0.5	W	24	148593
495.44666666666666	0.5	nontarget	29	148634
495.44666666666666	0.5	V	23	148634
495.5833333333333	0.5	nontarget	29	148675
495.5833333333333	0.5	D	5	148675
495.72	0.5	nontarget	29	148716
495.72	0.5	S	20	148716
495.8566666666667	0.5	nontarget	29	148757
495.8566666666667	0.5	Z	27	148757
495.99	0.5	nontarget	29	148797
495.99	0.5	M	14	148797
496.13	0.5	nontarget	29	148839
496.13	0.5	Q	18	148839
496.2633333333333	0.5	nontarget	29	148879
496.2633333333333	0.5	G	8	148879
496.4	0.5	nontarget	29	148920
496.4	0.5	U	22	148920
496.53333333333336	0.5	nontarget	29	148960
496.53333333333336	0.5	E	6	148960
496.67	0.5	nontarget	29	149001
496.67	0.5	X	25	149001
496.8066666666667	0.5	nontarget	29	149042
496.8066666666667	0.5	I	10	149042
496.94	0.5	nontarget	29	149082
496.94	0.5	H	9	149082
502.7633333333333	0.5	nontarget	29	150829
502.7633333333333	0.5	K	12	150829
502.9	0.5	nontarget	29	150870
502.9	0.5	D	5	150870
503.0366666666667	0.5	nontarget	29	150911
503.0366666666667	0.5	F	7	150911
503.17	0.5	nontarget	29	150951
503.17	0.5	R	19	150951
503.3066666666667	0.5	nontarget	29	150992
503.3066666666667	0.5	Z	27	150992
503.4433333333333	0.5	nontarget	29	151033
503.4433333333333	0.5	T	21	151033
503.58	0.5	nontarget	29	151074
503.58	0.5	O	16	151074
503.71666666666664	0.5	nontarget	29	151115
503.71666666666664	0.5	E	6	151115
503.85333333333335	0.5	nontarget	29	151156
503.85333333333335	0.5	_	28	151156
503.99	0.5	nontarget	29	151197
503.99	0.5	H	9	151197
504.12666666666667	0.5	nontarget	29	151238
504.12666666666667	0.5	Y	26	151238
504.26	0.5	nontarget	29	151278
504.26	0.5	A	2	151278
504.39666666666665	0.5	target	30	151319
504.39666666666665	0.5	J	11	151319
504.53333333333336	0.5	nontarget	29	151360
504.53333333333336	0.5	C	4	151360
504.67	0.5	nontarget	29	151401
504.67	0.5	W	24	151401
504.8066666666667	0.5	nontarget	29	151442
504.8066666666667	0.5	I	10	151442
504.9433333333333	0.5	nontarget	29	151483
504.9433333333333	0.5	M	14	151483
505.08	0.5	nontarget	29	151524
505.08	0.5	G	8	151524
505.21666666666664	0.5	nontarget	29	151565
505.21666666666664	0.5	B	3	151565
505.35333333333335	0.5	nontarget	29	151606
505.35333333333335	0.5	P	17	151606
505.49	0.5	nontarget	29	151647
505.49	0.5	<	1	151647
505.62666666666667	0.5	nontarget	29	151688
505.62666666666667	0.5	V	23	151688
505.7633333333333	0.5	nontarget	29	151729
505.7633333333333	0.5	S	20	151729
505.9	0.5	nontarget	29	151770
505.9	0.5	N	15	151770
506.03333333333336	0.5	nontarget	29	151810
506.03333333333336	0.5	L	13	151810
506.17	0.5	nontarget	29	151851
506.17	0.5	X	25	151851
506.3066666666667	0.5	nontarget	29	151892
506.3066666666667	0.5	U	22	151892
506.44	0.5	nontarget	29	151932
506.44	0.5	Q	18	151932
512.2666666666667	0.5	nontarget	29	153680
512.2666666666667	0.5	O	16	153680
512.4033333333333	0.5	nontarget	29	153721
512.4033333333333	0.5	E	6	153721
512.54	0.5	nontarget	29	153762
512.54	0.5	F	7	153762
512.6766666666666	0.5	nontarget	29	153803
512.6766666666666	0.5	N	15	153803
512.81	0.5	nontarget	29	153843
512.81	0.5	R	19	153843
512.9466666666667	0.5	nontarget	29	153884
512.9466666666667	0.5	K	12	153884
513.0833333333334	0.5	nontarget	29	153925
513.0833333333334	0.5	L	13	153925
513.22	0.5	nontarget	29	153966
513.22	0.5	C	4	153966
513.3533333333334	0.5	nontarget	29	154006
513.3533333333334	0.5	A	2	154006
513.4933333333333	0.5	nontarget	29	154048
513.4933333333333	0.5	_	28	154048
513.6266666666667	0.5	nontarget	29	154088
513.6266666666667	0.5	B	3	154088
513.7633333333333	0.5	nontarget	29	154129
513.7633333333333	0.5	S	20	154129
513.9033333333333	0.5	nontarget	29	154171
513.9033333333333	0.5	Q	18	154171
514.0366666666666	0.5	nontarget	29	154211
514.0366666666666	0.5	I	10	154211
514.1733333333333	0.5	nontarget	29	154252
514.1733333333333	0.5	<	1	154252
514.31	0.5	nontarget	29	154293
514.31	0.5	J	11	154293
514.4433333333334	0.5	nontarget	29	154333
514.4433333333334	0.5	W	24	154333
514.58	0.5	nontarget	29	154374
514.58	0.5	X	25	154374
514.7166666666667	0.5	nontarget	29	154415
514.7166666666667	0.5	D	5	154415
514.85	0.5	nontarget	29	154455
514.85	0.5	G	8	154455
514.9866666666667	0.5	target	30	154496
514.9866666666667	0.5	V	23	154496
515.1233333333333	0.5	nontarget	29	154537
515.1233333333333	0.5	P	17	154537
515.26	0.5	nontarget	29	154578
515.26	0.5	M	14	154578
515.3966666666666	0.5	nontarget	29	154619
515.3966666666666	0.5	T	21	154619
515.53	0.5	nontarget	29	154659
515.53	0.5	Z	27	154659
515.6666666666666	0.5	nontarget	29	154700
515.6666666666666	0.5	H	9	154700
515.8033333333333	0.5	nontarget	29	154741
515.8033333333333	0.5	U	22	154741
515.94	0.5	nontarget	29	154782
515.94	0.5	Y	26	154782
521.7666666666667	0.5	nontarget	29	156530
521.7666666666667	0.5	F	7	156530
521.9033333333333	0.5	nontarget	29	156571
521.9033333333333	0.5	E	6	156571
522.04	0.5	nontarget	29	156612
522.04	0.5	M	14	156612
522.1733333333333	0.5	nontarget	29	156652
522.1733333333333	0.5	J	11	156652
522.31	0.5	nontarget	29	156693
522.31	0.5	P	17	156693
522.4466666666667	0.5	nontarget	29	156734
522.4466666666667	0.5	K	12	156734
522.58	0.5	nontarget	29	156774
522.58	0.5	N	15	156774
522.7166666666667	0.5	nontarget	29	156815
522.7166666666667	0.5	Q	18	156815
522.8533333333334	0.5	nontarget	29	156856
522.8533333333334	0.5	U	22	156856
522.99	0.5	nontarget	29	156897
522.99	0.5	R	19	156897
523.1266666666667	0.5	nontarget	29	156938
523.1266666666667	0.5	_	28	156938
523.2633333333333	0.5	nontarget	29	156979
523.2633333333333	0.5	L	13	156979
523.4	0.5	nontarget	29	157020
523.4	0.5	C	4	157020
523.5366666666666	0.5	nontarget	29	157061
523.5366666666666	0.5	Z	27	157061
523.6733333333333	0.5	nontarget	29	157102
523.6733333333333	0.5	D	5	157102
523.81	0.5	nontarget	29	157143
523.81	0.5	I	10	157143
523.95	0.5	nontarget	29	157185
523.95	0.5	H	9	157185
524.0866666666667	0.5	nontarget	29	157226
524.0866666666667	0.5	<	1	157226
524.22	0.5	nontarget	29	157266
524.22	0.5	X	25	157266
524.3566666666667	0.5	nontarget	29	157307
524.3566666666667	0.5	A	2	157307
524.4933333333333	0.5	nontarget	29	157348
524.4933333333333	0.5	O	16	157348
524.63	0.5	nontarget	29	157389
524.63	0.5	V	23	157389
524.7666666666667	0.5	nontarget	29	157430
524.7666666666667	0.5	B	3	157430
524.9	0.5	nontarget	29	157470
524.9	0.5	S	20	157470
525.0366666666666	0.5	nontarget	29	157511
525.0366666666666	0.5	T	21	157511
525.1733333333333	0.5	target	30	157552
525.1733333333333	0.5	W	24	157552
525.31	0.5	nontarget	29	157593
525.31	0.5	Y	26	157593
525.4466666666667	0.5	nontarget	29	157634
525.4466666666667	0.5	G	8	157634
531.2733333333333	0.5	nontarget	29	159382
531.2733333333333	0.5	Q	18	159382
531.41	0.5	nontarget	29	159423
531.41	0.5	S	20	159423
531.5433333333333	0.5	nontarget	29	159463
531.5433333333333	0.5	T	21	159463
531.6966666666667	0.5	nontarget	29	159509
531.6966666666667	0.5	A	2	159509
531.83	0.5	nontarget	29	159549
531.83	0.5	_	28	159549
531.9666666666667	0.5	nontarget	29	159590
531.9666666666667	0.5	L	13	159590
532.1066666666667	0.5	nontarget	29	159632
532.1066666666667	0.5	D	5	159632
532.2433333333333	0.5	nontarget	29	159673
532.2433333333333	0.5	R	19	159673
532.38	0.5	nontarget	29	159714
532.38	0.5	K	12	159714
532.5166666666667	0.5	nontarget	29	159755
532.5166666666667	0.5	E	6	159755
532.6533333333333	0.5	nontarget	29	159796
532.6533333333333	0.5	U	22	159796
532.7866666666666	0.5	nontarget	29	159836
532.7866666666666	0.5	N	15	159836
532.9233333333333	0.5	nontarget	29	159877
532.9233333333333	0.5	C	4	159877
533.06	0.5	nontarget	29	159918
533.06	0.5	M	14	159918
533.1966666666667	0.5	nontarget	29	159959
533.1966666666667	0.5	P	17	159959
533.3333333333334	0.5	nontarget	29	160000
533.3333333333334	0.5	G	8	160000
533.47	0.5	nontarget	29	160041
533.47	0.5	F	7	160041
533.6066666666667	0.5	target	30	160082
533.6066666666667	0.5	H	9	160082
533.7433333333333	0.5	nontarget	29	160123
533.7433333333333	0.5	I	10	160123
533.88	0.5	nontarget	29	160164
533.88	0.5	W	24	160164
534.0166666666667	0.5	nontarget	29	160205
534.0166666666667	0.5	J	11	160205
534.1533333333333	0.5	nontarget	29	160246
534.1533333333333	0.5	X	25	160246
534.29	0.5	nontarget	29	160287
534.29	0.5	B	3	160287
534.4266666666666	0.5	nontarget	29	160328
534.4266666666666	0.5	V	23	160328
534.56	0.5	nontarget	29	160368
534.56	0.5	O	16	160368
534.6966666666667	0.5	nontarget	29	160409
534.6966666666667	0.5	<	1	160409
534.8333333333334	0.5	nontarget	29	160450
534.8333333333334	0.5	Y	26	160450
534.97	0.5	nontarget	29	160491
534.97	0.5	Z	27	160491
