onset	duration	trial_type	value	sample
11.323333333333334	0.5	nontarget	29	3397
11.323333333333334	0.5	_	28	3397
11.46	0.5	nontarget	29	3438
11.46	0.5	E	6	3438
11.596666666666666	0.5	target	30	3479
11.596666666666666	0.5	K	12	3479
11.733333333333333	0.5	nontarget	29	3520
11.733333333333333	0.5	A	2	3520
11.87	0.5	nontarget	29	3561
11.87	0.5	H	9	3561
12.006666666666666	0.5	nontarget	29	3602
12.006666666666666	0.5	<	1	3602
12.143333333333333	0.5	nontarget	29	3643
12.143333333333333	0.5	D	5	3643
12.276666666666667	0.5	nontarget	29	3683
12.276666666666667	0.5	R	19	3683
12.413333333333334	0.5	nontarget	29	3724
12.413333333333334	0.5	J	11	3724
12.55	0.5	nontarget	29	3765
12.55	0.5	G	8	3765
12.686666666666667	0.5	nontarget	29	3806
12.686666666666667	0.5	I	10	3806
12.823333333333334	0.5	nontarget	29	3847
12.823333333333334	0.5	P	17	3847
12.96	0.5	nontarget	29	3888
12.96	0.5	T	21	3888
13.1	0.5	nontarget	29	3930
13.1	0.5	Y	26	3930
13.233333333333333	0.5	nontarget	29	3970
13.233333333333333	0.5	N	15	3970
13.37	0.5	nontarget	29	4011
13.37	0.5	W	24	4011
13.503333333333334	0.5	nontarget	29	4051
13.503333333333334	0.5	M	14	4051
13.64	0.5	nontarget	29	4092
13.64	0.5	V	23	4092
13.776666666666667	0.5	nontarget	29	4133
13.776666666666667	0.5	S	20	4133
13.913333333333334	0.5	nontarget	29	4174
13.913333333333334	0.5	Z	27	4174
14.05	0.5	nontarget	29	4215
14.05	0.5	U	22	4215
14.186666666666667	0.5	nontarget	29	4256
14.186666666666667	0.5	F	7	4256
14.323333333333334	0.5	nontarget	29	4297
14.323333333333334	0.5	B	3	4297
14.456666666666667	0.5	nontarget	29	4337
14.456666666666667	0.5	C	4	4337
14.593333333333334	0.5	nontarget	29	4378
14.593333333333334	0.5	L	13	4378
14.73	0.5	nontarget	29	4419
14.73	0.5	Q	18	4419
14.866666666666667	0.5	nontarget	29	4460
14.866666666666667	0.5	O	16	4460
15.003333333333334	0.5	nontarget	29	4501
15.003333333333334	0.5	X	25	4501
20.823333333333334	0.5	nontarget	29	6247
20.823333333333334	0.5	V	23	6247
20.96	0.5	nontarget	29	6288
20.96	0.5	C	4	6288
21.096666666666668	0.5	nontarget	29	6329
21.096666666666668	0.5	U	22	6329
21.23	0.5	nontarget	29	6369
21.23	0.5	I	10	6369
21.366666666666667	0.5	nontarget	29	6410
21.366666666666667	0.5	E	6	6410
21.503333333333334	0.5	nontarget	29	6451
21.503333333333334	0.5	M	14	6451
21.636666666666667	0.5	nontarget	29	6491
21.636666666666667	0.5	X	25	6491
21.77	0.5	nontarget	29	6531
21.77	0.5	L	13	6531
21.906666666666666	0.5	nontarget	29	6572
21.906666666666666	0.5	Z	27	6572
22.043333333333333	0.5	nontarget	29	6613
22.043333333333333	0.5	O	16	6613
22.18	0.5	nontarget	29	6654
22.18	0.5	S	20	6654
22.316666666666666	0.5	nontarget	29	6695
22.316666666666666	0.5	T	21	6695
22.453333333333333	0.5	nontarget	29	6736
22.453333333333333	0.5	Q	18	6736
22.59	0.5	nontarget	29	6777
22.59	0.5	D	5	6777
22.726666666666667	0.5	nontarget	29	6818
22.726666666666667	0.5	_	28	6818
22.86	0.5	nontarget	29	6858
22.86	0.5	K	12	6858
22.996666666666666	0.5	nontarget	29	6899
22.996666666666666	0.5	<	1	6899
23.133333333333333	0.5	nontarget	29	6940
23.133333333333333	0.5	G	8	6940
23.27	0.5	nontarget	29	6981
23.27	0.5	H	9	6981
23.403333333333332	0.5	nontarget	29	7021
23.403333333333332	0.5	A	2	7021
23.54	0.5	nontarget	29	7062
23.54	0.5	F	7	7062
23.673333333333332	0.5	nontarget	29	7102
23.673333333333332	0.5	J	11	7102
23.81	0.5	target	30	7143
23.81	0.5	P	17	7143
23.94333333333333	0.5	nontarget	29	7183
23.94333333333333	0.5	W	24	7183
24.08	0.5	nontarget	29	7224
24.08	0.5	N	15	7224
24.216666666666665	0.5	nontarget	29	7265
24.216666666666665	0.5	R	19	7265
24.35333333333333	0.5	nontarget	29	7306
24.35333333333333	0.5	Y	26	7306
24.486666666666668	0.5	nontarget	29	7346
24.486666666666668	0.5	B	3	7346
30.30666666666667	0.5	nontarget	29	9092
30.30666666666667	0.5	C	4	9092
30.44333333333333	0.5	nontarget	29	9133
30.44333333333333	0.5	V	23	9133
30.576666666666668	0.5	nontarget	29	9173
30.576666666666668	0.5	A	2	9173
30.713333333333335	0.5	nontarget	29	9214
30.713333333333335	0.5	N	15	9214
30.85	0.5	nontarget	29	9255
30.85	0.5	Z	27	9255
30.986666666666668	0.5	nontarget	29	9296
30.986666666666668	0.5	X	25	9296
31.123333333333335	0.5	nontarget	29	9337
31.123333333333335	0.5	U	22	9337
31.26	0.5	nontarget	29	9378
31.26	0.5	D	5	9378
31.39666666666667	0.5	nontarget	29	9419
31.39666666666667	0.5	Y	26	9419
31.533333333333335	0.5	nontarget	29	9460
31.533333333333335	0.5	S	20	9460
31.666666666666668	0.5	nontarget	29	9500
31.666666666666668	0.5	_	28	9500
31.803333333333335	0.5	nontarget	29	9541
31.803333333333335	0.5	B	3	9541
31.936666666666667	0.5	nontarget	29	9581
31.936666666666667	0.5	L	13	9581
32.07333333333333	0.5	nontarget	29	9622
32.07333333333333	0.5	J	11	9622
32.21	0.5	nontarget	29	9663
32.21	0.5	H	9	9663
32.343333333333334	0.5	nontarget	29	9703
32.343333333333334	0.5	M	14	9703
32.48	0.5	nontarget	29	9744
32.48	0.5	K	12	9744
32.61666666666667	0.5	nontarget	29	9785
32.61666666666667	0.5	Q	18	9785
32.75333333333333	0.5	nontarget	29	9826
32.75333333333333	0.5	W	24	9826
32.89	0.5	nontarget	29	9867
32.89	0.5	G	8	9867
33.02333333333333	0.5	nontarget	29	9907
33.02333333333333	0.5	R	19	9907
33.163333333333334	0.5	nontarget	29	9949
33.163333333333334	0.5	O	16	9949
33.29666666666667	0.5	nontarget	29	9989
33.29666666666667	0.5	E	6	9989
33.43333333333333	0.5	target	30	10030
33.43333333333333	0.5	<	1	10030
33.57	0.5	nontarget	29	10071
33.57	0.5	I	10	10071
33.70666666666666	0.5	nontarget	29	10112
33.70666666666666	0.5	P	17	10112
33.843333333333334	0.5	nontarget	29	10153
33.843333333333334	0.5	F	7	10153
33.97666666666667	0.5	nontarget	29	10193
33.97666666666667	0.5	T	21	10193
39.79666666666667	0.5	nontarget	29	11939
39.79666666666667	0.5	G	8	11939
39.93333333333333	0.5	nontarget	29	11980
39.93333333333333	0.5	N	15	11980
40.07	0.5	nontarget	29	12021
40.07	0.5	<	1	12021
40.20666666666666	0.5	nontarget	29	12062
40.20666666666666	0.5	X	25	12062
40.34	0.5	nontarget	29	12102
40.34	0.5	E	6	12102
40.473333333333336	0.5	nontarget	29	12142
40.473333333333336	0.5	W	24	12142
40.61	0.5	nontarget	29	12183
40.61	0.5	H	9	12183
40.74333333333333	0.5	nontarget	29	12223
40.74333333333333	0.5	Y	26	12223
40.88	0.5	nontarget	29	12264
40.88	0.5	O	16	12264
41.016666666666666	0.5	nontarget	29	12305
41.016666666666666	0.5	V	23	12305
41.15	0.5	nontarget	29	12345
41.15	0.5	M	14	12345
41.28666666666667	0.5	nontarget	29	12386
41.28666666666667	0.5	K	12	12386
41.42333333333333	0.5	nontarget	29	12427
41.42333333333333	0.5	F	7	12427
41.56	0.5	nontarget	29	12468
41.56	0.5	S	20	12468
41.693333333333335	0.5	nontarget	29	12508
41.693333333333335	0.5	_	28	12508
41.83	0.5	target	30	12549
41.83	0.5	U	22	12549
41.96666666666667	0.5	nontarget	29	12590
41.96666666666667	0.5	C	4	12590
42.10333333333333	0.5	nontarget	29	12631
42.10333333333333	0.5	P	17	12631
42.24	0.5	nontarget	29	12672
42.24	0.5	D	5	12672
42.373333333333335	0.5	nontarget	29	12712
42.373333333333335	0.5	J	11	12712
42.51	0.5	nontarget	29	12753
42.51	0.5	L	13	12753
42.64666666666667	0.5	nontarget	29	12794
42.64666666666667	0.5	T	21	12794
42.78333333333333	0.5	nontarget	29	12835
42.78333333333333	0.5	Z	27	12835
42.92	0.5	nontarget	29	12876
42.92	0.5	A	2	12876
43.056666666666665	0.5	nontarget	29	12917
43.056666666666665	0.5	Q	18	12917
43.193333333333335	0.5	nontarget	29	12958
43.193333333333335	0.5	R	19	12958
43.32666666666667	0.5	nontarget	29	12998
43.32666666666667	0.5	I	10	12998
43.46333333333333	0.5	nontarget	29	13039
43.46333333333333	0.5	B	3	13039
49.28333333333333	0.5	nontarget	29	14785
49.28333333333333	0.5	N	15	14785
49.416666666666664	0.5	nontarget	29	14825
49.416666666666664	0.5	C	4	14825
49.553333333333335	0.5	nontarget	29	14866
49.553333333333335	0.5	J	11	14866
49.69	0.5	nontarget	29	14907
49.69	0.5	M	14	14907
49.82333333333333	0.5	nontarget	29	14947
49.82333333333333	0.5	<	1	14947
49.96	0.5	nontarget	29	14988
49.96	0.5	G	8	14988
50.096666666666664	0.5	nontarget	29	15029
50.096666666666664	0.5	I	10	15029
50.233333333333334	0.5	nontarget	29	15070
50.233333333333334	0.5	P	17	15070
50.37	0.5	nontarget	29	15111
50.37	0.5	S	20	15111
50.50666666666667	0.5	nontarget	29	15152
50.50666666666667	0.5	R	19	15152
50.64	0.5	nontarget	29	15192
50.64	0.5	Y	26	15192
50.776666666666664	0.5	nontarget	29	15233
50.776666666666664	0.5	T	21	15233
50.913333333333334	0.5	nontarget	29	15274
50.913333333333334	0.5	K	12	15274
51.05	0.5	nontarget	29	15315
51.05	0.5	F	7	15315
51.18666666666667	0.5	nontarget	29	15356
51.18666666666667	0.5	V	23	15356
51.32	0.5	nontarget	29	15396
51.32	0.5	U	22	15396
51.45333333333333	0.5	nontarget	29	15436
51.45333333333333	0.5	Q	18	15436
51.59	0.5	nontarget	29	15477
51.59	0.5	W	24	15477
51.723333333333336	0.5	nontarget	29	15517
51.723333333333336	0.5	B	3	15517
51.86	0.5	nontarget	29	15558
51.86	0.5	A	2	15558
51.99666666666667	0.5	nontarget	29	15599
51.99666666666667	0.5	_	28	15599
52.13333333333333	0.5	nontarget	29	15640
52.13333333333333	0.5	H	9	15640
52.266666666666666	0.5	nontarget	29	15680
52.266666666666666	0.5	E	6	15680
52.403333333333336	0.5	target	30	15721
52.403333333333336	0.5	D	5	15721
52.54	0.5	nontarget	29	15762
52.54	0.5	Z	27	15762
52.67666666666667	0.5	nontarget	29	15803
52.67666666666667	0.5	L	13	15803
52.81	0.5	nontarget	29	15843
52.81	0.5	X	25	15843
52.946666666666665	0.5	nontarget	29	15884
52.946666666666665	0.5	O	16	15884
58.77333333333333	0.5	nontarget	29	17632
58.77333333333333	0.5	A	2	17632
58.91	0.5	nontarget	29	17673
58.91	0.5	M	14	17673
59.04333333333334	0.5	nontarget	29	17713
59.04333333333334	0.5	G	8	17713
59.18	0.5	nontarget	29	17754
59.18	0.5	P	17	17754
59.31666666666667	0.5	nontarget	29	17795
59.31666666666667	0.5	K	12	17795
59.45333333333333	0.5	nontarget	29	17836
59.45333333333333	0.5	F	7	17836
59.59	0.5	target	30	17877
59.59	0.5	N	15	17877
59.723333333333336	0.5	nontarget	29	17917
59.723333333333336	0.5	B	3	17917
59.86	0.5	nontarget	29	17958
59.86	0.5	E	6	17958
59.99666666666667	0.5	nontarget	29	17999
59.99666666666667	0.5	R	19	17999
60.13333333333333	0.5	nontarget	29	18040
60.13333333333333	0.5	I	10	18040
60.27	0.5	nontarget	29	18081
60.27	0.5	O	16	18081
60.406666666666666	0.5	nontarget	29	18122
60.406666666666666	0.5	Z	27	18122
60.54333333333334	0.5	nontarget	29	18163
60.54333333333334	0.5	Y	26	18163
60.68	0.5	nontarget	29	18204
60.68	0.5	<	1	18204
60.81333333333333	0.5	nontarget	29	18244
60.81333333333333	0.5	L	13	18244
60.95	0.5	nontarget	29	18285
60.95	0.5	_	28	18285
61.086666666666666	0.5	nontarget	29	18326
61.086666666666666	0.5	V	23	18326
61.223333333333336	0.5	nontarget	29	18367
61.223333333333336	0.5	T	21	18367
61.35666666666667	0.5	nontarget	29	18407
61.35666666666667	0.5	Q	18	18407
61.49	0.5	nontarget	29	18447
61.49	0.5	U	22	18447
61.626666666666665	0.5	nontarget	29	18488
61.626666666666665	0.5	X	25	18488
61.76	0.5	nontarget	29	18528
61.76	0.5	J	11	18528
61.89666666666667	0.5	nontarget	29	18569
61.89666666666667	0.5	W	24	18569
62.03333333333333	0.5	nontarget	29	18610
62.03333333333333	0.5	S	20	18610
62.17	0.5	nontarget	29	18651
62.17	0.5	H	9	18651
62.306666666666665	0.5	nontarget	29	18692
62.306666666666665	0.5	D	5	18692
62.443333333333335	0.5	nontarget	29	18733
62.443333333333335	0.5	C	4	18733
68.26333333333334	0.5	nontarget	29	20479
68.26333333333334	0.5	B	3	20479
68.4	0.5	nontarget	29	20520
68.4	0.5	Z	27	20520
68.53333333333333	0.5	nontarget	29	20560
68.53333333333333	0.5	J	11	20560
68.67	0.5	nontarget	29	20601
68.67	0.5	S	20	20601
68.80666666666667	0.5	nontarget	29	20642
68.80666666666667	0.5	H	9	20642
68.94333333333333	0.5	nontarget	29	20683
68.94333333333333	0.5	L	13	20683
69.08	0.5	nontarget	29	20724
69.08	0.5	X	25	20724
69.21666666666667	0.5	nontarget	29	20765
69.21666666666667	0.5	W	24	20765
69.35333333333334	0.5	nontarget	29	20806
69.35333333333334	0.5	T	21	20806
69.48666666666666	0.5	nontarget	29	20846
69.48666666666666	0.5	U	22	20846
69.62333333333333	0.5	nontarget	29	20887
69.62333333333333	0.5	G	8	20887
69.76	0.5	nontarget	29	20928
69.76	0.5	R	19	20928
69.89333333333333	0.5	nontarget	29	20968
69.89333333333333	0.5	Y	26	20968
70.03	0.5	nontarget	29	21009
70.03	0.5	E	6	21009
70.16666666666667	0.5	nontarget	29	21050
70.16666666666667	0.5	<	1	21050
70.3	0.5	nontarget	29	21090
70.3	0.5	P	17	21090
70.43666666666667	0.5	nontarget	29	21131
70.43666666666667	0.5	Q	18	21131
70.57	0.5	target	30	21171
70.57	0.5	V	23	21171
70.70666666666666	0.5	nontarget	29	21212
70.70666666666666	0.5	N	15	21212
70.84333333333333	0.5	nontarget	29	21253
70.84333333333333	0.5	D	5	21253
70.98	0.5	nontarget	29	21294
70.98	0.5	M	14	21294
71.11333333333333	0.5	nontarget	29	21334
71.11333333333333	0.5	I	10	21334
71.25	0.5	nontarget	29	21375
71.25	0.5	A	2	21375
71.38333333333334	0.5	nontarget	29	21415
71.38333333333334	0.5	O	16	21415
71.52	0.5	nontarget	29	21456
71.52	0.5	C	4	21456
71.65666666666667	0.5	nontarget	29	21497
71.65666666666667	0.5	K	12	21497
71.79333333333334	0.5	nontarget	29	21538
71.79333333333334	0.5	_	28	21538
71.92666666666666	0.5	nontarget	29	21578
71.92666666666666	0.5	F	7	21578
77.75	0.5	nontarget	29	23325
77.75	0.5	G	8	23325
77.88333333333334	0.5	nontarget	29	23365
77.88333333333334	0.5	K	12	23365
78.02	0.5	nontarget	29	23406
78.02	0.5	Z	27	23406
78.15333333333334	0.5	target	30	23446
78.15333333333334	0.5	T	21	23446
78.29	0.5	nontarget	29	23487
78.29	0.5	Y	26	23487
78.42333333333333	0.5	nontarget	29	23527
78.42333333333333	0.5	J	11	23527
78.56	0.5	nontarget	29	23568
78.56	0.5	A	2	23568
78.69333333333333	0.5	nontarget	29	23608
78.69333333333333	0.5	M	14	23608
78.83	0.5	nontarget	29	23649
78.83	0.5	<	1	23649
78.96666666666667	0.5	nontarget	29	23690
78.96666666666667	0.5	H	9	23690
79.1	0.5	nontarget	29	23730
79.1	0.5	C	4	23730
79.23666666666666	0.5	nontarget	29	23771
79.23666666666666	0.5	P	17	23771
79.37333333333333	0.5	nontarget	29	23812
79.37333333333333	0.5	U	22	23812
79.50666666666666	0.5	nontarget	29	23852
79.50666666666666	0.5	_	28	23852
79.64333333333333	0.5	nontarget	29	23893
79.64333333333333	0.5	E	6	23893
79.78	0.5	nontarget	29	23934
79.78	0.5	I	10	23934
79.91666666666667	0.5	nontarget	29	23975
79.91666666666667	0.5	O	16	23975
80.05333333333333	0.5	nontarget	29	24016
80.05333333333333	0.5	Q	18	24016
80.18666666666667	0.5	nontarget	29	24056
80.18666666666667	0.5	B	3	24056
80.38333333333334	0.5	nontarget	29	24115
80.38333333333334	0.5	D	5	24115
80.52	0.5	nontarget	29	24156
80.52	0.5	L	13	24156
80.65666666666667	0.5	nontarget	29	24197
80.65666666666667	0.5	R	19	24197
80.79333333333334	0.5	nontarget	29	24238
80.79333333333334	0.5	X	25	24238
80.93	0.5	nontarget	29	24279
80.93	0.5	N	15	24279
81.06666666666666	0.5	nontarget	29	24320
81.06666666666666	0.5	S	20	24320
81.20333333333333	0.5	nontarget	29	24361
81.20333333333333	0.5	W	24	24361
81.34	0.5	nontarget	29	24402
81.34	0.5	F	7	24402
81.47333333333333	0.5	nontarget	29	24442
81.47333333333333	0.5	V	23	24442
87.29666666666667	0.5	nontarget	29	26189
87.29666666666667	0.5	J	11	26189
87.43333333333334	0.5	nontarget	29	26230
87.43333333333334	0.5	C	4	26230
87.57	0.5	nontarget	29	26271
87.57	0.5	S	20	26271
87.70333333333333	0.5	nontarget	29	26311
87.70333333333333	0.5	K	12	26311
87.84	0.5	nontarget	29	26352
87.84	0.5	V	23	26352
87.97666666666667	0.5	nontarget	29	26393
87.97666666666667	0.5	U	22	26393
88.11333333333333	0.5	nontarget	29	26434
88.11333333333333	0.5	D	5	26434
88.24666666666667	0.5	nontarget	29	26474
88.24666666666667	0.5	X	25	26474
88.38	0.5	nontarget	29	26514
88.38	0.5	R	19	26514
88.51666666666667	0.5	nontarget	29	26555
88.51666666666667	0.5	I	10	26555
88.65333333333334	0.5	nontarget	29	26596
88.65333333333334	0.5	F	7	26596
88.79	0.5	nontarget	29	26637
88.79	0.5	G	8	26637
88.92333333333333	0.5	nontarget	29	26677
88.92333333333333	0.5	W	24	26677
89.06	0.5	nontarget	29	26718
89.06	0.5	H	9	26718
89.19333333333333	0.5	nontarget	29	26758
89.19333333333333	0.5	Z	27	26758
89.33	0.5	nontarget	29	26799
89.33	0.5	E	6	26799
89.46666666666667	0.5	nontarget	29	26840
89.46666666666667	0.5	Y	26	26840
89.60333333333334	0.5	nontarget	29	26881
89.60333333333334	0.5	O	16	26881
89.73666666666666	0.5	target	30	26921
89.73666666666666	0.5	_	28	26921
89.87333333333333	0.5	nontarget	29	26962
89.87333333333333	0.5	Q	18	26962
90.01	0.5	nontarget	29	27003
90.01	0.5	B	3	27003
90.14333333333333	0.5	nontarget	29	27043
90.14333333333333	0.5	L	13	27043
90.28	0.5	nontarget	29	27084
90.28	0.5	N	15	27084
90.41666666666667	0.5	nontarget	29	27125
90.41666666666667	0.5	T	21	27125
90.55	0.5	nontarget	29	27165
90.55	0.5	M	14	27165
90.68666666666667	0.5	nontarget	29	27206
90.68666666666667	0.5	A	2	27206
90.82333333333334	0.5	nontarget	29	27247
90.82333333333334	0.5	<	1	27247
90.96	0.5	nontarget	29	27288
90.96	0.5	P	17	27288
96.78	0.5	nontarget	29	29034
96.78	0.5	B	3	29034
96.91666666666667	0.5	nontarget	29	29075
96.91666666666667	0.5	Z	27	29075
97.05333333333333	0.5	nontarget	29	29116
97.05333333333333	0.5	J	11	29116
97.19	0.5	nontarget	29	29157
97.19	0.5	C	4	29157
97.32666666666667	0.5	nontarget	29	29198
97.32666666666667	0.5	T	21	29198
97.46333333333334	0.5	nontarget	29	29239
97.46333333333334	0.5	M	14	29239
97.59666666666666	0.5	nontarget	29	29279
97.59666666666666	0.5	W	24	29279
97.73333333333333	0.5	nontarget	29	29320
97.73333333333333	0.5	D	5	29320
97.87	0.5	nontarget	29	29361
97.87	0.5	O	16	29361
98.01	0.5	nontarget	29	29403
98.01	0.5	A	2	29403
98.14333333333333	0.5	nontarget	29	29443
98.14333333333333	0.5	U	22	29443
98.28	0.5	nontarget	29	29484
98.28	0.5	N	15	29484
98.41666666666667	0.5	nontarget	29	29525
98.41666666666667	0.5	_	28	29525
98.55333333333333	0.5	nontarget	29	29566
98.55333333333333	0.5	K	12	29566
98.68666666666667	0.5	nontarget	29	29606
98.68666666666667	0.5	V	23	29606
98.82333333333334	0.5	nontarget	29	29647
98.82333333333334	0.5	I	10	29647
98.95666666666666	0.5	nontarget	29	29687
98.95666666666666	0.5	X	25	29687
99.09333333333333	0.5	nontarget	29	29728
99.09333333333333	0.5	G	8	29728
99.22666666666667	0.5	nontarget	29	29768
99.22666666666667	0.5	R	19	29768
99.36333333333333	0.5	nontarget	29	29809
99.36333333333333	0.5	H	9	29809
99.5	0.5	nontarget	29	29850
99.5	0.5	S	20	29850
99.63666666666667	0.5	nontarget	29	29891
99.63666666666667	0.5	<	1	29891
99.77	0.5	nontarget	29	29931
99.77	0.5	L	13	29931
99.91	0.5	nontarget	29	29973
99.91	0.5	Q	18	29973
100.04666666666667	0.5	nontarget	29	30014
100.04666666666667	0.5	P	17	30014
100.18333333333334	0.5	nontarget	29	30055
100.18333333333334	0.5	F	7	30055
100.32	0.5	nontarget	29	30096
100.32	0.5	E	6	30096
100.45666666666666	0.5	target	30	30137
100.45666666666666	0.5	Y	26	30137
106.27666666666667	0.5	nontarget	29	31883
106.27666666666667	0.5	D	5	31883
106.41333333333333	0.5	nontarget	29	31924
106.41333333333333	0.5	I	10	31924
106.55	0.5	nontarget	29	31965
106.55	0.5	S	20	31965
106.68666666666667	0.5	nontarget	29	32006
106.68666666666667	0.5	X	25	32006
106.82	0.5	target	30	32046
106.82	0.5	F	7	32046
106.95666666666666	0.5	nontarget	29	32087
106.95666666666666	0.5	L	13	32087
107.09333333333333	0.5	nontarget	29	32128
107.09333333333333	0.5	J	11	32128
107.22666666666667	0.5	nontarget	29	32168
107.22666666666667	0.5	_	28	32168
107.36333333333333	0.5	nontarget	29	32209
107.36333333333333	0.5	P	17	32209
107.5	0.5	nontarget	29	32250
107.5	0.5	Q	18	32250
107.63666666666667	0.5	nontarget	29	32291
107.63666666666667	0.5	A	2	32291
107.77333333333333	0.5	nontarget	29	32332
107.77333333333333	0.5	G	8	32332
107.90666666666667	0.5	nontarget	29	32372
107.90666666666667	0.5	U	22	32372
108.04666666666667	0.5	nontarget	29	32414
108.04666666666667	0.5	<	1	32414
108.18	0.5	nontarget	29	32454
108.18	0.5	O	16	32454
108.31666666666666	0.5	nontarget	29	32495
108.31666666666666	0.5	Y	26	32495
108.45	0.5	nontarget	29	32535
108.45	0.5	V	23	32535
108.58666666666667	0.5	nontarget	29	32576
108.58666666666667	0.5	Z	27	32576
108.72333333333333	0.5	nontarget	29	32617
108.72333333333333	0.5	E	6	32617
108.85666666666667	0.5	nontarget	29	32657
108.85666666666667	0.5	R	19	32657
108.99333333333334	0.5	nontarget	29	32698
108.99333333333334	0.5	N	15	32698
109.12666666666667	0.5	nontarget	29	32738
109.12666666666667	0.5	K	12	32738
109.26333333333334	0.5	nontarget	29	32779
109.26333333333334	0.5	M	14	32779
109.4	0.5	nontarget	29	32820
109.4	0.5	H	9	32820
109.53333333333333	0.5	nontarget	29	32860
109.53333333333333	0.5	W	24	32860
109.67	0.5	nontarget	29	32901
109.67	0.5	C	4	32901
109.80333333333333	0.5	nontarget	29	32941
109.80333333333333	0.5	T	21	32941
109.94	0.5	nontarget	29	32982
109.94	0.5	B	3	32982
115.76	0.5	nontarget	29	34728
115.76	0.5	K	12	34728
115.89333333333333	0.5	nontarget	29	34768
115.89333333333333	0.5	U	22	34768
116.03	0.5	nontarget	29	34809
116.03	0.5	E	6	34809
116.16666666666667	0.5	nontarget	29	34850
116.16666666666667	0.5	H	9	34850
116.3	0.5	nontarget	29	34890
116.3	0.5	W	24	34890
116.43666666666667	0.5	nontarget	29	34931
116.43666666666667	0.5	Y	26	34931
116.57	0.5	nontarget	29	34971
116.57	0.5	O	16	34971
116.70666666666666	0.5	nontarget	29	35012
116.70666666666666	0.5	X	25	35012
116.84	0.5	target	30	35052
116.84	0.5	Z	27	35052
116.97666666666667	0.5	nontarget	29	35093
116.97666666666667	0.5	<	1	35093
117.11333333333333	0.5	nontarget	29	35134
117.11333333333333	0.5	P	17	35134
117.25	0.5	nontarget	29	35175
117.25	0.5	F	7	35175
117.38666666666667	0.5	nontarget	29	35216
117.38666666666667	0.5	_	28	35216
117.52333333333333	0.5	nontarget	29	35257
117.52333333333333	0.5	B	3	35257
117.65666666666667	0.5	nontarget	29	35297
117.65666666666667	0.5	R	19	35297
117.79333333333334	0.5	nontarget	29	35338
117.79333333333334	0.5	D	5	35338
117.93	0.5	nontarget	29	35379
117.93	0.5	M	14	35379
118.06666666666666	0.5	nontarget	29	35420
118.06666666666666	0.5	L	13	35420
118.2	0.5	nontarget	29	35460
118.2	0.5	V	23	35460
118.33666666666667	0.5	nontarget	29	35501
118.33666666666667	0.5	N	15	35501
118.47	0.5	nontarget	29	35541
118.47	0.5	S	20	35541
118.60666666666667	0.5	nontarget	29	35582
118.60666666666667	0.5	A	2	35582
118.74333333333334	0.5	nontarget	29	35623
118.74333333333334	0.5	G	8	35623
118.87666666666667	0.5	nontarget	29	35663
118.87666666666667	0.5	J	11	35663
119.01333333333334	0.5	nontarget	29	35704
119.01333333333334	0.5	C	4	35704
119.14666666666666	0.5	nontarget	29	35744
119.14666666666666	0.5	I	10	35744
119.28333333333333	0.5	nontarget	29	35785
119.28333333333333	0.5	Q	18	35785
119.42	0.5	nontarget	29	35826
119.42	0.5	T	21	35826
125.23666666666666	0.5	nontarget	29	37571
125.23666666666666	0.5	X	25	37571
125.37666666666667	0.5	nontarget	29	37613
125.37666666666667	0.5	Q	18	37613
125.51333333333334	0.5	nontarget	29	37654
125.51333333333334	0.5	F	7	37654
125.64666666666666	0.5	nontarget	29	37694
125.64666666666666	0.5	<	1	37694
125.78333333333333	0.5	nontarget	29	37735
125.78333333333333	0.5	M	14	37735
125.92	0.5	nontarget	29	37776
125.92	0.5	Z	27	37776
126.05333333333333	0.5	nontarget	29	37816
126.05333333333333	0.5	L	13	37816
126.19	0.5	nontarget	29	37857
126.19	0.5	_	28	37857
126.32333333333334	0.5	nontarget	29	37897
126.32333333333334	0.5	S	20	37897
126.46	0.5	nontarget	29	37938
126.46	0.5	U	22	37938
126.59666666666666	0.5	nontarget	29	37979
126.59666666666666	0.5	Y	26	37979
126.73333333333333	0.5	nontarget	29	38020
126.73333333333333	0.5	W	24	38020
126.86666666666666	0.5	nontarget	29	38060
126.86666666666666	0.5	K	12	38060
127.00333333333333	0.5	nontarget	29	38101
127.00333333333333	0.5	J	11	38101
127.14	0.5	nontarget	29	38142
127.14	0.5	T	21	38142
127.27666666666667	0.5	nontarget	29	38183
127.27666666666667	0.5	V	23	38183
127.41333333333333	0.5	nontarget	29	38224
127.41333333333333	0.5	A	2	38224
127.55	0.5	nontarget	29	38265
127.55	0.5	R	19	38265
127.68333333333334	0.5	nontarget	29	38305
127.68333333333334	0.5	C	4	38305
127.82	0.5	nontarget	29	38346
127.82	0.5	D	5	38346
127.95333333333333	0.5	nontarget	29	38386
127.95333333333333	0.5	G	8	38386
128.09	0.5	nontarget	29	38427
128.09	0.5	N	15	38427
128.22666666666666	0.5	nontarget	29	38468
128.22666666666666	0.5	I	10	38468
128.36	0.5	nontarget	29	38508
128.36	0.5	E	6	38508
128.49666666666667	0.5	target	30	38549
128.49666666666667	0.5	O	16	38549
128.63333333333333	0.5	nontarget	29	38590
128.63333333333333	0.5	H	9	38590
128.76666666666668	0.5	nontarget	29	38630
128.76666666666668	0.5	B	3	38630
128.90333333333334	0.5	nontarget	29	38671
128.90333333333334	0.5	P	17	38671
134.72	0.5	nontarget	29	40416
134.72	0.5	T	21	40416
134.85666666666665	0.5	nontarget	29	40457
134.85666666666665	0.5	Y	26	40457
134.99333333333334	0.5	nontarget	29	40498
134.99333333333334	0.5	O	16	40498
135.13	0.5	nontarget	29	40539
135.13	0.5	J	11	40539
135.26333333333332	0.5	nontarget	29	40579
135.26333333333332	0.5	C	4	40579
135.4	0.5	nontarget	29	40620
135.4	0.5	E	6	40620
135.53666666666666	0.5	nontarget	29	40661
135.53666666666666	0.5	S	20	40661
135.67666666666668	0.5	nontarget	29	40703
135.67666666666668	0.5	K	12	40703
135.81333333333333	0.5	nontarget	29	40744
135.81333333333333	0.5	Z	27	40744
135.95	0.5	nontarget	29	40785
135.95	0.5	I	10	40785
136.08333333333334	0.5	nontarget	29	40825
136.08333333333334	0.5	F	7	40825
136.22	0.5	nontarget	29	40866
136.22	0.5	W	24	40866
136.35666666666665	0.5	nontarget	29	40907
136.35666666666665	0.5	A	2	40907
136.49333333333334	0.5	nontarget	29	40948
136.49333333333334	0.5	L	13	40948
136.63	0.5	nontarget	29	40989
136.63	0.5	V	23	40989
136.76666666666668	0.5	nontarget	29	41030
136.76666666666668	0.5	R	19	41030
136.90333333333334	0.5	nontarget	29	41071
136.90333333333334	0.5	M	14	41071
137.04	0.5	nontarget	29	41112
137.04	0.5	Q	18	41112
137.17666666666668	0.5	nontarget	29	41153
137.17666666666668	0.5	N	15	41153
137.31	0.5	nontarget	29	41193
137.31	0.5	D	5	41193
137.44666666666666	0.5	nontarget	29	41234
137.44666666666666	0.5	G	8	41234
137.58333333333334	0.5	nontarget	29	41275
137.58333333333334	0.5	_	28	41275
137.72	0.5	nontarget	29	41316
137.72	0.5	B	3	41316
137.85333333333332	0.5	nontarget	29	41356
137.85333333333332	0.5	U	22	41356
137.99	0.5	nontarget	29	41397
137.99	0.5	P	17	41397
138.12666666666667	0.5	nontarget	29	41438
138.12666666666667	0.5	<	1	41438
138.26333333333332	0.5	target	30	41479
138.26333333333332	0.5	X	25	41479
138.4	0.5	nontarget	29	41520
138.4	0.5	H	9	41520
144.22333333333333	0.5	nontarget	29	43267
144.22333333333333	0.5	S	20	43267
144.36333333333334	0.5	nontarget	29	43309
144.36333333333334	0.5	O	16	43309
144.5	0.5	nontarget	29	43350
144.5	0.5	C	4	43350
144.63333333333333	0.5	nontarget	29	43390
144.63333333333333	0.5	X	25	43390
144.77	0.5	nontarget	29	43431
144.77	0.5	V	23	43431
144.90666666666667	0.5	nontarget	29	43472
144.90666666666667	0.5	T	21	43472
145.04333333333332	0.5	nontarget	29	43513
145.04333333333332	0.5	G	8	43513
145.18	0.5	nontarget	29	43554
145.18	0.5	B	3	43554
145.31666666666666	0.5	nontarget	29	43595
145.31666666666666	0.5	D	5	43595
145.45333333333335	0.5	target	30	43636
145.45333333333335	0.5	L	13	43636
145.59	0.5	nontarget	29	43677
145.59	0.5	K	12	43677
145.72666666666666	0.5	nontarget	29	43718
145.72666666666666	0.5	J	11	43718
145.86333333333334	0.5	nontarget	29	43759
145.86333333333334	0.5	_	28	43759
145.99666666666667	0.5	nontarget	29	43799
145.99666666666667	0.5	Q	18	43799
146.13333333333333	0.5	nontarget	29	43840
146.13333333333333	0.5	Z	27	43840
146.26666666666668	0.5	nontarget	29	43880
146.26666666666668	0.5	W	24	43880
146.40333333333334	0.5	nontarget	29	43921
146.40333333333334	0.5	M	14	43921
146.54	0.5	nontarget	29	43962
146.54	0.5	<	1	43962
146.67333333333335	0.5	nontarget	29	44002
146.67333333333335	0.5	A	2	44002
146.81	0.5	nontarget	29	44043
146.81	0.5	R	19	44043
146.94333333333333	0.5	nontarget	29	44083
146.94333333333333	0.5	U	22	44083
147.08	0.5	nontarget	29	44124
147.08	0.5	H	9	44124
147.22	0.5	nontarget	29	44166
147.22	0.5	Y	26	44166
147.35666666666665	0.5	nontarget	29	44207
147.35666666666665	0.5	F	7	44207
147.49333333333334	0.5	nontarget	29	44248
147.49333333333334	0.5	N	15	44248
147.63	0.5	nontarget	29	44289
147.63	0.5	P	17	44289
147.76666666666668	0.5	nontarget	29	44330
147.76666666666668	0.5	I	10	44330
147.90333333333334	0.5	nontarget	29	44371
147.90333333333334	0.5	E	6	44371
153.72666666666666	0.5	nontarget	29	46118
153.72666666666666	0.5	T	21	46118
153.86	0.5	nontarget	29	46158
153.86	0.5	I	10	46158
153.99666666666667	0.5	nontarget	29	46199
153.99666666666667	0.5	E	6	46199
154.13333333333333	0.5	nontarget	29	46240
154.13333333333333	0.5	B	3	46240
154.27333333333334	0.5	nontarget	29	46282
154.27333333333334	0.5	N	15	46282
154.41	0.5	nontarget	29	46323
154.41	0.5	<	1	46323
154.54666666666665	0.5	nontarget	29	46364
154.54666666666665	0.5	R	19	46364
154.68333333333334	0.5	target	30	46405
154.68333333333334	0.5	H	9	46405
154.81666666666666	0.5	nontarget	29	46445
154.81666666666666	0.5	A	2	46445
154.95333333333335	0.5	nontarget	29	46486
154.95333333333335	0.5	S	20	46486
155.09	0.5	nontarget	29	46527
155.09	0.5	J	11	46527
155.22333333333333	0.5	nontarget	29	46567
155.22333333333333	0.5	G	8	46567
155.36333333333334	0.5	nontarget	29	46609
155.36333333333334	0.5	V	23	46609
155.5	0.5	nontarget	29	46650
155.5	0.5	Y	26	46650
155.63666666666666	0.5	nontarget	29	46691
155.63666666666666	0.5	X	25	46691
155.77333333333334	0.5	nontarget	29	46732
155.77333333333334	0.5	L	13	46732
155.91	0.5	nontarget	29	46773
155.91	0.5	P	17	46773
156.04666666666665	0.5	nontarget	29	46814
156.04666666666665	0.5	Q	18	46814
156.18	0.5	nontarget	29	46854
156.18	0.5	U	22	46854
156.31666666666666	0.5	nontarget	29	46895
156.31666666666666	0.5	C	4	46895
156.45333333333335	0.5	nontarget	29	46936
156.45333333333335	0.5	K	12	46936
156.59	0.5	nontarget	29	46977
156.59	0.5	F	7	46977
156.72333333333333	0.5	nontarget	29	47017
156.72333333333333	0.5	M	14	47017
156.86	0.5	nontarget	29	47058
156.86	0.5	W	24	47058
156.99666666666667	0.5	nontarget	29	47099
156.99666666666667	0.5	O	16	47099
157.13	0.5	nontarget	29	47139
157.13	0.5	D	5	47139
157.26666666666668	0.5	nontarget	29	47180
157.26666666666668	0.5	Z	27	47180
157.40333333333334	0.5	nontarget	29	47221
157.40333333333334	0.5	_	28	47221
163.22	0.5	nontarget	29	48966
163.22	0.5	G	8	48966
163.35666666666665	0.5	nontarget	29	49007
163.35666666666665	0.5	F	7	49007
163.49333333333334	0.5	nontarget	29	49048
163.49333333333334	0.5	I	10	49048
163.63	0.5	nontarget	29	49089
163.63	0.5	E	6	49089
163.76666666666668	0.5	nontarget	29	49130
163.76666666666668	0.5	L	13	49130
163.90333333333334	0.5	nontarget	29	49171
163.90333333333334	0.5	Q	18	49171
164.04	0.5	nontarget	29	49212
164.04	0.5	O	16	49212
164.17666666666668	0.5	nontarget	29	49253
164.17666666666668	0.5	T	21	49253
164.31	0.5	nontarget	29	49293
164.31	0.5	Z	27	49293
164.44666666666666	0.5	nontarget	29	49334
164.44666666666666	0.5	M	14	49334
164.58333333333334	0.5	nontarget	29	49375
164.58333333333334	0.5	K	12	49375
164.72	0.5	nontarget	29	49416
164.72	0.5	D	5	49416
164.85666666666665	0.5	nontarget	29	49457
164.85666666666665	0.5	U	22	49457
164.99333333333334	0.5	nontarget	29	49498
164.99333333333334	0.5	P	17	49498
165.12666666666667	0.5	nontarget	29	49538
165.12666666666667	0.5	S	20	49538
165.26333333333332	0.5	nontarget	29	49579
165.26333333333332	0.5	C	4	49579
165.4	0.5	nontarget	29	49620
165.4	0.5	Y	26	49620
165.53666666666666	0.5	nontarget	29	49661
165.53666666666666	0.5	N	15	49661
165.67333333333335	0.5	nontarget	29	49702
165.67333333333335	0.5	W	24	49702
165.81	0.5	nontarget	29	49743
165.81	0.5	J	11	49743
165.94666666666666	0.5	target	30	49784
165.94666666666666	0.5	R	19	49784
166.08333333333334	0.5	nontarget	29	49825
166.08333333333334	0.5	B	3	49825
166.21666666666667	0.5	nontarget	29	49865
166.21666666666667	0.5	_	28	49865
166.35333333333332	0.5	nontarget	29	49906
166.35333333333332	0.5	A	2	49906
166.49	0.5	nontarget	29	49947
166.49	0.5	X	25	49947
166.62333333333333	0.5	nontarget	29	49987
166.62333333333333	0.5	<	1	49987
166.76333333333332	0.5	nontarget	29	50029
166.76333333333332	0.5	V	23	50029
166.89666666666668	0.5	nontarget	29	50069
166.89666666666668	0.5	H	9	50069
172.71666666666667	0.5	nontarget	29	51815
172.71666666666667	0.5	S	20	51815
172.85333333333332	0.5	nontarget	29	51856
172.85333333333332	0.5	<	1	51856
172.99	0.5	nontarget	29	51897
172.99	0.5	Y	26	51897
173.12666666666667	0.5	nontarget	29	51938
173.12666666666667	0.5	_	28	51938
173.26333333333332	0.5	nontarget	29	51979
173.26333333333332	0.5	B	3	51979
173.4	0.5	nontarget	29	52020
173.4	0.5	G	8	52020
173.53666666666666	0.5	nontarget	29	52061
173.53666666666666	0.5	V	23	52061
173.67333333333335	0.5	nontarget	29	52102
173.67333333333335	0.5	K	12	52102
173.80666666666667	0.5	nontarget	29	52142
173.80666666666667	0.5	X	25	52142
173.94333333333333	0.5	nontarget	29	52183
173.94333333333333	0.5	E	6	52183
174.07666666666665	0.5	nontarget	29	52223
174.07666666666665	0.5	J	11	52223
174.21333333333334	0.5	nontarget	29	52264
174.21333333333334	0.5	U	22	52264
174.35	0.5	nontarget	29	52305
174.35	0.5	T	21	52305
174.48333333333332	0.5	target	30	52345
174.48333333333332	0.5	A	2	52345
174.62	0.5	nontarget	29	52386
174.62	0.5	I	10	52386
174.75666666666666	0.5	nontarget	29	52427
174.75666666666666	0.5	N	15	52427
174.89	0.5	nontarget	29	52467
174.89	0.5	W	24	52467
175.02666666666667	0.5	nontarget	29	52508
175.02666666666667	0.5	Q	18	52508
175.16333333333333	0.5	nontarget	29	52549
175.16333333333333	0.5	O	16	52549
175.3	0.5	nontarget	29	52590
175.3	0.5	Z	27	52590
175.43666666666667	0.5	nontarget	29	52631
175.43666666666667	0.5	D	5	52631
175.57333333333332	0.5	nontarget	29	52672
175.57333333333332	0.5	M	14	52672
175.71	0.5	nontarget	29	52713
175.71	0.5	P	17	52713
175.84666666666666	0.5	nontarget	29	52754
175.84666666666666	0.5	C	4	52754
175.98333333333332	0.5	nontarget	29	52795
175.98333333333332	0.5	R	19	52795
176.11666666666667	0.5	nontarget	29	52835
176.11666666666667	0.5	L	13	52835
176.25333333333333	0.5	nontarget	29	52876
176.25333333333333	0.5	H	9	52876
176.39	0.5	nontarget	29	52917
176.39	0.5	F	7	52917
182.21	0.5	nontarget	29	54663
182.21	0.5	Z	27	54663
182.34666666666666	0.5	nontarget	29	54704
182.34666666666666	0.5	T	21	54704
182.48333333333332	0.5	nontarget	29	54745
182.48333333333332	0.5	G	8	54745
182.62333333333333	0.5	nontarget	29	54787
182.62333333333333	0.5	D	5	54787
182.75666666666666	0.5	nontarget	29	54827
182.75666666666666	0.5	L	13	54827
182.89333333333335	0.5	nontarget	29	54868
182.89333333333335	0.5	V	23	54868
183.03	0.5	nontarget	29	54909
183.03	0.5	<	1	54909
183.16666666666666	0.5	nontarget	29	54950
183.16666666666666	0.5	R	19	54950
183.30333333333334	0.5	nontarget	29	54991
183.30333333333334	0.5	X	25	54991
183.44	0.5	nontarget	29	55032
183.44	0.5	A	2	55032
183.57333333333332	0.5	nontarget	29	55072
183.57333333333332	0.5	P	17	55072
183.71	0.5	nontarget	29	55113
183.71	0.5	B	3	55113
183.84666666666666	0.5	nontarget	29	55154
183.84666666666666	0.5	F	7	55154
183.98	0.5	nontarget	29	55194
183.98	0.5	U	22	55194
184.11666666666667	0.5	nontarget	29	55235
184.11666666666667	0.5	C	4	55235
184.25333333333333	0.5	nontarget	29	55276
184.25333333333333	0.5	_	28	55276
184.39	0.5	nontarget	29	55317
184.39	0.5	I	10	55317
184.52666666666667	0.5	nontarget	29	55358
184.52666666666667	0.5	S	20	55358
184.66	0.5	nontarget	29	55398
184.66	0.5	O	16	55398
184.79666666666665	0.5	nontarget	29	55439
184.79666666666665	0.5	M	14	55439
184.93333333333334	0.5	nontarget	29	55480
184.93333333333334	0.5	W	24	55480
185.07	0.5	nontarget	29	55521
185.07	0.5	K	12	55521
185.20666666666668	0.5	target	30	55562
185.20666666666668	0.5	J	11	55562
185.34	0.5	nontarget	29	55602
185.34	0.5	N	15	55602
185.47666666666666	0.5	nontarget	29	55643
185.47666666666666	0.5	Q	18	55643
185.61333333333334	0.5	nontarget	29	55684
185.61333333333334	0.5	H	9	55684
185.75	0.5	nontarget	29	55725
185.75	0.5	Y	26	55725
185.88333333333333	0.5	nontarget	29	55765
185.88333333333333	0.5	E	6	55765
191.70666666666668	0.5	nontarget	29	57512
191.70666666666668	0.5	<	1	57512
191.84333333333333	0.5	nontarget	29	57553
191.84333333333333	0.5	R	19	57553
191.97666666666666	0.5	nontarget	29	57593
191.97666666666666	0.5	V	23	57593
192.11333333333334	0.5	nontarget	29	57634
192.11333333333334	0.5	X	25	57634
192.24666666666667	0.5	nontarget	29	57674
192.24666666666667	0.5	Y	26	57674
192.38333333333333	0.5	nontarget	29	57715
192.38333333333333	0.5	B	3	57715
192.52	0.5	nontarget	29	57756
192.52	0.5	O	16	57756
192.65333333333334	0.5	nontarget	29	57796
192.65333333333334	0.5	J	11	57796
192.79	0.5	nontarget	29	57837
192.79	0.5	N	15	57837
192.92333333333335	0.5	nontarget	29	57877
192.92333333333335	0.5	F	7	57877
193.06	0.5	nontarget	29	57918
193.06	0.5	M	14	57918
193.19666666666666	0.5	nontarget	29	57959
193.19666666666666	0.5	S	20	57959
193.33333333333334	0.5	nontarget	29	58000
193.33333333333334	0.5	A	2	58000
193.47333333333333	0.5	nontarget	29	58042
193.47333333333333	0.5	Q	18	58042
193.60666666666665	0.5	nontarget	29	58082
193.60666666666665	0.5	P	17	58082
193.74	0.5	nontarget	29	58122
193.74	0.5	I	10	58122
193.87666666666667	0.5	nontarget	29	58163
193.87666666666667	0.5	T	21	58163
194.01333333333332	0.5	target	30	58204
194.01333333333332	0.5	E	6	58204
194.15	0.5	nontarget	29	58245
194.15	0.5	L	13	58245
194.28666666666666	0.5	nontarget	29	58286
194.28666666666666	0.5	G	8	58286
194.42333333333335	0.5	nontarget	29	58327
194.42333333333335	0.5	K	12	58327
194.56	0.5	nontarget	29	58368
194.56	0.5	_	28	58368
194.69666666666666	0.5	nontarget	29	58409
194.69666666666666	0.5	U	22	58409
194.83333333333334	0.5	nontarget	29	58450
194.83333333333334	0.5	C	4	58450
194.97	0.5	nontarget	29	58491
194.97	0.5	H	9	58491
195.12333333333333	0.5	nontarget	29	58537
195.12333333333333	0.5	W	24	58537
195.26	0.5	nontarget	29	58578
195.26	0.5	D	5	58578
195.39333333333335	0.5	nontarget	29	58618
195.39333333333335	0.5	Z	27	58618
201.21666666666667	0.5	nontarget	29	60365
201.21666666666667	0.5	H	9	60365
201.35	0.5	nontarget	29	60405
201.35	0.5	U	22	60405
201.48666666666668	0.5	nontarget	29	60446
201.48666666666668	0.5	C	4	60446
201.62	0.5	nontarget	29	60486
201.62	0.5	B	3	60486
201.75666666666666	0.5	nontarget	29	60527
201.75666666666666	0.5	V	23	60527
201.89333333333335	0.5	target	30	60568
201.89333333333335	0.5	W	24	60568
202.03	0.5	nontarget	29	60609
202.03	0.5	X	25	60609
202.16666666666666	0.5	nontarget	29	60650
202.16666666666666	0.5	E	6	60650
202.30333333333334	0.5	nontarget	29	60691
202.30333333333334	0.5	I	10	60691
202.44	0.5	nontarget	29	60732
202.44	0.5	J	11	60732
202.57666666666665	0.5	nontarget	29	60773
202.57666666666665	0.5	Q	18	60773
202.71333333333334	0.5	nontarget	29	60814
202.71333333333334	0.5	R	19	60814
202.84666666666666	0.5	nontarget	29	60854
202.84666666666666	0.5	T	21	60854
202.98333333333332	0.5	nontarget	29	60895
202.98333333333332	0.5	A	2	60895
203.12	0.5	nontarget	29	60936
203.12	0.5	P	17	60936
203.25333333333333	0.5	nontarget	29	60976
203.25333333333333	0.5	_	28	60976
203.39	0.5	nontarget	29	61017
203.39	0.5	<	1	61017
203.52333333333334	0.5	nontarget	29	61057
203.52333333333334	0.5	Z	27	61057
203.66	0.5	nontarget	29	61098
203.66	0.5	S	20	61098
203.79666666666665	0.5	nontarget	29	61139
203.79666666666665	0.5	K	12	61139
203.93333333333334	0.5	nontarget	29	61180
203.93333333333334	0.5	N	15	61180
204.07	0.5	nontarget	29	61221
204.07	0.5	L	13	61221
204.20666666666668	0.5	nontarget	29	61262
204.20666666666668	0.5	D	5	61262
204.34333333333333	0.5	nontarget	29	61303
204.34333333333333	0.5	Y	26	61303
204.47666666666666	0.5	nontarget	29	61343
204.47666666666666	0.5	F	7	61343
204.61333333333334	0.5	nontarget	29	61384
204.61333333333334	0.5	O	16	61384
204.75	0.5	nontarget	29	61425
204.75	0.5	G	8	61425
204.88666666666666	0.5	nontarget	29	61466
204.88666666666666	0.5	M	14	61466
210.78666666666666	0.5	nontarget	29	63236
210.78666666666666	0.5	A	2	63236
210.92333333333335	0.5	target	30	63277
210.92333333333335	0.5	C	4	63277
211.05666666666667	0.5	nontarget	29	63317
211.05666666666667	0.5	Q	18	63317
211.19333333333333	0.5	nontarget	29	63358
211.19333333333333	0.5	I	10	63358
211.32666666666665	0.5	nontarget	29	63398
211.32666666666665	0.5	T	21	63398
211.46666666666667	0.5	nontarget	29	63440
211.46666666666667	0.5	_	28	63440
211.60333333333332	0.5	nontarget	29	63481
211.60333333333332	0.5	D	5	63481
211.74333333333334	0.5	nontarget	29	63523
211.74333333333334	0.5	P	17	63523
211.87666666666667	0.5	nontarget	29	63563
211.87666666666667	0.5	R	19	63563
212.01333333333332	0.5	nontarget	29	63604
212.01333333333332	0.5	Y	26	63604
212.15	0.5	nontarget	29	63645
212.15	0.5	V	23	63645
212.28333333333333	0.5	nontarget	29	63685
212.28333333333333	0.5	F	7	63685
212.42	0.5	nontarget	29	63726
212.42	0.5	G	8	63726
212.55666666666667	0.5	nontarget	29	63767
212.55666666666667	0.5	U	22	63767
212.69	0.5	nontarget	29	63807
212.69	0.5	H	9	63807
212.82666666666665	0.5	nontarget	29	63848
212.82666666666665	0.5	N	15	63848
212.96	0.5	nontarget	29	63888
212.96	0.5	S	20	63888
213.09666666666666	0.5	nontarget	29	63929
213.09666666666666	0.5	Z	27	63929
213.23	0.5	nontarget	29	63969
213.23	0.5	X	25	63969
213.36666666666667	0.5	nontarget	29	64010
213.36666666666667	0.5	O	16	64010
213.50333333333333	0.5	nontarget	29	64051
213.50333333333333	0.5	<	1	64051
213.64	0.5	nontarget	29	64092
213.64	0.5	K	12	64092
213.77666666666667	0.5	nontarget	29	64133
213.77666666666667	0.5	E	6	64133
213.91333333333333	0.5	nontarget	29	64174
213.91333333333333	0.5	B	3	64174
214.05	0.5	nontarget	29	64215
214.05	0.5	L	13	64215
214.18666666666667	0.5	nontarget	29	64256
214.18666666666667	0.5	W	24	64256
214.32333333333332	0.5	nontarget	29	64297
214.32333333333332	0.5	J	11	64297
214.46	0.5	nontarget	29	64338
214.46	0.5	M	14	64338
220.27666666666667	0.5	nontarget	29	66083
220.27666666666667	0.5	C	4	66083
220.41333333333333	0.5	nontarget	29	66124
220.41333333333333	0.5	Y	26	66124
220.54666666666665	0.5	nontarget	29	66164
220.54666666666665	0.5	I	10	66164
220.68	0.5	nontarget	29	66204
220.68	0.5	L	13	66204
220.82	0.5	nontarget	29	66246
220.82	0.5	N	15	66246
220.95333333333335	0.5	nontarget	29	66286
220.95333333333335	0.5	W	24	66286
221.09	0.5	nontarget	29	66327
221.09	0.5	H	9	66327
221.22666666666666	0.5	nontarget	29	66368
221.22666666666666	0.5	S	20	66368
221.36333333333334	0.5	nontarget	29	66409
221.36333333333334	0.5	E	6	66409
221.50333333333333	0.5	target	30	66451
221.50333333333333	0.5	Q	18	66451
221.64	0.5	nontarget	29	66492
221.64	0.5	U	22	66492
221.77666666666667	0.5	nontarget	29	66533
221.77666666666667	0.5	X	25	66533
221.91333333333333	0.5	nontarget	29	66574
221.91333333333333	0.5	G	8	66574
222.04666666666665	0.5	nontarget	29	66614
222.04666666666665	0.5	K	12	66614
222.18333333333334	0.5	nontarget	29	66655
222.18333333333334	0.5	Z	27	66655
222.32	0.5	nontarget	29	66696
222.32	0.5	D	5	66696
222.45666666666668	0.5	nontarget	29	66737
222.45666666666668	0.5	J	11	66737
222.59	0.5	nontarget	29	66777
222.59	0.5	M	14	66777
222.72666666666666	0.5	nontarget	29	66818
222.72666666666666	0.5	T	21	66818
222.86333333333334	0.5	nontarget	29	66859
222.86333333333334	0.5	F	7	66859
223.0	0.5	nontarget	29	66900
223.0	0.5	B	3	66900
223.13666666666666	0.5	nontarget	29	66941
223.13666666666666	0.5	A	2	66941
223.27	0.5	nontarget	29	66981
223.27	0.5	P	17	66981
223.40666666666667	0.5	nontarget	29	67022
223.40666666666667	0.5	O	16	67022
223.54333333333332	0.5	nontarget	29	67063
223.54333333333332	0.5	R	19	67063
223.68	0.5	nontarget	29	67104
223.68	0.5	V	23	67104
223.81666666666666	0.5	nontarget	29	67145
223.81666666666666	0.5	<	1	67145
223.95333333333335	0.5	nontarget	29	67186
223.95333333333335	0.5	_	28	67186
229.77333333333334	0.5	nontarget	29	68932
229.77333333333334	0.5	P	17	68932
229.91333333333333	0.5	nontarget	29	68974
229.91333333333333	0.5	O	16	68974
230.04666666666665	0.5	nontarget	29	69014
230.04666666666665	0.5	C	4	69014
230.18333333333334	0.5	nontarget	29	69055
230.18333333333334	0.5	G	8	69055
230.32	0.5	nontarget	29	69096
230.32	0.5	H	9	69096
230.46	0.5	nontarget	29	69138
230.46	0.5	R	19	69138
230.59666666666666	0.5	target	30	69179
230.59666666666666	0.5	S	20	69179
230.73333333333332	0.5	nontarget	29	69220
230.73333333333332	0.5	E	6	69220
230.87	0.5	nontarget	29	69261
230.87	0.5	A	2	69261
231.00333333333333	0.5	nontarget	29	69301
231.00333333333333	0.5	Q	18	69301
231.14	0.5	nontarget	29	69342
231.14	0.5	Y	26	69342
231.27333333333334	0.5	nontarget	29	69382
231.27333333333334	0.5	V	23	69382
231.41	0.5	nontarget	29	69423
231.41	0.5	J	11	69423
231.54666666666665	0.5	nontarget	29	69464
231.54666666666665	0.5	F	7	69464
231.68333333333334	0.5	nontarget	29	69505
231.68333333333334	0.5	U	22	69505
231.82	0.5	nontarget	29	69546
231.82	0.5	X	25	69546
231.95666666666668	0.5	nontarget	29	69587
231.95666666666668	0.5	_	28	69587
232.09333333333333	0.5	nontarget	29	69628
232.09333333333333	0.5	Z	27	69628
232.23	0.5	nontarget	29	69669
232.23	0.5	B	3	69669
232.36666666666667	0.5	nontarget	29	69710
232.36666666666667	0.5	N	15	69710
232.50333333333333	0.5	nontarget	29	69751
232.50333333333333	0.5	D	5	69751
232.64	0.5	nontarget	29	69792
232.64	0.5	M	14	69792
232.77333333333334	0.5	nontarget	29	69832
232.77333333333334	0.5	<	1	69832
232.91	0.5	nontarget	29	69873
232.91	0.5	T	21	69873
233.04666666666665	0.5	nontarget	29	69914
233.04666666666665	0.5	L	13	69914
233.18333333333334	0.5	nontarget	29	69955
233.18333333333334	0.5	I	10	69955
233.31666666666666	0.5	nontarget	29	69995
233.31666666666666	0.5	W	24	69995
233.45333333333335	0.5	nontarget	29	70036
233.45333333333335	0.5	K	12	70036
239.27666666666667	0.5	nontarget	29	71783
239.27666666666667	0.5	E	6	71783
239.41333333333333	0.5	nontarget	29	71824
239.41333333333333	0.5	_	28	71824
239.55	0.5	nontarget	29	71865
239.55	0.5	N	15	71865
239.68333333333334	0.5	nontarget	29	71905
239.68333333333334	0.5	Z	27	71905
239.82	0.5	nontarget	29	71946
239.82	0.5	O	16	71946
239.95666666666668	0.5	nontarget	29	71987
239.95666666666668	0.5	H	9	71987
240.09333333333333	0.5	nontarget	29	72028
240.09333333333333	0.5	D	5	72028
240.23	0.5	nontarget	29	72069
240.23	0.5	K	12	72069
240.36333333333334	0.5	nontarget	29	72109
240.36333333333334	0.5	<	1	72109
240.5	0.5	nontarget	29	72150
240.5	0.5	U	22	72150
240.63333333333333	0.5	nontarget	29	72190
240.63333333333333	0.5	J	11	72190
240.77	0.5	nontarget	29	72231
240.77	0.5	S	20	72231
240.90666666666667	0.5	nontarget	29	72272
240.90666666666667	0.5	Y	26	72272
241.04333333333332	0.5	nontarget	29	72313
241.04333333333332	0.5	Q	18	72313
241.18	0.5	nontarget	29	72354
241.18	0.5	P	17	72354
241.31333333333333	0.5	nontarget	29	72394
241.31333333333333	0.5	G	8	72394
241.45	0.5	nontarget	29	72435
241.45	0.5	T	21	72435
241.58333333333334	0.5	nontarget	29	72475
241.58333333333334	0.5	B	3	72475
241.72	0.5	nontarget	29	72516
241.72	0.5	W	24	72516
241.86	0.5	nontarget	29	72558
241.86	0.5	L	13	72558
241.99333333333334	0.5	nontarget	29	72598
241.99333333333334	0.5	V	23	72598
242.13	0.5	nontarget	29	72639
242.13	0.5	C	4	72639
242.27	0.5	nontarget	29	72681
242.27	0.5	F	7	72681
242.40333333333334	0.5	nontarget	29	72721
242.40333333333334	0.5	X	25	72721
242.54	0.5	nontarget	29	72762
242.54	0.5	A	2	72762
242.67333333333335	0.5	nontarget	29	72802
242.67333333333335	0.5	I	10	72802
242.80666666666667	0.5	nontarget	29	72842
242.80666666666667	0.5	R	19	72842
242.94333333333333	0.5	target	30	72883
242.94333333333333	0.5	M	14	72883
248.76333333333332	0.5	nontarget	29	74629
248.76333333333332	0.5	F	7	74629
248.9	0.5	nontarget	29	74670
248.9	0.5	K	12	74670
249.03666666666666	0.5	nontarget	29	74711
249.03666666666666	0.5	<	1	74711
249.17333333333335	0.5	nontarget	29	74752
249.17333333333335	0.5	P	17	74752
249.31	0.5	nontarget	29	74793
249.31	0.5	J	11	74793
249.44333333333333	0.5	nontarget	29	74833
249.44333333333333	0.5	T	21	74833
249.58	0.5	nontarget	29	74874
249.58	0.5	I	10	74874
249.71666666666667	0.5	nontarget	29	74915
249.71666666666667	0.5	H	9	74915
249.85333333333332	0.5	nontarget	29	74956
249.85333333333332	0.5	A	2	74956
249.99	0.5	nontarget	29	74997
249.99	0.5	S	20	74997
250.12666666666667	0.5	nontarget	29	75038
250.12666666666667	0.5	L	13	75038
250.26333333333332	0.5	nontarget	29	75079
250.26333333333332	0.5	R	19	75079
250.4	0.5	target	30	75120
250.4	0.5	G	8	75120
250.53666666666666	0.5	nontarget	29	75161
250.53666666666666	0.5	N	15	75161
250.67	0.5	nontarget	29	75201
250.67	0.5	D	5	75201
250.81	0.5	nontarget	29	75243
250.81	0.5	Y	26	75243
250.94666666666666	0.5	nontarget	29	75284
250.94666666666666	0.5	E	6	75284
251.08333333333334	0.5	nontarget	29	75325
251.08333333333334	0.5	B	3	75325
251.22	0.5	nontarget	29	75366
251.22	0.5	O	16	75366
251.35666666666665	0.5	nontarget	29	75407
251.35666666666665	0.5	Q	18	75407
251.49333333333334	0.5	nontarget	29	75448
251.49333333333334	0.5	V	23	75448
251.63	0.5	nontarget	29	75489
251.63	0.5	X	25	75489
251.76666666666668	0.5	nontarget	29	75530
251.76666666666668	0.5	_	28	75530
251.9	0.5	nontarget	29	75570
251.9	0.5	W	24	75570
252.03666666666666	0.5	nontarget	29	75611
252.03666666666666	0.5	M	14	75611
252.17	0.5	nontarget	29	75651
252.17	0.5	Z	27	75651
252.30666666666667	0.5	nontarget	29	75692
252.30666666666667	0.5	U	22	75692
252.44333333333333	0.5	nontarget	29	75733
252.44333333333333	0.5	C	4	75733
258.2633333333333	0.5	nontarget	29	77479
258.2633333333333	0.5	T	21	77479
258.4	0.5	nontarget	29	77520
258.4	0.5	F	7	77520
258.53333333333336	0.5	nontarget	29	77560
258.53333333333336	0.5	C	4	77560
258.67	0.5	nontarget	29	77601
258.67	0.5	K	12	77601
258.8066666666667	0.5	nontarget	29	77642
258.8066666666667	0.5	R	19	77642
258.9433333333333	0.5	nontarget	29	77683
258.9433333333333	0.5	P	17	77683
259.08	0.5	nontarget	29	77724
259.08	0.5	M	14	77724
259.21666666666664	0.5	nontarget	29	77765
259.21666666666664	0.5	Z	27	77765
259.35333333333335	0.5	nontarget	29	77806
259.35333333333335	0.5	H	9	77806
259.49333333333334	0.5	nontarget	29	77848
259.49333333333334	0.5	X	25	77848
259.62666666666667	0.5	nontarget	29	77888
259.62666666666667	0.5	N	15	77888
259.7633333333333	0.5	nontarget	29	77929
259.7633333333333	0.5	W	24	77929
259.9	0.5	nontarget	29	77970
259.9	0.5	E	6	77970
260.0366666666667	0.5	nontarget	29	78011
260.0366666666667	0.5	<	1	78011
260.17333333333335	0.5	nontarget	29	78052
260.17333333333335	0.5	_	28	78052
260.31	0.5	nontarget	29	78093
260.31	0.5	V	23	78093
260.44666666666666	0.5	nontarget	29	78134
260.44666666666666	0.5	Y	26	78134
260.5833333333333	0.5	nontarget	29	78175
260.5833333333333	0.5	L	13	78175
260.72	0.5	nontarget	29	78216
260.72	0.5	U	22	78216
260.8566666666667	0.5	target	30	78257
260.8566666666667	0.5	B	3	78257
260.99	0.5	nontarget	29	78297
260.99	0.5	S	20	78297
261.12666666666667	0.5	nontarget	29	78338
261.12666666666667	0.5	Q	18	78338
261.2633333333333	0.5	nontarget	29	78379
261.2633333333333	0.5	A	2	78379
261.4	0.5	nontarget	29	78420
261.4	0.5	G	8	78420
261.5366666666667	0.5	nontarget	29	78461
261.5366666666667	0.5	O	16	78461
261.67333333333335	0.5	nontarget	29	78502
261.67333333333335	0.5	D	5	78502
261.81	0.5	nontarget	29	78543
261.81	0.5	J	11	78543
261.94666666666666	0.5	nontarget	29	78584
261.94666666666666	0.5	I	10	78584
267.7733333333333	0.5	target	30	80332
267.7733333333333	0.5	I	10	80332
267.91	0.5	nontarget	29	80373
267.91	0.5	G	8	80373
268.0466666666667	0.5	nontarget	29	80414
268.0466666666667	0.5	H	9	80414
268.18333333333334	0.5	nontarget	29	80455
268.18333333333334	0.5	C	4	80455
268.32	0.5	nontarget	29	80496
268.32	0.5	_	28	80496
268.45666666666665	0.5	nontarget	29	80537
268.45666666666665	0.5	<	1	80537
268.5933333333333	0.5	nontarget	29	80578
268.5933333333333	0.5	M	14	80578
268.73	0.5	nontarget	29	80619
268.73	0.5	U	22	80619
268.8666666666667	0.5	nontarget	29	80660
268.8666666666667	0.5	N	15	80660
269.0	0.5	nontarget	29	80700
269.0	0.5	V	23	80700
269.14	0.5	nontarget	29	80742
269.14	0.5	O	16	80742
269.2733333333333	0.5	nontarget	29	80782
269.2733333333333	0.5	E	6	80782
269.41	0.5	nontarget	29	80823
269.41	0.5	L	13	80823
269.55	0.5	nontarget	29	80865
269.55	0.5	W	24	80865
269.68666666666667	0.5	nontarget	29	80906
269.68666666666667	0.5	R	19	80906
269.8233333333333	0.5	nontarget	29	80947
269.8233333333333	0.5	P	17	80947
269.95666666666665	0.5	nontarget	29	80987
269.95666666666665	0.5	S	20	80987
270.0933333333333	0.5	nontarget	29	81028
270.0933333333333	0.5	X	25	81028
270.23	0.5	nontarget	29	81069
270.23	0.5	A	2	81069
270.3666666666667	0.5	nontarget	29	81110
270.3666666666667	0.5	K	12	81110
270.50333333333333	0.5	nontarget	29	81151
270.50333333333333	0.5	F	7	81151
270.63666666666666	0.5	nontarget	29	81191
270.63666666666666	0.5	Q	18	81191
270.7733333333333	0.5	nontarget	29	81232
270.7733333333333	0.5	D	5	81232
270.91333333333336	0.5	nontarget	29	81274
270.91333333333336	0.5	J	11	81274
271.05	0.5	nontarget	29	81315
271.05	0.5	Y	26	81315
271.18666666666667	0.5	nontarget	29	81356
271.18666666666667	0.5	B	3	81356
271.3233333333333	0.5	nontarget	29	81397
271.3233333333333	0.5	Z	27	81397
271.45666666666665	0.5	nontarget	29	81437
271.45666666666665	0.5	T	21	81437
277.28	0.5	nontarget	29	83184
277.28	0.5	I	10	83184
277.4166666666667	0.5	nontarget	29	83225
277.4166666666667	0.5	N	15	83225
277.55333333333334	0.5	nontarget	29	83266
277.55333333333334	0.5	A	2	83266
277.69	0.5	nontarget	29	83307
277.69	0.5	Z	27	83307
277.82666666666665	0.5	nontarget	29	83348
277.82666666666665	0.5	O	16	83348
277.96	0.5	nontarget	29	83388
277.96	0.5	D	5	83388
278.0966666666667	0.5	nontarget	29	83429
278.0966666666667	0.5	B	3	83429
278.23333333333335	0.5	nontarget	29	83470
278.23333333333335	0.5	K	12	83470
278.37	0.5	nontarget	29	83511
278.37	0.5	<	1	83511
278.50666666666666	0.5	nontarget	29	83552
278.50666666666666	0.5	T	21	83552
278.6433333333333	0.5	nontarget	29	83593
278.6433333333333	0.5	V	23	83593
278.78	0.5	nontarget	29	83634
278.78	0.5	M	14	83634
278.9166666666667	0.5	nontarget	29	83675
278.9166666666667	0.5	Y	26	83675
279.05333333333334	0.5	nontarget	29	83716
279.05333333333334	0.5	H	9	83716
279.19	0.5	nontarget	29	83757
279.19	0.5	L	13	83757
279.32666666666665	0.5	nontarget	29	83798
279.32666666666665	0.5	U	22	83798
279.4633333333333	0.5	nontarget	29	83839
279.4633333333333	0.5	G	8	83839
279.6	0.5	nontarget	29	83880
279.6	0.5	R	19	83880
279.7366666666667	0.5	nontarget	29	83921
279.7366666666667	0.5	W	24	83921
279.87333333333333	0.5	nontarget	29	83962
279.87333333333333	0.5	E	6	83962
280.01	0.5	nontarget	29	84003
280.01	0.5	P	17	84003
280.14666666666665	0.5	target	30	84044
280.14666666666665	0.5	C	4	84044
280.28	0.5	nontarget	29	84084
280.28	0.5	J	11	84084
280.4166666666667	0.5	nontarget	29	84125
280.4166666666667	0.5	S	20	84125
280.55333333333334	0.5	nontarget	29	84166
280.55333333333334	0.5	_	28	84166
280.69	0.5	nontarget	29	84207
280.69	0.5	Q	18	84207
280.82666666666665	0.5	nontarget	29	84248
280.82666666666665	0.5	X	25	84248
280.9633333333333	0.5	nontarget	29	84289
280.9633333333333	0.5	F	7	84289
286.78333333333336	0.5	nontarget	29	86035
286.78333333333336	0.5	H	9	86035
286.92	0.5	nontarget	29	86076
286.92	0.5	I	10	86076
287.0566666666667	0.5	nontarget	29	86117
287.0566666666667	0.5	W	24	86117
287.1933333333333	0.5	nontarget	29	86158
287.1933333333333	0.5	D	5	86158
287.32666666666665	0.5	nontarget	29	86198
287.32666666666665	0.5	Z	27	86198
287.4633333333333	0.5	nontarget	29	86239
287.4633333333333	0.5	K	12	86239
287.6	0.5	nontarget	29	86280
287.6	0.5	N	15	86280
287.7366666666667	0.5	nontarget	29	86321
287.7366666666667	0.5	X	25	86321
287.87	0.5	nontarget	29	86361
287.87	0.5	<	1	86361
288.01	0.5	nontarget	29	86403
288.01	0.5	_	28	86403
288.1433333333333	0.5	nontarget	29	86443
288.1433333333333	0.5	J	11	86443
288.28	0.5	nontarget	29	86484
288.28	0.5	F	7	86484
288.4166666666667	0.5	nontarget	29	86525
288.4166666666667	0.5	A	2	86525
288.5566666666667	0.5	nontarget	29	86567
288.5566666666667	0.5	U	22	86567
288.69	0.5	nontarget	29	86607
288.69	0.5	S	20	86607
288.82666666666665	0.5	nontarget	29	86648
288.82666666666665	0.5	P	17	86648
288.9633333333333	0.5	nontarget	29	86689
288.9633333333333	0.5	O	16	86689
289.0966666666667	0.5	nontarget	29	86729
289.0966666666667	0.5	E	6	86729
289.23333333333335	0.5	nontarget	29	86770
289.23333333333335	0.5	M	14	86770
289.37	0.5	target	30	86811
289.37	0.5	V	23	86811
289.50666666666666	0.5	nontarget	29	86852
289.50666666666666	0.5	B	3	86852
289.6433333333333	0.5	nontarget	29	86893
289.6433333333333	0.5	C	4	86893
289.77666666666664	0.5	nontarget	29	86933
289.77666666666664	0.5	G	8	86933
289.9166666666667	0.5	nontarget	29	86975
289.9166666666667	0.5	Y	26	86975
290.05333333333334	0.5	nontarget	29	87016
290.05333333333334	0.5	R	19	87016
290.18666666666667	0.5	nontarget	29	87056
290.18666666666667	0.5	T	21	87056
290.3233333333333	0.5	nontarget	29	87097
290.3233333333333	0.5	L	13	87097
290.46	0.5	nontarget	29	87138
290.46	0.5	Q	18	87138
296.28333333333336	0.5	nontarget	29	88885
296.28333333333336	0.5	X	25	88885
296.42	0.5	target	30	88926
296.42	0.5	F	7	88926
296.5733333333333	0.5	nontarget	29	88972
296.5733333333333	0.5	Z	27	88972
296.70666666666665	0.5	nontarget	29	89012
296.70666666666665	0.5	H	9	89012
296.8433333333333	0.5	nontarget	29	89053
296.8433333333333	0.5	Q	18	89053
296.98	0.5	nontarget	29	89094
296.98	0.5	U	22	89094
297.1166666666667	0.5	nontarget	29	89135
297.1166666666667	0.5	B	3	89135
297.25333333333333	0.5	nontarget	29	89176
297.25333333333333	0.5	V	23	89176
297.3933333333333	0.5	nontarget	29	89218
297.3933333333333	0.5	G	8	89218
297.53	0.5	nontarget	29	89259
297.53	0.5	N	15	89259
297.6666666666667	0.5	nontarget	29	89300
297.6666666666667	0.5	A	2	89300
297.80333333333334	0.5	nontarget	29	89341
297.80333333333334	0.5	K	12	89341
297.94	0.5	nontarget	29	89382
297.94	0.5	S	20	89382
298.07666666666665	0.5	nontarget	29	89423
298.07666666666665	0.5	M	14	89423
298.2133333333333	0.5	nontarget	29	89464
298.2133333333333	0.5	R	19	89464
298.35	0.5	nontarget	29	89505
298.35	0.5	D	5	89505
298.48333333333335	0.5	nontarget	29	89545
298.48333333333335	0.5	W	24	89545
298.62	0.5	nontarget	29	89586
298.62	0.5	E	6	89586
298.75666666666666	0.5	nontarget	29	89627
298.75666666666666	0.5	J	11	89627
298.8933333333333	0.5	nontarget	29	89668
298.8933333333333	0.5	L	13	89668
299.03	0.5	nontarget	29	89709
299.03	0.5	O	16	89709
299.16333333333336	0.5	nontarget	29	89749
299.16333333333336	0.5	P	17	89749
299.3	0.5	nontarget	29	89790
299.3	0.5	Y	26	89790
299.43666666666667	0.5	nontarget	29	89831
299.43666666666667	0.5	C	4	89831
299.57	0.5	nontarget	29	89871
299.57	0.5	T	21	89871
299.70666666666665	0.5	nontarget	29	89912
299.70666666666665	0.5	_	28	89912
299.8433333333333	0.5	nontarget	29	89953
299.8433333333333	0.5	I	10	89953
299.98	0.5	nontarget	29	89994
299.98	0.5	<	1	89994
305.7966666666667	0.5	nontarget	29	91739
305.7966666666667	0.5	O	16	91739
305.93666666666667	0.5	nontarget	29	91781
305.93666666666667	0.5	_	28	91781
306.0733333333333	0.5	nontarget	29	91822
306.0733333333333	0.5	Y	26	91822
306.21	0.5	nontarget	29	91863
306.21	0.5	N	15	91863
306.3433333333333	0.5	nontarget	29	91903
306.3433333333333	0.5	Z	27	91903
306.48	0.5	nontarget	29	91944
306.48	0.5	F	7	91944
306.6166666666667	0.5	nontarget	29	91985
306.6166666666667	0.5	V	23	91985
306.75333333333333	0.5	nontarget	29	92026
306.75333333333333	0.5	L	13	92026
306.89	0.5	nontarget	29	92067
306.89	0.5	S	20	92067
307.02666666666664	0.5	nontarget	29	92108
307.02666666666664	0.5	J	11	92108
307.16333333333336	0.5	nontarget	29	92149
307.16333333333336	0.5	T	21	92149
307.3	0.5	nontarget	29	92190
307.3	0.5	G	8	92190
307.43666666666667	0.5	nontarget	29	92231
307.43666666666667	0.5	A	2	92231
307.57	0.5	nontarget	29	92271
307.57	0.5	X	25	92271
307.71	0.5	nontarget	29	92313
307.71	0.5	R	19	92313
307.8466666666667	0.5	nontarget	29	92354
307.8466666666667	0.5	I	10	92354
307.98333333333335	0.5	nontarget	29	92395
307.98333333333335	0.5	W	24	92395
308.1166666666667	0.5	nontarget	29	92435
308.1166666666667	0.5	<	1	92435
308.25333333333333	0.5	nontarget	29	92476
308.25333333333333	0.5	E	6	92476
308.38666666666666	0.5	nontarget	29	92516
308.38666666666666	0.5	D	5	92516
308.5233333333333	0.5	nontarget	29	92557
308.5233333333333	0.5	M	14	92557
308.6566666666667	0.5	nontarget	29	92597
308.6566666666667	0.5	Q	18	92597
308.79333333333335	0.5	nontarget	29	92638
308.79333333333335	0.5	B	3	92638
308.93	0.5	nontarget	29	92679
308.93	0.5	C	4	92679
309.06333333333333	0.5	nontarget	29	92719
309.06333333333333	0.5	H	9	92719
309.2	0.5	target	30	92760
309.2	0.5	U	22	92760
309.33666666666664	0.5	nontarget	29	92801
309.33666666666664	0.5	K	12	92801
309.47	0.5	nontarget	29	92841
309.47	0.5	P	17	92841
315.29333333333335	0.5	nontarget	29	94588
315.29333333333335	0.5	M	14	94588
315.43	0.5	nontarget	29	94629
315.43	0.5	Q	18	94629
315.56333333333333	0.5	nontarget	29	94669
315.56333333333333	0.5	_	28	94669
315.7	0.5	nontarget	29	94710
315.7	0.5	G	8	94710
315.83666666666664	0.5	nontarget	29	94751
315.83666666666664	0.5	H	9	94751
315.97333333333336	0.5	nontarget	29	94792
315.97333333333336	0.5	O	16	94792
316.11	0.5	nontarget	29	94833
316.11	0.5	T	21	94833
316.24666666666667	0.5	nontarget	29	94874
316.24666666666667	0.5	E	6	94874
316.3833333333333	0.5	nontarget	29	94915
316.3833333333333	0.5	R	19	94915
316.52	0.5	nontarget	29	94956
316.52	0.5	A	2	94956
316.6566666666667	0.5	nontarget	29	94997
316.6566666666667	0.5	F	7	94997
316.79	0.5	nontarget	29	95037
316.79	0.5	L	13	95037
316.9266666666667	0.5	nontarget	29	95078
316.9266666666667	0.5	S	20	95078
317.06333333333333	0.5	nontarget	29	95119
317.06333333333333	0.5	V	23	95119
317.2	0.5	nontarget	29	95160
317.2	0.5	Y	26	95160
317.33666666666664	0.5	nontarget	29	95201
317.33666666666664	0.5	X	25	95201
317.47	0.5	nontarget	29	95241
317.47	0.5	J	11	95241
317.61	0.5	nontarget	29	95283
317.61	0.5	N	15	95283
317.74666666666667	0.5	nontarget	29	95324
317.74666666666667	0.5	I	10	95324
317.8833333333333	0.5	nontarget	29	95365
317.8833333333333	0.5	K	12	95365
318.02	0.5	nontarget	29	95406
318.02	0.5	B	3	95406
318.1533333333333	0.5	nontarget	29	95446
318.1533333333333	0.5	W	24	95446
318.29	0.5	nontarget	29	95487
318.29	0.5	P	17	95487
318.42333333333335	0.5	nontarget	29	95527
318.42333333333335	0.5	<	1	95527
318.56	0.5	nontarget	29	95568
318.56	0.5	U	22	95568
318.69666666666666	0.5	nontarget	29	95609
318.69666666666666	0.5	Z	27	95609
318.8333333333333	0.5	target	30	95650
318.8333333333333	0.5	D	5	95650
318.97	0.5	nontarget	29	95691
318.97	0.5	C	4	95691
324.7866666666667	0.5	nontarget	29	97436
324.7866666666667	0.5	G	8	97436
324.92333333333335	0.5	nontarget	29	97477
324.92333333333335	0.5	V	23	97477
325.06	0.5	nontarget	29	97518
325.06	0.5	<	1	97518
325.19666666666666	0.5	nontarget	29	97559
325.19666666666666	0.5	L	13	97559
325.3333333333333	0.5	nontarget	29	97600
325.3333333333333	0.5	A	2	97600
325.47	0.5	nontarget	29	97641
325.47	0.5	I	10	97641
325.6066666666667	0.5	nontarget	29	97682
325.6066666666667	0.5	J	11	97682
325.74333333333334	0.5	nontarget	29	97723
325.74333333333334	0.5	X	25	97723
325.88	0.5	nontarget	29	97764
325.88	0.5	R	19	97764
326.0133333333333	0.5	nontarget	29	97804
326.0133333333333	0.5	W	24	97804
326.15	0.5	nontarget	29	97845
326.15	0.5	S	20	97845
326.28333333333336	0.5	target	30	97885
326.28333333333336	0.5	B	3	97885
326.42	0.5	nontarget	29	97926
326.42	0.5	M	14	97926
326.5566666666667	0.5	nontarget	29	97967
326.5566666666667	0.5	D	5	97967
326.6933333333333	0.5	nontarget	29	98008
326.6933333333333	0.5	T	21	98008
326.83	0.5	nontarget	29	98049
326.83	0.5	E	6	98049
326.96666666666664	0.5	nontarget	29	98090
326.96666666666664	0.5	C	4	98090
327.10333333333335	0.5	nontarget	29	98131
327.10333333333335	0.5	F	7	98131
327.24	0.5	nontarget	29	98172
327.24	0.5	_	28	98172
327.37666666666667	0.5	nontarget	29	98213
327.37666666666667	0.5	Z	27	98213
327.51	0.5	nontarget	29	98253
327.51	0.5	Q	18	98253
327.64666666666665	0.5	nontarget	29	98294
327.64666666666665	0.5	H	9	98294
327.78	0.5	nontarget	29	98334
327.78	0.5	O	16	98334
327.9166666666667	0.5	nontarget	29	98375
327.9166666666667	0.5	U	22	98375
328.05333333333334	0.5	nontarget	29	98416
328.05333333333334	0.5	K	12	98416
328.19	0.5	nontarget	29	98457
328.19	0.5	P	17	98457
328.3233333333333	0.5	nontarget	29	98497
328.3233333333333	0.5	Y	26	98497
328.4633333333333	0.5	nontarget	29	98539
328.4633333333333	0.5	N	15	98539
334.28333333333336	0.5	nontarget	29	100285
334.28333333333336	0.5	V	23	100285
334.42	0.5	nontarget	29	100326
334.42	0.5	C	4	100326
334.5566666666667	0.5	nontarget	29	100367
334.5566666666667	0.5	D	5	100367
334.6933333333333	0.5	nontarget	29	100408
334.6933333333333	0.5	Q	18	100408
334.83	0.5	nontarget	29	100449
334.83	0.5	I	10	100449
334.9633333333333	0.5	nontarget	29	100489
334.9633333333333	0.5	B	3	100489
335.10333333333335	0.5	nontarget	29	100531
335.10333333333335	0.5	U	22	100531
335.24	0.5	nontarget	29	100572
335.24	0.5	N	15	100572
335.43666666666667	0.5	nontarget	29	100631
335.43666666666667	0.5	A	2	100631
335.57	0.5	nontarget	29	100671
335.57	0.5	R	19	100671
335.71	0.5	nontarget	29	100713
335.71	0.5	O	16	100713
335.8466666666667	0.5	nontarget	29	100754
335.8466666666667	0.5	K	12	100754
335.98333333333335	0.5	nontarget	29	100795
335.98333333333335	0.5	E	6	100795
336.12	0.5	nontarget	29	100836
336.12	0.5	W	24	100836
336.25666666666666	0.5	nontarget	29	100877
336.25666666666666	0.5	M	14	100877
336.3933333333333	0.5	nontarget	29	100918
336.3933333333333	0.5	L	13	100918
336.53	0.5	nontarget	29	100959
336.53	0.5	Z	27	100959
336.66333333333336	0.5	nontarget	29	100999
336.66333333333336	0.5	P	17	100999
336.80333333333334	0.5	nontarget	29	101041
336.80333333333334	0.5	J	11	101041
336.93666666666667	0.5	nontarget	29	101081
336.93666666666667	0.5	X	25	101081
337.07666666666665	0.5	nontarget	29	101123
337.07666666666665	0.5	S	20	101123
337.2133333333333	0.5	target	30	101164
337.2133333333333	0.5	T	21	101164
337.35	0.5	nontarget	29	101205
337.35	0.5	F	7	101205
337.4866666666667	0.5	nontarget	29	101246
337.4866666666667	0.5	<	1	101246
337.62333333333333	0.5	nontarget	29	101287
337.62333333333333	0.5	Y	26	101287
337.75666666666666	0.5	nontarget	29	101327
337.75666666666666	0.5	H	9	101327
337.8933333333333	0.5	nontarget	29	101368
337.8933333333333	0.5	_	28	101368
338.02666666666664	0.5	nontarget	29	101408
338.02666666666664	0.5	G	8	101408
343.85	0.5	nontarget	29	103155
343.85	0.5	C	4	103155
343.9866666666667	0.5	nontarget	29	103196
343.9866666666667	0.5	J	11	103196
344.12333333333333	0.5	nontarget	29	103237
344.12333333333333	0.5	W	24	103237
344.26	0.5	nontarget	29	103278
344.26	0.5	I	10	103278
344.39666666666665	0.5	nontarget	29	103319
344.39666666666665	0.5	S	20	103319
344.53333333333336	0.5	target	30	103360
344.53333333333336	0.5	T	21	103360
344.6666666666667	0.5	nontarget	29	103400
344.6666666666667	0.5	F	7	103400
344.80333333333334	0.5	nontarget	29	103441
344.80333333333334	0.5	V	23	103441
344.94	0.5	nontarget	29	103482
344.94	0.5	Y	26	103482
345.07666666666665	0.5	nontarget	29	103523
345.07666666666665	0.5	L	13	103523
345.21	0.5	nontarget	29	103563
345.21	0.5	Z	27	103563
345.35	0.5	nontarget	29	103605
345.35	0.5	<	1	103605
345.48333333333335	0.5	nontarget	29	103645
345.48333333333335	0.5	A	2	103645
345.62	0.5	nontarget	29	103686
345.62	0.5	R	19	103686
345.76	0.5	nontarget	29	103728
345.76	0.5	X	25	103728
345.89666666666665	0.5	nontarget	29	103769
345.89666666666665	0.5	D	5	103769
346.03	0.5	nontarget	29	103809
346.03	0.5	_	28	103809
346.1666666666667	0.5	nontarget	29	103850
346.1666666666667	0.5	H	9	103850
346.30333333333334	0.5	nontarget	29	103891
346.30333333333334	0.5	N	15	103891
346.44	0.5	nontarget	29	103932
346.44	0.5	B	3	103932
346.57666666666665	0.5	nontarget	29	103973
346.57666666666665	0.5	O	16	103973
346.71	0.5	nontarget	29	104013
346.71	0.5	M	14	104013
346.8466666666667	0.5	nontarget	29	104054
346.8466666666667	0.5	E	6	104054
346.98333333333335	0.5	nontarget	29	104095
346.98333333333335	0.5	P	17	104095
347.12	0.5	nontarget	29	104136
347.12	0.5	Q	18	104136
347.25333333333333	0.5	nontarget	29	104176
347.25333333333333	0.5	U	22	104176
347.39	0.5	nontarget	29	104217
347.39	0.5	K	12	104217
347.52666666666664	0.5	nontarget	29	104258
347.52666666666664	0.5	G	8	104258
353.3566666666667	0.5	nontarget	29	106007
353.3566666666667	0.5	L	13	106007
353.49333333333334	0.5	nontarget	29	106048
353.49333333333334	0.5	O	16	106048
353.62666666666667	0.5	nontarget	29	106088
353.62666666666667	0.5	_	28	106088
353.76666666666665	0.5	nontarget	29	106130
353.76666666666665	0.5	Q	18	106130
353.9033333333333	0.5	nontarget	29	106171
353.9033333333333	0.5	B	3	106171
354.0366666666667	0.5	nontarget	29	106211
354.0366666666667	0.5	E	6	106211
354.17333333333335	0.5	nontarget	29	106252
354.17333333333335	0.5	Y	26	106252
354.31	0.5	nontarget	29	106293
354.31	0.5	V	23	106293
354.44666666666666	0.5	nontarget	29	106334
354.44666666666666	0.5	Z	27	106334
354.5833333333333	0.5	nontarget	29	106375
354.5833333333333	0.5	S	20	106375
354.72	0.5	nontarget	29	106416
354.72	0.5	F	7	106416
354.85333333333335	0.5	nontarget	29	106456
354.85333333333335	0.5	G	8	106456
354.99	0.5	nontarget	29	106497
354.99	0.5	H	9	106497
355.12666666666667	0.5	nontarget	29	106538
355.12666666666667	0.5	A	2	106538
355.2633333333333	0.5	nontarget	29	106579
355.2633333333333	0.5	T	21	106579
355.39666666666665	0.5	nontarget	29	106619
355.39666666666665	0.5	X	25	106619
355.53333333333336	0.5	target	30	106660
355.53333333333336	0.5	U	22	106660
355.67	0.5	nontarget	29	106701
355.67	0.5	M	14	106701
355.8066666666667	0.5	nontarget	29	106742
355.8066666666667	0.5	W	24	106742
355.94	0.5	nontarget	29	106782
355.94	0.5	C	4	106782
356.07666666666665	0.5	nontarget	29	106823
356.07666666666665	0.5	<	1	106823
356.2133333333333	0.5	nontarget	29	106864
356.2133333333333	0.5	D	5	106864
356.35	0.5	nontarget	29	106905
356.35	0.5	P	17	106905
356.4866666666667	0.5	nontarget	29	106946
356.4866666666667	0.5	N	15	106946
356.62333333333333	0.5	nontarget	29	106987
356.62333333333333	0.5	K	12	106987
356.76	0.5	nontarget	29	107028
356.76	0.5	I	10	107028
356.9	0.5	nontarget	29	107070
356.9	0.5	J	11	107070
357.03333333333336	0.5	nontarget	29	107110
357.03333333333336	0.5	R	19	107110
362.85333333333335	0.5	nontarget	29	108856
362.85333333333335	0.5	K	12	108856
362.99	0.5	nontarget	29	108897
362.99	0.5	O	16	108897
363.12666666666667	0.5	nontarget	29	108938
363.12666666666667	0.5	P	17	108938
363.26	0.5	nontarget	29	108978
363.26	0.5	U	22	108978
363.39666666666665	0.5	nontarget	29	109019
363.39666666666665	0.5	L	13	109019
363.53	0.5	nontarget	29	109059
363.53	0.5	T	21	109059
363.6666666666667	0.5	nontarget	29	109100
363.6666666666667	0.5	B	3	109100
363.80333333333334	0.5	nontarget	29	109141
363.80333333333334	0.5	I	10	109141
363.94	0.5	nontarget	29	109182
363.94	0.5	C	4	109182
364.07666666666665	0.5	nontarget	29	109223
364.07666666666665	0.5	F	7	109223
364.2133333333333	0.5	nontarget	29	109264
364.2133333333333	0.5	X	25	109264
364.35	0.5	nontarget	29	109305
364.35	0.5	Y	26	109305
364.4866666666667	0.5	nontarget	29	109346
364.4866666666667	0.5	W	24	109346
364.62333333333333	0.5	target	30	109387
364.62333333333333	0.5	H	9	109387
364.75666666666666	0.5	nontarget	29	109427
364.75666666666666	0.5	J	11	109427
364.8933333333333	0.5	nontarget	29	109468
364.8933333333333	0.5	E	6	109468
365.03	0.5	nontarget	29	109509
365.03	0.5	R	19	109509
365.1666666666667	0.5	nontarget	29	109550
365.1666666666667	0.5	A	2	109550
365.30333333333334	0.5	nontarget	29	109591
365.30333333333334	0.5	_	28	109591
365.44	0.5	nontarget	29	109632
365.44	0.5	<	1	109632
365.5733333333333	0.5	nontarget	29	109672
365.5733333333333	0.5	V	23	109672
365.71	0.5	nontarget	29	109713
365.71	0.5	G	8	109713
365.8466666666667	0.5	nontarget	29	109754
365.8466666666667	0.5	M	14	109754
365.98333333333335	0.5	nontarget	29	109795
365.98333333333335	0.5	S	20	109795
366.12	0.5	nontarget	29	109836
366.12	0.5	D	5	109836
366.25666666666666	0.5	nontarget	29	109877
366.25666666666666	0.5	N	15	109877
366.3933333333333	0.5	nontarget	29	109918
366.3933333333333	0.5	Q	18	109918
366.53	0.5	nontarget	29	109959
366.53	0.5	Z	27	109959
372.35	0.5	nontarget	29	111705
372.35	0.5	Z	27	111705
372.4866666666667	0.5	nontarget	29	111746
372.4866666666667	0.5	_	28	111746
372.62333333333333	0.5	nontarget	29	111787
372.62333333333333	0.5	M	14	111787
372.76	0.5	nontarget	29	111828
372.76	0.5	P	17	111828
372.9	0.5	nontarget	29	111870
372.9	0.5	D	5	111870
373.0366666666667	0.5	nontarget	29	111911
373.0366666666667	0.5	<	1	111911
373.17333333333335	0.5	nontarget	29	111952
373.17333333333335	0.5	Y	26	111952
373.31	0.5	nontarget	29	111993
373.31	0.5	C	4	111993
373.44666666666666	0.5	nontarget	29	112034
373.44666666666666	0.5	A	2	112034
373.58	0.5	nontarget	29	112074
373.58	0.5	V	23	112074
373.71666666666664	0.5	target	30	112115
373.71666666666664	0.5	O	16	112115
373.85333333333335	0.5	nontarget	29	112156
373.85333333333335	0.5	H	9	112156
373.99	0.5	nontarget	29	112197
373.99	0.5	I	10	112197
374.12666666666667	0.5	nontarget	29	112238
374.12666666666667	0.5	X	25	112238
374.2633333333333	0.5	nontarget	29	112279
374.2633333333333	0.5	N	15	112279
374.4	0.5	nontarget	29	112320
374.4	0.5	R	19	112320
374.53333333333336	0.5	nontarget	29	112360
374.53333333333336	0.5	F	7	112360
374.67	0.5	nontarget	29	112401
374.67	0.5	Q	18	112401
374.8066666666667	0.5	nontarget	29	112442
374.8066666666667	0.5	B	3	112442
374.9433333333333	0.5	nontarget	29	112483
374.9433333333333	0.5	K	12	112483
375.08	0.5	nontarget	29	112524
375.08	0.5	U	22	112524
375.21666666666664	0.5	nontarget	29	112565
375.21666666666664	0.5	S	20	112565
375.35	0.5	nontarget	29	112605
375.35	0.5	W	24	112605
375.4866666666667	0.5	nontarget	29	112646
375.4866666666667	0.5	T	21	112646
375.62333333333333	0.5	nontarget	29	112687
375.62333333333333	0.5	E	6	112687
375.7633333333333	0.5	nontarget	29	112729
375.7633333333333	0.5	G	8	112729
375.9	0.5	nontarget	29	112770
375.9	0.5	J	11	112770
376.0366666666667	0.5	nontarget	29	112811
376.0366666666667	0.5	L	13	112811
381.86	0.5	nontarget	29	114558
381.86	0.5	D	5	114558
381.99666666666667	0.5	nontarget	29	114599
381.99666666666667	0.5	H	9	114599
382.1333333333333	0.5	nontarget	29	114640
382.1333333333333	0.5	Z	27	114640
382.27	0.5	nontarget	29	114681
382.27	0.5	S	20	114681
382.4066666666667	0.5	nontarget	29	114722
382.4066666666667	0.5	A	2	114722
382.54	0.5	nontarget	29	114762
382.54	0.5	E	6	114762
382.6766666666667	0.5	nontarget	29	114803
382.6766666666667	0.5	I	10	114803
382.81333333333333	0.5	nontarget	29	114844
382.81333333333333	0.5	N	15	114844
382.95	0.5	nontarget	29	114885
382.95	0.5	U	22	114885
383.0833333333333	0.5	nontarget	29	114925
383.0833333333333	0.5	<	1	114925
383.22	0.5	target	30	114966
383.22	0.5	_	28	114966
383.3566666666667	0.5	nontarget	29	115007
383.3566666666667	0.5	G	8	115007
383.49333333333334	0.5	nontarget	29	115048
383.49333333333334	0.5	X	25	115048
383.63	0.5	nontarget	29	115089
383.63	0.5	V	23	115089
383.76666666666665	0.5	nontarget	29	115130
383.76666666666665	0.5	B	3	115130
383.9033333333333	0.5	nontarget	29	115171
383.9033333333333	0.5	R	19	115171
384.04	0.5	nontarget	29	115212
384.04	0.5	W	24	115212
384.1766666666667	0.5	nontarget	29	115253
384.1766666666667	0.5	C	4	115253
384.31333333333333	0.5	nontarget	29	115294
384.31333333333333	0.5	F	7	115294
384.45	0.5	nontarget	29	115335
384.45	0.5	J	11	115335
384.58666666666664	0.5	nontarget	29	115376
384.58666666666664	0.5	Q	18	115376
384.72333333333336	0.5	nontarget	29	115417
384.72333333333336	0.5	Y	26	115417
384.86	0.5	nontarget	29	115458
384.86	0.5	M	14	115458
384.99666666666667	0.5	nontarget	29	115499
384.99666666666667	0.5	O	16	115499
385.1333333333333	0.5	nontarget	29	115540
385.1333333333333	0.5	T	21	115540
385.27	0.5	nontarget	29	115581
385.27	0.5	P	17	115581
385.4066666666667	0.5	nontarget	29	115622
385.4066666666667	0.5	L	13	115622
385.54333333333335	0.5	nontarget	29	115663
385.54333333333335	0.5	K	12	115663
391.37	0.5	nontarget	29	117411
391.37	0.5	B	3	117411
391.50666666666666	0.5	nontarget	29	117452
391.50666666666666	0.5	F	7	117452
391.6433333333333	0.5	nontarget	29	117493
391.6433333333333	0.5	E	6	117493
391.78333333333336	0.5	nontarget	29	117535
391.78333333333336	0.5	R	19	117535
391.92	0.5	nontarget	29	117576
391.92	0.5	U	22	117576
392.0566666666667	0.5	nontarget	29	117617
392.0566666666667	0.5	M	14	117617
392.19	0.5	nontarget	29	117657
392.19	0.5	O	16	117657
392.32666666666665	0.5	nontarget	29	117698
392.32666666666665	0.5	Y	26	117698
392.4633333333333	0.5	nontarget	29	117739
392.4633333333333	0.5	I	10	117739
392.6	0.5	nontarget	29	117780
392.6	0.5	T	21	117780
392.73333333333335	0.5	nontarget	29	117820
392.73333333333335	0.5	K	12	117820
392.87	0.5	nontarget	29	117861
392.87	0.5	W	24	117861
393.00666666666666	0.5	target	30	117902
393.00666666666666	0.5	<	1	117902
393.1433333333333	0.5	nontarget	29	117943
393.1433333333333	0.5	D	5	117943
393.27666666666664	0.5	nontarget	29	117983
393.27666666666664	0.5	X	25	117983
393.41333333333336	0.5	nontarget	29	118024
393.41333333333336	0.5	J	11	118024
393.55	0.5	nontarget	29	118065
393.55	0.5	L	13	118065
393.68666666666667	0.5	nontarget	29	118106
393.68666666666667	0.5	S	20	118106
393.8233333333333	0.5	nontarget	29	118147
393.8233333333333	0.5	N	15	118147
393.96	0.5	nontarget	29	118188
393.96	0.5	H	9	118188
394.0966666666667	0.5	nontarget	29	118229
394.0966666666667	0.5	C	4	118229
394.23	0.5	nontarget	29	118269
394.23	0.5	_	28	118269
394.3666666666667	0.5	nontarget	29	118310
394.3666666666667	0.5	A	2	118310
394.50333333333333	0.5	nontarget	29	118351
394.50333333333333	0.5	Z	27	118351
394.63666666666666	0.5	nontarget	29	118391
394.63666666666666	0.5	V	23	118391
394.7733333333333	0.5	nontarget	29	118432
394.7733333333333	0.5	G	8	118432
394.91	0.5	nontarget	29	118473
394.91	0.5	P	17	118473
395.0466666666667	0.5	nontarget	29	118514
395.0466666666667	0.5	Q	18	118514
400.88	0.5	nontarget	29	120264
400.88	0.5	O	16	120264
401.01666666666665	0.5	nontarget	29	120305
401.01666666666665	0.5	S	20	120305
401.1533333333333	0.5	nontarget	29	120346
401.1533333333333	0.5	E	6	120346
401.2866666666667	0.5	nontarget	29	120386
401.2866666666667	0.5	<	1	120386
401.4266666666667	0.5	nontarget	29	120428
401.4266666666667	0.5	T	21	120428
401.56333333333333	0.5	nontarget	29	120469
401.56333333333333	0.5	V	23	120469
401.69666666666666	0.5	nontarget	29	120509
401.69666666666666	0.5	X	25	120509
401.83666666666664	0.5	nontarget	29	120551
401.83666666666664	0.5	M	14	120551
401.97333333333336	0.5	nontarget	29	120592
401.97333333333336	0.5	K	12	120592
402.1066666666667	0.5	nontarget	29	120632
402.1066666666667	0.5	A	2	120632
402.24333333333334	0.5	nontarget	29	120673
402.24333333333334	0.5	D	5	120673
402.38	0.5	nontarget	29	120714
402.38	0.5	U	22	120714
402.5133333333333	0.5	nontarget	29	120754
402.5133333333333	0.5	B	3	120754
402.65	0.5	nontarget	29	120795
402.65	0.5	Y	26	120795
402.7866666666667	0.5	target	30	120836
402.7866666666667	0.5	C	4	120836
402.92	0.5	nontarget	29	120876
402.92	0.5	L	13	120876
403.06	0.5	nontarget	29	120918
403.06	0.5	_	28	120918
403.1933333333333	0.5	nontarget	29	120958
403.1933333333333	0.5	F	7	120958
403.33	0.5	nontarget	29	120999
403.33	0.5	H	9	120999
403.46666666666664	0.5	nontarget	29	121040
403.46666666666664	0.5	I	10	121040
403.60333333333335	0.5	nontarget	29	121081
403.60333333333335	0.5	R	19	121081
403.74	0.5	nontarget	29	121122
403.74	0.5	W	24	121122
403.87666666666667	0.5	nontarget	29	121163
403.87666666666667	0.5	G	8	121163
404.0133333333333	0.5	nontarget	29	121204
404.0133333333333	0.5	N	15	121204
404.15	0.5	nontarget	29	121245
404.15	0.5	Q	18	121245
404.2866666666667	0.5	nontarget	29	121286
404.2866666666667	0.5	J	11	121286
404.42	0.5	nontarget	29	121326
404.42	0.5	P	17	121326
404.5566666666667	0.5	nontarget	29	121367
404.5566666666667	0.5	Z	27	121367
410.3833333333333	0.5	nontarget	29	123115
410.3833333333333	0.5	S	20	123115
410.52	0.5	nontarget	29	123156
410.52	0.5	V	23	123156
410.6566666666667	0.5	nontarget	29	123197
410.6566666666667	0.5	I	10	123197
410.79333333333335	0.5	nontarget	29	123238
410.79333333333335	0.5	A	2	123238
410.93	0.5	nontarget	29	123279
410.93	0.5	E	6	123279
411.06666666666666	0.5	nontarget	29	123320
411.06666666666666	0.5	D	5	123320
411.2	0.5	nontarget	29	123360
411.2	0.5	W	24	123360
411.34	0.5	nontarget	29	123402
411.34	0.5	<	1	123402
411.47333333333336	0.5	nontarget	29	123442
411.47333333333336	0.5	Y	26	123442
411.61	0.5	nontarget	29	123483
411.61	0.5	G	8	123483
411.75	0.5	nontarget	29	123525
411.75	0.5	U	22	123525
411.88666666666666	0.5	nontarget	29	123566
411.88666666666666	0.5	K	12	123566
412.0233333333333	0.5	nontarget	29	123607
412.0233333333333	0.5	Q	18	123607
412.16	0.5	nontarget	29	123648
412.16	0.5	R	19	123648
412.2966666666667	0.5	nontarget	29	123689
412.2966666666667	0.5	T	21	123689
412.43333333333334	0.5	nontarget	29	123730
412.43333333333334	0.5	C	4	123730
412.57	0.5	nontarget	29	123771
412.57	0.5	O	16	123771
412.7033333333333	0.5	nontarget	29	123811
412.7033333333333	0.5	H	9	123811
412.8433333333333	0.5	nontarget	29	123853
412.8433333333333	0.5	F	7	123853
412.98	0.5	nontarget	29	123894
412.98	0.5	X	25	123894
413.1166666666667	0.5	target	30	123935
413.1166666666667	0.5	Z	27	123935
413.25333333333333	0.5	nontarget	29	123976
413.25333333333333	0.5	J	11	123976
413.39	0.5	nontarget	29	124017
413.39	0.5	P	17	124017
413.5233333333333	0.5	nontarget	29	124057
413.5233333333333	0.5	B	3	124057
413.66	0.5	nontarget	29	124098
413.66	0.5	L	13	124098
413.7966666666667	0.5	nontarget	29	124139
413.7966666666667	0.5	N	15	124139
413.93333333333334	0.5	nontarget	29	124180
413.93333333333334	0.5	_	28	124180
414.06666666666666	0.5	nontarget	29	124220
414.06666666666666	0.5	M	14	124220
419.89	0.5	nontarget	29	125967
419.89	0.5	_	28	125967
420.02666666666664	0.5	nontarget	29	126008
420.02666666666664	0.5	S	20	126008
420.16333333333336	0.5	nontarget	29	126049
420.16333333333336	0.5	F	7	126049
420.3	0.5	nontarget	29	126090
420.3	0.5	Q	18	126090
420.43666666666667	0.5	nontarget	29	126131
420.43666666666667	0.5	V	23	126131
420.5733333333333	0.5	nontarget	29	126172
420.5733333333333	0.5	O	16	126172
420.71	0.5	nontarget	29	126213
420.71	0.5	<	1	126213
420.8466666666667	0.5	nontarget	29	126254
420.8466666666667	0.5	Y	26	126254
420.98	0.5	nontarget	29	126294
420.98	0.5	A	2	126294
421.1166666666667	0.5	nontarget	29	126335
421.1166666666667	0.5	Z	27	126335
421.25333333333333	0.5	nontarget	29	126376
421.25333333333333	0.5	N	15	126376
421.38666666666666	0.5	nontarget	29	126416
421.38666666666666	0.5	E	6	126416
421.5233333333333	0.5	nontarget	29	126457
421.5233333333333	0.5	P	17	126457
421.66	0.5	nontarget	29	126498
421.66	0.5	C	4	126498
421.7966666666667	0.5	nontarget	29	126539
421.7966666666667	0.5	X	25	126539
421.93333333333334	0.5	nontarget	29	126580
421.93333333333334	0.5	D	5	126580
422.07	0.5	nontarget	29	126621
422.07	0.5	I	10	126621
422.20666666666665	0.5	nontarget	29	126662
422.20666666666665	0.5	M	14	126662
422.3433333333333	0.5	nontarget	29	126703
422.3433333333333	0.5	J	11	126703
422.4766666666667	0.5	nontarget	29	126743
422.4766666666667	0.5	G	8	126743
422.61333333333334	0.5	nontarget	29	126784
422.61333333333334	0.5	K	12	126784
422.75	0.5	nontarget	29	126825
422.75	0.5	L	13	126825
422.88666666666666	0.5	nontarget	29	126866
422.88666666666666	0.5	B	3	126866
423.02	0.5	nontarget	29	126906
423.02	0.5	U	22	126906
423.1566666666667	0.5	nontarget	29	126947
423.1566666666667	0.5	T	21	126947
423.29333333333335	0.5	target	30	126988
423.29333333333335	0.5	W	24	126988
423.43	0.5	nontarget	29	127029
423.43	0.5	R	19	127029
423.56666666666666	0.5	nontarget	29	127070
423.56666666666666	0.5	H	9	127070
429.3933333333333	0.5	nontarget	29	128818
429.3933333333333	0.5	E	6	128818
429.53	0.5	nontarget	29	128859
429.53	0.5	H	9	128859
429.6666666666667	0.5	nontarget	29	128900
429.6666666666667	0.5	S	20	128900
429.8066666666667	0.5	nontarget	29	128942
429.8066666666667	0.5	X	25	128942
429.94	0.5	target	30	128982
429.94	0.5	F	7	128982
430.07666666666665	0.5	nontarget	29	129023
430.07666666666665	0.5	W	24	129023
430.2133333333333	0.5	nontarget	29	129064
430.2133333333333	0.5	N	15	129064
430.35	0.5	nontarget	29	129105
430.35	0.5	D	5	129105
430.4866666666667	0.5	nontarget	29	129146
430.4866666666667	0.5	K	12	129146
430.62333333333333	0.5	nontarget	29	129187
430.62333333333333	0.5	I	10	129187
430.76	0.5	nontarget	29	129228
430.76	0.5	Q	18	129228
430.8933333333333	0.5	nontarget	29	129268
430.8933333333333	0.5	U	22	129268
431.03	0.5	nontarget	29	129309
431.03	0.5	P	17	129309
431.16333333333336	0.5	nontarget	29	129349
431.16333333333336	0.5	T	21	129349
431.3	0.5	nontarget	29	129390
431.3	0.5	J	11	129390
431.43333333333334	0.5	nontarget	29	129430
431.43333333333334	0.5	C	4	129430
431.57	0.5	nontarget	29	129471
431.57	0.5	Z	27	129471
431.7033333333333	0.5	nontarget	29	129511
431.7033333333333	0.5	A	2	129511
431.84	0.5	nontarget	29	129552
431.84	0.5	<	1	129552
431.9766666666667	0.5	nontarget	29	129593
431.9766666666667	0.5	V	23	129593
432.11	0.5	nontarget	29	129633
432.11	0.5	B	3	129633
432.24666666666667	0.5	nontarget	29	129674
432.24666666666667	0.5	R	19	129674
432.3833333333333	0.5	nontarget	29	129715
432.3833333333333	0.5	_	28	129715
432.51666666666665	0.5	nontarget	29	129755
432.51666666666665	0.5	L	13	129755
432.6533333333333	0.5	nontarget	29	129796
432.6533333333333	0.5	M	14	129796
432.7866666666667	0.5	nontarget	29	129836
432.7866666666667	0.5	O	16	129836
432.92333333333335	0.5	nontarget	29	129877
432.92333333333335	0.5	Y	26	129877
433.0566666666667	0.5	nontarget	29	129917
433.0566666666667	0.5	G	8	129917
438.87666666666667	0.5	nontarget	29	131663
438.87666666666667	0.5	U	22	131663
439.0133333333333	0.5	nontarget	29	131704
439.0133333333333	0.5	G	8	131704
439.15	0.5	nontarget	29	131745
439.15	0.5	V	23	131745
439.2866666666667	0.5	nontarget	29	131786
439.2866666666667	0.5	T	21	131786
439.42333333333335	0.5	nontarget	29	131827
439.42333333333335	0.5	J	11	131827
439.56	0.5	nontarget	29	131868
439.56	0.5	A	2	131868
439.7	0.5	nontarget	29	131910
439.7	0.5	W	24	131910
439.84	0.5	nontarget	29	131952
439.84	0.5	L	13	131952
439.9766666666667	0.5	nontarget	29	131993
439.9766666666667	0.5	I	10	131993
440.11	0.5	nontarget	29	132033
440.11	0.5	H	9	132033
440.25	0.5	nontarget	29	132075
440.25	0.5	B	3	132075
440.38666666666666	0.5	nontarget	29	132116
440.38666666666666	0.5	E	6	132116
440.52	0.5	nontarget	29	132156
440.52	0.5	P	17	132156
440.6566666666667	0.5	nontarget	29	132197
440.6566666666667	0.5	X	25	132197
440.79333333333335	0.5	target	30	132238
440.79333333333335	0.5	O	16	132238
440.93	0.5	nontarget	29	132279
440.93	0.5	Y	26	132279
441.06333333333333	0.5	nontarget	29	132319
441.06333333333333	0.5	D	5	132319
441.2	0.5	nontarget	29	132360
441.2	0.5	Q	18	132360
441.33666666666664	0.5	nontarget	29	132401
441.33666666666664	0.5	<	1	132401
441.47333333333336	0.5	nontarget	29	132442
441.47333333333336	0.5	M	14	132442
441.6066666666667	0.5	nontarget	29	132482
441.6066666666667	0.5	K	12	132482
441.74333333333334	0.5	nontarget	29	132523
441.74333333333334	0.5	F	7	132523
441.88	0.5	nontarget	29	132564
441.88	0.5	C	4	132564
442.02	0.5	nontarget	29	132606
442.02	0.5	N	15	132606
442.1566666666667	0.5	nontarget	29	132647
442.1566666666667	0.5	R	19	132647
442.29	0.5	nontarget	29	132687
442.29	0.5	Z	27	132687
442.4266666666667	0.5	nontarget	29	132728
442.4266666666667	0.5	_	28	132728
442.56333333333333	0.5	nontarget	29	132769
442.56333333333333	0.5	S	20	132769
448.3833333333333	0.5	nontarget	29	134515
448.3833333333333	0.5	I	10	134515
448.52	0.5	nontarget	29	134556
448.52	0.5	O	16	134556
448.6566666666667	0.5	nontarget	29	134597
448.6566666666667	0.5	P	17	134597
448.79333333333335	0.5	nontarget	29	134638
448.79333333333335	0.5	K	12	134638
448.93	0.5	nontarget	29	134679
448.93	0.5	G	8	134679
449.06666666666666	0.5	nontarget	29	134720
449.06666666666666	0.5	N	15	134720
449.2033333333333	0.5	nontarget	29	134761
449.2033333333333	0.5	_	28	134761
449.34	0.5	nontarget	29	134802
449.34	0.5	T	21	134802
449.4766666666667	0.5	nontarget	29	134843
449.4766666666667	0.5	F	7	134843
449.61	0.5	nontarget	29	134883
449.61	0.5	Z	27	134883
449.74666666666667	0.5	nontarget	29	134924
449.74666666666667	0.5	D	5	134924
449.88666666666666	0.5	target	30	134966
449.88666666666666	0.5	<	1	134966
450.02	0.5	nontarget	29	135006
450.02	0.5	U	22	135006
450.1533333333333	0.5	nontarget	29	135046
450.1533333333333	0.5	R	19	135046
450.29	0.5	nontarget	29	135087
450.29	0.5	H	9	135087
450.4266666666667	0.5	nontarget	29	135128
450.4266666666667	0.5	Y	26	135128
450.56333333333333	0.5	nontarget	29	135169
450.56333333333333	0.5	V	23	135169
450.7	0.5	nontarget	29	135210
450.7	0.5	E	6	135210
450.8333333333333	0.5	nontarget	29	135250
450.8333333333333	0.5	M	14	135250
450.96666666666664	0.5	nontarget	29	135290
450.96666666666664	0.5	L	13	135290
451.10333333333335	0.5	nontarget	29	135331
451.10333333333335	0.5	X	25	135331
451.24	0.5	nontarget	29	135372
451.24	0.5	Q	18	135372
451.37333333333333	0.5	nontarget	29	135412
451.37333333333333	0.5	A	2	135412
451.51	0.5	nontarget	29	135453
451.51	0.5	J	11	135453
451.6433333333333	0.5	nontarget	29	135493
451.6433333333333	0.5	W	24	135493
451.78333333333336	0.5	nontarget	29	135535
451.78333333333336	0.5	C	4	135535
451.92	0.5	nontarget	29	135576
451.92	0.5	S	20	135576
452.0566666666667	0.5	nontarget	29	135617
452.0566666666667	0.5	B	3	135617
457.8833333333333	0.5	nontarget	29	137365
457.8833333333333	0.5	O	16	137365
458.02	0.5	nontarget	29	137406
458.02	0.5	G	8	137406
458.1566666666667	0.5	nontarget	29	137447
458.1566666666667	0.5	K	12	137447
458.29333333333335	0.5	nontarget	29	137488
458.29333333333335	0.5	Y	26	137488
458.43	0.5	nontarget	29	137529
458.43	0.5	R	19	137529
458.56333333333333	0.5	nontarget	29	137569
458.56333333333333	0.5	E	6	137569
458.7	0.5	nontarget	29	137610
458.7	0.5	V	23	137610
458.8333333333333	0.5	nontarget	29	137650
458.8333333333333	0.5	M	14	137650
458.97	0.5	nontarget	29	137691
458.97	0.5	U	22	137691
459.1066666666667	0.5	nontarget	29	137732
459.1066666666667	0.5	T	21	137732
459.24333333333334	0.5	nontarget	29	137773
459.24333333333334	0.5	H	9	137773
459.38	0.5	nontarget	29	137814
459.38	0.5	J	11	137814
459.51666666666665	0.5	nontarget	29	137855
459.51666666666665	0.5	<	1	137855
459.65	0.5	nontarget	29	137895
459.65	0.5	Q	18	137895
459.7866666666667	0.5	nontarget	29	137936
459.7866666666667	0.5	N	15	137936
459.92333333333335	0.5	nontarget	29	137977
459.92333333333335	0.5	_	28	137977
460.0566666666667	0.5	target	30	138017
460.0566666666667	0.5	W	24	138017
460.19666666666666	0.5	nontarget	29	138059
460.19666666666666	0.5	P	17	138059
460.3333333333333	0.5	nontarget	29	138100
460.3333333333333	0.5	Z	27	138100
460.5366666666667	0.5	nontarget	29	138161
460.5366666666667	0.5	B	3	138161
460.67333333333335	0.5	nontarget	29	138202
460.67333333333335	0.5	I	10	138202
460.81	0.5	nontarget	29	138243
460.81	0.5	A	2	138243
460.9433333333333	0.5	nontarget	29	138283
460.9433333333333	0.5	C	4	138283
461.08	0.5	nontarget	29	138324
461.08	0.5	F	7	138324
461.21666666666664	0.5	nontarget	29	138365
461.21666666666664	0.5	L	13	138365
461.35333333333335	0.5	nontarget	29	138406
461.35333333333335	0.5	X	25	138406
461.49	0.5	nontarget	29	138447
461.49	0.5	D	5	138447
461.62666666666667	0.5	nontarget	29	138488
461.62666666666667	0.5	S	20	138488
467.46	0.5	nontarget	29	140238
467.46	0.5	X	25	140238
467.5966666666667	0.5	nontarget	29	140279
467.5966666666667	0.5	Z	27	140279
467.73333333333335	0.5	nontarget	29	140320
467.73333333333335	0.5	Q	18	140320
467.87333333333333	0.5	target	30	140362
467.87333333333333	0.5	A	2	140362
468.01	0.5	nontarget	29	140403
468.01	0.5	I	10	140403
468.14666666666665	0.5	nontarget	29	140444
468.14666666666665	0.5	O	16	140444
468.28333333333336	0.5	nontarget	29	140485
468.28333333333336	0.5	U	22	140485
468.42	0.5	nontarget	29	140526
468.42	0.5	<	1	140526
468.5566666666667	0.5	nontarget	29	140567
468.5566666666667	0.5	L	13	140567
468.69	0.5	nontarget	29	140607
468.69	0.5	D	5	140607
468.83	0.5	nontarget	29	140649
468.83	0.5	F	7	140649
468.96666666666664	0.5	nontarget	29	140690
468.96666666666664	0.5	S	20	140690
469.10333333333335	0.5	nontarget	29	140731
469.10333333333335	0.5	H	9	140731
469.24	0.5	nontarget	29	140772
469.24	0.5	_	28	140772
469.37666666666667	0.5	nontarget	29	140813
469.37666666666667	0.5	E	6	140813
469.51	0.5	nontarget	29	140853
469.51	0.5	P	17	140853
469.64666666666665	0.5	nontarget	29	140894
469.64666666666665	0.5	K	12	140894
469.78333333333336	0.5	nontarget	29	140935
469.78333333333336	0.5	N	15	140935
469.92	0.5	nontarget	29	140976
469.92	0.5	R	19	140976
470.0566666666667	0.5	nontarget	29	141017
470.0566666666667	0.5	B	3	141017
470.1933333333333	0.5	nontarget	29	141058
470.1933333333333	0.5	Y	26	141058
470.33	0.5	nontarget	29	141099
470.33	0.5	J	11	141099
470.46666666666664	0.5	nontarget	29	141140
470.46666666666664	0.5	M	14	141140
470.60333333333335	0.5	nontarget	29	141181
470.60333333333335	0.5	T	21	141181
470.74	0.5	nontarget	29	141222
470.74	0.5	V	23	141222
470.87666666666667	0.5	nontarget	29	141263
470.87666666666667	0.5	C	4	141263
471.0133333333333	0.5	nontarget	29	141304
471.0133333333333	0.5	G	8	141304
471.14666666666665	0.5	nontarget	29	141344
471.14666666666665	0.5	W	24	141344
476.9866666666667	0.5	nontarget	29	143096
476.9866666666667	0.5	L	13	143096
477.12333333333333	0.5	nontarget	29	143137
477.12333333333333	0.5	G	8	143137
477.26	0.5	nontarget	29	143178
477.26	0.5	N	15	143178
477.39666666666665	0.5	nontarget	29	143219
477.39666666666665	0.5	C	4	143219
477.53	0.5	nontarget	29	143259
477.53	0.5	D	5	143259
477.6666666666667	0.5	nontarget	29	143300
477.6666666666667	0.5	J	11	143300
477.80333333333334	0.5	nontarget	29	143341
477.80333333333334	0.5	T	21	143341
477.94	0.5	nontarget	29	143382
477.94	0.5	A	2	143382
478.07666666666665	0.5	nontarget	29	143423
478.07666666666665	0.5	W	24	143423
478.21	0.5	nontarget	29	143463
478.21	0.5	P	17	143463
478.3466666666667	0.5	nontarget	29	143504
478.3466666666667	0.5	_	28	143504
478.48333333333335	0.5	nontarget	29	143545
478.48333333333335	0.5	X	25	143545
478.62	0.5	nontarget	29	143586
478.62	0.5	<	1	143586
478.75666666666666	0.5	nontarget	29	143627
478.75666666666666	0.5	K	12	143627
478.8933333333333	0.5	nontarget	29	143668
478.8933333333333	0.5	V	23	143668
479.03	0.5	nontarget	29	143709
479.03	0.5	B	3	143709
479.16333333333336	0.5	nontarget	29	143749
479.16333333333336	0.5	Z	27	143749
479.3	0.5	nontarget	29	143790
479.3	0.5	I	10	143790
479.43666666666667	0.5	nontarget	29	143831
479.43666666666667	0.5	Y	26	143831
479.5733333333333	0.5	nontarget	29	143872
479.5733333333333	0.5	S	20	143872
479.71	0.5	nontarget	29	143913
479.71	0.5	U	22	143913
479.8466666666667	0.5	nontarget	29	143954
479.8466666666667	0.5	E	6	143954
479.98333333333335	0.5	nontarget	29	143995
479.98333333333335	0.5	R	19	143995
480.12	0.5	nontarget	29	144036
480.12	0.5	F	7	144036
480.25666666666666	0.5	target	30	144077
480.25666666666666	0.5	M	14	144077
480.3933333333333	0.5	nontarget	29	144118
480.3933333333333	0.5	O	16	144118
480.52666666666664	0.5	nontarget	29	144158
480.52666666666664	0.5	H	9	144158
480.66333333333336	0.5	nontarget	29	144199
480.66333333333336	0.5	Q	18	144199
486.4866666666667	0.5	nontarget	29	145946
486.4866666666667	0.5	Z	27	145946
486.62333333333333	0.5	nontarget	29	145987
486.62333333333333	0.5	F	7	145987
486.76	0.5	nontarget	29	146028
486.76	0.5	<	1	146028
486.89666666666665	0.5	nontarget	29	146069
486.89666666666665	0.5	I	10	146069
487.03	0.5	nontarget	29	146109
487.03	0.5	W	24	146109
487.1666666666667	0.5	nontarget	29	146150
487.1666666666667	0.5	V	23	146150
487.30333333333334	0.5	nontarget	29	146191
487.30333333333334	0.5	L	13	146191
487.44	0.5	nontarget	29	146232
487.44	0.5	B	3	146232
487.57666666666665	0.5	nontarget	29	146273
487.57666666666665	0.5	Y	26	146273
487.7133333333333	0.5	nontarget	29	146314
487.7133333333333	0.5	M	14	146314
487.85	0.5	nontarget	29	146355
487.85	0.5	K	12	146355
487.9866666666667	0.5	nontarget	29	146396
487.9866666666667	0.5	C	4	146396
488.12333333333333	0.5	nontarget	29	146437
488.12333333333333	0.5	Q	18	146437
488.25666666666666	0.5	nontarget	29	146477
488.25666666666666	0.5	E	6	146477
488.3933333333333	0.5	nontarget	29	146518
488.3933333333333	0.5	P	17	146518
488.53	0.5	target	30	146559
488.53	0.5	N	15	146559
488.6666666666667	0.5	nontarget	29	146600
488.6666666666667	0.5	D	5	146600
488.80333333333334	0.5	nontarget	29	146641
488.80333333333334	0.5	O	16	146641
488.93666666666667	0.5	nontarget	29	146681
488.93666666666667	0.5	J	11	146681
489.0733333333333	0.5	nontarget	29	146722
489.0733333333333	0.5	A	2	146722
489.21	0.5	nontarget	29	146763
489.21	0.5	H	9	146763
489.3466666666667	0.5	nontarget	29	146804
489.3466666666667	0.5	T	21	146804
489.48333333333335	0.5	nontarget	29	146845
489.48333333333335	0.5	U	22	146845
489.6166666666667	0.5	nontarget	29	146885
489.6166666666667	0.5	S	20	146885
489.75333333333333	0.5	nontarget	29	146926
489.75333333333333	0.5	X	25	146926
489.89	0.5	nontarget	29	146967
489.89	0.5	_	28	146967
490.0233333333333	0.5	nontarget	29	147007
490.0233333333333	0.5	R	19	147007
490.16	0.5	nontarget	29	147048
490.16	0.5	G	8	147048
495.98333333333335	0.5	nontarget	29	148795
495.98333333333335	0.5	Z	27	148795
496.12	0.5	nontarget	29	148836
496.12	0.5	S	20	148836
496.26	0.5	nontarget	29	148878
496.26	0.5	X	25	148878
496.39666666666665	0.5	nontarget	29	148919
496.39666666666665	0.5	F	7	148919
496.53333333333336	0.5	nontarget	29	148960
496.53333333333336	0.5	A	2	148960
496.67	0.5	nontarget	29	149001
496.67	0.5	P	17	149001
496.8066666666667	0.5	nontarget	29	149042
496.8066666666667	0.5	G	8	149042
496.9433333333333	0.5	nontarget	29	149083
496.9433333333333	0.5	C	4	149083
497.08	0.5	target	30	149124
497.08	0.5	K	12	149124
497.21666666666664	0.5	nontarget	29	149165
497.21666666666664	0.5	H	9	149165
497.35	0.5	nontarget	29	149205
497.35	0.5	J	11	149205
497.4866666666667	0.5	nontarget	29	149246
497.4866666666667	0.5	Y	26	149246
497.62333333333333	0.5	nontarget	29	149287
497.62333333333333	0.5	L	13	149287
497.76	0.5	nontarget	29	149328
497.76	0.5	W	24	149328
497.89666666666665	0.5	nontarget	29	149369
497.89666666666665	0.5	U	22	149369
498.03333333333336	0.5	nontarget	29	149410
498.03333333333336	0.5	R	19	149410
498.17	0.5	nontarget	29	149451
498.17	0.5	V	23	149451
498.3066666666667	0.5	nontarget	29	149492
498.3066666666667	0.5	_	28	149492
498.44	0.5	nontarget	29	149532
498.44	0.5	D	5	149532
498.57666666666665	0.5	nontarget	29	149573
498.57666666666665	0.5	I	10	149573
498.7133333333333	0.5	nontarget	29	149614
498.7133333333333	0.5	O	16	149614
498.85	0.5	nontarget	29	149655
498.85	0.5	T	21	149655
498.9866666666667	0.5	nontarget	29	149696
498.9866666666667	0.5	B	3	149696
499.12333333333333	0.5	nontarget	29	149737
499.12333333333333	0.5	E	6	149737
499.26	0.5	nontarget	29	149778
499.26	0.5	M	14	149778
499.39666666666665	0.5	nontarget	29	149819
499.39666666666665	0.5	Q	18	149819
499.53	0.5	nontarget	29	149859
499.53	0.5	N	15	149859
499.6666666666667	0.5	nontarget	29	149900
499.6666666666667	0.5	<	1	149900
505.49333333333334	0.5	nontarget	29	151648
505.49333333333334	0.5	V	23	151648
505.63	0.5	nontarget	29	151689
505.63	0.5	D	5	151689
505.76666666666665	0.5	target	30	151730
505.76666666666665	0.5	R	19	151730
505.9033333333333	0.5	nontarget	29	151771
505.9033333333333	0.5	N	15	151771
506.04	0.5	nontarget	29	151812
506.04	0.5	S	20	151812
506.1766666666667	0.5	nontarget	29	151853
506.1766666666667	0.5	X	25	151853
506.31333333333333	0.5	nontarget	29	151894
506.31333333333333	0.5	F	7	151894
506.45	0.5	nontarget	29	151935
506.45	0.5	J	11	151935
506.58666666666664	0.5	nontarget	29	151976
506.58666666666664	0.5	A	2	151976
506.72	0.5	nontarget	29	152016
506.72	0.5	P	17	152016
506.8566666666667	0.5	nontarget	29	152057
506.8566666666667	0.5	O	16	152057
506.99333333333334	0.5	nontarget	29	152098
506.99333333333334	0.5	I	10	152098
507.12666666666667	0.5	nontarget	29	152138
507.12666666666667	0.5	Y	26	152138
507.2633333333333	0.5	nontarget	29	152179
507.2633333333333	0.5	C	4	152179
507.4	0.5	nontarget	29	152220
507.4	0.5	<	1	152220
507.53333333333336	0.5	nontarget	29	152260
507.53333333333336	0.5	E	6	152260
507.67	0.5	nontarget	29	152301
507.67	0.5	U	22	152301
507.8066666666667	0.5	nontarget	29	152342
507.8066666666667	0.5	T	21	152342
507.9433333333333	0.5	nontarget	29	152383
507.9433333333333	0.5	Q	18	152383
508.08	0.5	nontarget	29	152424
508.08	0.5	G	8	152424
508.21666666666664	0.5	nontarget	29	152465
508.21666666666664	0.5	H	9	152465
508.35333333333335	0.5	nontarget	29	152506
508.35333333333335	0.5	B	3	152506
508.4866666666667	0.5	nontarget	29	152546
508.4866666666667	0.5	L	13	152546
508.62333333333333	0.5	nontarget	29	152587
508.62333333333333	0.5	M	14	152587
508.76	0.5	nontarget	29	152628
508.76	0.5	K	12	152628
508.8933333333333	0.5	nontarget	29	152668
508.8933333333333	0.5	W	24	152668
509.03	0.5	nontarget	29	152709
509.03	0.5	Z	27	152709
509.1666666666667	0.5	nontarget	29	152750
509.1666666666667	0.5	_	28	152750
514.99	0.5	nontarget	29	154497
514.99	0.5	Y	26	154497
515.1266666666667	0.5	nontarget	29	154538
515.1266666666667	0.5	K	12	154538
515.2666666666667	0.5	nontarget	29	154580
515.2666666666667	0.5	V	23	154580
515.4	0.5	nontarget	29	154620
515.4	0.5	B	3	154620
515.5366666666666	0.5	nontarget	29	154661
515.5366666666666	0.5	X	25	154661
515.6733333333333	0.5	nontarget	29	154702
515.6733333333333	0.5	<	1	154702
515.8066666666666	0.5	nontarget	29	154742
515.8066666666666	0.5	C	4	154742
515.9433333333334	0.5	nontarget	29	154783
515.9433333333334	0.5	U	22	154783
516.0833333333334	0.5	nontarget	29	154825
516.0833333333334	0.5	J	11	154825
516.22	0.5	nontarget	29	154866
516.22	0.5	Q	18	154866
516.3533333333334	0.5	nontarget	29	154906
516.3533333333334	0.5	L	13	154906
516.49	0.5	nontarget	29	154947
516.49	0.5	E	6	154947
516.6233333333333	0.5	nontarget	29	154987
516.6233333333333	0.5	H	9	154987
516.76	0.5	nontarget	29	155028
516.76	0.5	F	7	155028
516.8966666666666	0.5	nontarget	29	155069
516.8966666666666	0.5	T	21	155069
517.0366666666666	0.5	nontarget	29	155111
517.0366666666666	0.5	O	16	155111
517.1733333333333	0.5	nontarget	29	155152
517.1733333333333	0.5	G	8	155152
517.31	0.5	nontarget	29	155193
517.31	0.5	R	19	155193
517.4433333333334	0.5	target	30	155233
517.4433333333334	0.5	D	5	155233
517.58	0.5	nontarget	29	155274
517.58	0.5	S	20	155274
517.7166666666667	0.5	nontarget	29	155315
517.7166666666667	0.5	N	15	155315
517.8533333333334	0.5	nontarget	29	155356
517.8533333333334	0.5	_	28	155356
517.99	0.5	nontarget	29	155397
517.99	0.5	A	2	155397
518.1266666666667	0.5	nontarget	29	155438
518.1266666666667	0.5	M	14	155438
518.2633333333333	0.5	nontarget	29	155479
518.2633333333333	0.5	I	10	155479
518.4033333333333	0.5	nontarget	29	155521
518.4033333333333	0.5	W	24	155521
518.5366666666666	0.5	nontarget	29	155561
518.5366666666666	0.5	Z	27	155561
518.6733333333333	0.5	nontarget	29	155602
518.6733333333333	0.5	P	17	155602
524.4966666666667	0.5	target	30	157349
524.4966666666667	0.5	C	4	157349
524.63	0.5	nontarget	29	157389
524.63	0.5	E	6	157389
524.7666666666667	0.5	nontarget	29	157430
524.7666666666667	0.5	X	25	157430
524.9033333333333	0.5	nontarget	29	157471
524.9033333333333	0.5	T	21	157471
525.04	0.5	nontarget	29	157512
525.04	0.5	B	3	157512
525.18	0.5	nontarget	29	157554
525.18	0.5	V	23	157554
525.3166666666667	0.5	nontarget	29	157595
525.3166666666667	0.5	N	15	157595
525.45	0.5	nontarget	29	157635
525.45	0.5	P	17	157635
525.5866666666667	0.5	nontarget	29	157676
525.5866666666667	0.5	Z	27	157676
525.7233333333334	0.5	nontarget	29	157717
525.7233333333334	0.5	U	22	157717
525.86	0.5	nontarget	29	157758
525.86	0.5	_	28	157758
525.9933333333333	0.5	nontarget	29	157798
525.9933333333333	0.5	A	2	157798
526.13	0.5	nontarget	29	157839
526.13	0.5	H	9	157839
526.2666666666667	0.5	nontarget	29	157880
526.2666666666667	0.5	M	14	157880
526.4033333333333	0.5	nontarget	29	157921
526.4033333333333	0.5	Q	18	157921
526.54	0.5	nontarget	29	157962
526.54	0.5	J	11	157962
526.6766666666666	0.5	nontarget	29	158003
526.6766666666666	0.5	I	10	158003
526.81	0.5	nontarget	29	158043
526.81	0.5	<	1	158043
526.9466666666667	0.5	nontarget	29	158084
526.9466666666667	0.5	Y	26	158084
527.0833333333334	0.5	nontarget	29	158125
527.0833333333334	0.5	W	24	158125
527.22	0.5	nontarget	29	158166
527.22	0.5	L	13	158166
527.3566666666667	0.5	nontarget	29	158207
527.3566666666667	0.5	G	8	158207
527.4933333333333	0.5	nontarget	29	158248
527.4933333333333	0.5	S	20	158248
527.6266666666667	0.5	nontarget	29	158288
527.6266666666667	0.5	D	5	158288
527.7633333333333	0.5	nontarget	29	158329
527.7633333333333	0.5	O	16	158329
527.9	0.5	nontarget	29	158370
527.9	0.5	K	12	158370
528.0366666666666	0.5	nontarget	29	158411
528.0366666666666	0.5	F	7	158411
528.1733333333333	0.5	nontarget	29	158452
528.1733333333333	0.5	R	19	158452
