onset	duration	trial_type	value	sample
14.34	0.5	nontarget	29	4302
14.34	0.5	G	8	4302
14.476666666666667	0.5	nontarget	29	4343
14.476666666666667	0.5	P	17	4343
14.616666666666667	0.5	nontarget	29	4385
14.616666666666667	0.5	B	3	4385
14.75	0.5	nontarget	29	4425
14.75	0.5	Q	18	4425
14.886666666666667	0.5	nontarget	29	4466
14.886666666666667	0.5	K	12	4466
15.023333333333333	0.5	nontarget	29	4507
15.023333333333333	0.5	Y	26	4507
15.16	0.5	nontarget	29	4548
15.16	0.5	R	19	4548
15.296666666666667	0.5	nontarget	29	4589
15.296666666666667	0.5	O	16	4589
15.43	0.5	nontarget	29	4629
15.43	0.5	L	13	4629
15.566666666666666	0.5	target	30	4670
15.566666666666666	0.5	S	20	4670
15.703333333333333	0.5	nontarget	29	4711
15.703333333333333	0.5	N	15	4711
15.84	0.5	nontarget	29	4752
15.84	0.5	E	6	4752
15.98	0.5	nontarget	29	4794
15.98	0.5	A	2	4794
16.116666666666667	0.5	nontarget	29	4835
16.116666666666667	0.5	T	21	4835
16.253333333333334	0.5	nontarget	29	4876
16.253333333333334	0.5	V	23	4876
16.386666666666667	0.5	nontarget	29	4916
16.386666666666667	0.5	J	11	4916
16.523333333333333	0.5	nontarget	29	4957
16.523333333333333	0.5	I	10	4957
16.66	0.5	nontarget	29	4998
16.66	0.5	F	7	4998
16.796666666666667	0.5	nontarget	29	5039
16.796666666666667	0.5	U	22	5039
16.93	0.5	nontarget	29	5079
16.93	0.5	_	28	5079
17.066666666666666	0.5	nontarget	29	5120
17.066666666666666	0.5	H	9	5120
17.203333333333333	0.5	nontarget	29	5161
17.203333333333333	0.5	D	5	5161
17.34	0.5	nontarget	29	5202
17.34	0.5	Z	27	5202
17.473333333333333	0.5	nontarget	29	5242
17.473333333333333	0.5	W	24	5242
17.61	0.5	nontarget	29	5283
17.61	0.5	M	14	5283
17.746666666666666	0.5	nontarget	29	5324
17.746666666666666	0.5	C	4	5324
17.883333333333333	0.5	nontarget	29	5365
17.883333333333333	0.5	X	25	5365
18.02	0.5	nontarget	29	5406
18.02	0.5	<	1	5406
22.833333333333332	0.5	nontarget	29	6850
22.833333333333332	0.5	T	21	6850
22.97	0.5	nontarget	29	6891
22.97	0.5	W	24	6891
23.106666666666666	0.5	nontarget	29	6932
23.106666666666666	0.5	_	28	6932
23.243333333333332	0.5	target	30	6973
23.243333333333332	0.5	S	20	6973
23.38	0.5	nontarget	29	7014
23.38	0.5	Y	26	7014
23.516666666666666	0.5	nontarget	29	7055
23.516666666666666	0.5	N	15	7055
23.666666666666668	0.5	nontarget	29	7100
23.666666666666668	0.5	M	14	7100
23.803333333333335	0.5	nontarget	29	7141
23.803333333333335	0.5	Z	27	7141
23.94	0.5	nontarget	29	7182
23.94	0.5	D	5	7182
24.076666666666668	0.5	nontarget	29	7223
24.076666666666668	0.5	K	12	7223
24.213333333333335	0.5	nontarget	29	7264
24.213333333333335	0.5	X	25	7264
24.35	0.5	nontarget	29	7305
24.35	0.5	<	1	7305
24.486666666666668	0.5	nontarget	29	7346
24.486666666666668	0.5	U	22	7346
24.623333333333335	0.5	nontarget	29	7387
24.623333333333335	0.5	A	2	7387
24.756666666666668	0.5	nontarget	29	7427
24.756666666666668	0.5	J	11	7427
24.893333333333334	0.5	nontarget	29	7468
24.893333333333334	0.5	R	19	7468
25.03	0.5	nontarget	29	7509
25.03	0.5	E	6	7509
25.166666666666668	0.5	nontarget	29	7550
25.166666666666668	0.5	O	16	7550
25.303333333333335	0.5	nontarget	29	7591
25.303333333333335	0.5	C	4	7591
25.44	0.5	nontarget	29	7632
25.44	0.5	I	10	7632
25.576666666666668	0.5	nontarget	29	7673
25.576666666666668	0.5	H	9	7673
25.713333333333335	0.5	nontarget	29	7714
25.713333333333335	0.5	F	7	7714
25.85	0.5	nontarget	29	7755
25.85	0.5	L	13	7755
25.986666666666668	0.5	nontarget	29	7796
25.986666666666668	0.5	Q	18	7796
26.12	0.5	nontarget	29	7836
26.12	0.5	P	17	7836
26.256666666666668	0.5	nontarget	29	7877
26.256666666666668	0.5	B	3	7877
26.393333333333334	0.5	nontarget	29	7918
26.393333333333334	0.5	V	23	7918
26.53	0.5	nontarget	29	7959
26.53	0.5	G	8	7959
31.333333333333332	0.5	nontarget	29	9400
31.333333333333332	0.5	M	14	9400
31.47	0.5	nontarget	29	9441
31.47	0.5	T	21	9441
31.61	0.5	nontarget	29	9483
31.61	0.5	X	25	9483
31.81	0.5	target	30	9543
31.81	0.5	S	20	9543
31.946666666666665	0.5	nontarget	29	9584
31.946666666666665	0.5	O	16	9584
32.083333333333336	0.5	nontarget	29	9625
32.083333333333336	0.5	R	19	9625
32.22	0.5	nontarget	29	9666
32.22	0.5	P	17	9666
32.35666666666667	0.5	nontarget	29	9707
32.35666666666667	0.5	B	3	9707
32.49	0.5	nontarget	29	9747
32.49	0.5	U	22	9747
32.626666666666665	0.5	nontarget	29	9788
32.626666666666665	0.5	A	2	9788
32.766666666666666	0.5	nontarget	29	9830
32.766666666666666	0.5	H	9	9830
32.9	0.5	nontarget	29	9870
32.9	0.5	G	8	9870
33.04	0.5	nontarget	29	9912
33.04	0.5	Z	27	9912
33.17666666666667	0.5	nontarget	29	9953
33.17666666666667	0.5	Y	26	9953
33.31	0.5	nontarget	29	9993
33.31	0.5	J	11	9993
33.446666666666665	0.5	nontarget	29	10034
33.446666666666665	0.5	F	7	10034
33.583333333333336	0.5	nontarget	29	10075
33.583333333333336	0.5	C	4	10075
33.72	0.5	nontarget	29	10116
33.72	0.5	L	13	10116
33.85666666666667	0.5	nontarget	29	10157
33.85666666666667	0.5	<	1	10157
33.99333333333333	0.5	nontarget	29	10198
33.99333333333333	0.5	N	15	10198
34.13	0.5	nontarget	29	10239
34.13	0.5	V	23	10239
34.266666666666666	0.5	nontarget	29	10280
34.266666666666666	0.5	K	12	10280
34.403333333333336	0.5	nontarget	29	10321
34.403333333333336	0.5	Q	18	10321
34.54	0.5	nontarget	29	10362
34.54	0.5	E	6	10362
34.67333333333333	0.5	nontarget	29	10402
34.67333333333333	0.5	D	5	10402
34.81	0.5	nontarget	29	10443
34.81	0.5	_	28	10443
34.943333333333335	0.5	nontarget	29	10483
34.943333333333335	0.5	I	10	10483
35.08	0.5	nontarget	29	10524
35.08	0.5	W	24	10524
39.88666666666666	0.5	target	30	11966
39.88666666666666	0.5	S	20	11966
40.02333333333333	0.5	nontarget	29	12007
40.02333333333333	0.5	C	4	12007
40.16	0.5	nontarget	29	12048
40.16	0.5	B	3	12048
40.29666666666667	0.5	nontarget	29	12089
40.29666666666667	0.5	U	22	12089
40.43	0.5	nontarget	29	12129
40.43	0.5	Y	26	12129
40.57	0.5	nontarget	29	12171
40.57	0.5	P	17	12171
40.70666666666666	0.5	nontarget	29	12212
40.70666666666666	0.5	F	7	12212
40.843333333333334	0.5	nontarget	29	12253
40.843333333333334	0.5	W	24	12253
40.97666666666667	0.5	nontarget	29	12293
40.97666666666667	0.5	T	21	12293
41.11333333333334	0.5	nontarget	29	12334
41.11333333333334	0.5	H	9	12334
41.25	0.5	nontarget	29	12375
41.25	0.5	V	23	12375
41.38666666666666	0.5	nontarget	29	12416
41.38666666666666	0.5	A	2	12416
41.52333333333333	0.5	nontarget	29	12457
41.52333333333333	0.5	D	5	12457
41.66	0.5	nontarget	29	12498
41.66	0.5	N	15	12498
41.79333333333334	0.5	nontarget	29	12538
41.79333333333334	0.5	J	11	12538
41.93	0.5	nontarget	29	12579
41.93	0.5	_	28	12579
42.06666666666667	0.5	nontarget	29	12620
42.06666666666667	0.5	Q	18	12620
42.20333333333333	0.5	nontarget	29	12661
42.20333333333333	0.5	R	19	12661
42.34	0.5	nontarget	29	12702
42.34	0.5	K	12	12702
42.473333333333336	0.5	nontarget	29	12742
42.473333333333336	0.5	X	25	12742
42.61	0.5	nontarget	29	12783
42.61	0.5	L	13	12783
42.74666666666667	0.5	nontarget	29	12824
42.74666666666667	0.5	O	16	12824
42.88333333333333	0.5	nontarget	29	12865
42.88333333333333	0.5	M	14	12865
43.02	0.5	nontarget	29	12906
43.02	0.5	I	10	12906
43.156666666666666	0.5	nontarget	29	12947
43.156666666666666	0.5	<	1	12947
43.29333333333334	0.5	nontarget	29	12988
43.29333333333334	0.5	G	8	12988
43.43	0.5	nontarget	29	13029
43.43	0.5	Z	27	13029
43.56333333333333	0.5	nontarget	29	13069
43.56333333333333	0.5	E	6	13069
48.37	0.5	nontarget	29	14511
48.37	0.5	A	2	14511
48.50666666666667	0.5	nontarget	29	14552
48.50666666666667	0.5	J	11	14552
48.64333333333333	0.5	target	30	14593
48.64333333333333	0.5	S	20	14593
48.78	0.5	nontarget	29	14634
48.78	0.5	D	5	14634
48.913333333333334	0.5	nontarget	29	14674
48.913333333333334	0.5	T	21	14674
49.05	0.5	nontarget	29	14715
49.05	0.5	V	23	14715
49.18666666666667	0.5	nontarget	29	14756
49.18666666666667	0.5	W	24	14756
49.32333333333333	0.5	nontarget	29	14797
49.32333333333333	0.5	O	16	14797
49.45666666666666	0.5	nontarget	29	14837
49.45666666666666	0.5	<	1	14837
49.596666666666664	0.5	nontarget	29	14879
49.596666666666664	0.5	Q	18	14879
49.73	0.5	nontarget	29	14919
49.73	0.5	N	15	14919
49.86666666666667	0.5	nontarget	29	14960
49.86666666666667	0.5	_	28	14960
50.00333333333333	0.5	nontarget	29	15001
50.00333333333333	0.5	L	13	15001
50.14	0.5	nontarget	29	15042
50.14	0.5	H	9	15042
50.27333333333333	0.5	nontarget	29	15082
50.27333333333333	0.5	U	22	15082
50.41	0.5	nontarget	29	15123
50.41	0.5	C	4	15123
50.54666666666667	0.5	nontarget	29	15164
50.54666666666667	0.5	F	7	15164
50.68	0.5	nontarget	29	15204
50.68	0.5	Y	26	15204
50.81666666666667	0.5	nontarget	29	15245
50.81666666666667	0.5	Z	27	15245
50.95333333333333	0.5	nontarget	29	15286
50.95333333333333	0.5	R	19	15286
51.09	0.5	nontarget	29	15327
51.09	0.5	B	3	15327
51.22666666666667	0.5	nontarget	29	15368
51.22666666666667	0.5	X	25	15368
51.36333333333334	0.5	nontarget	29	15409
51.36333333333334	0.5	P	17	15409
51.5	0.5	nontarget	29	15450
51.5	0.5	E	6	15450
51.63666666666666	0.5	nontarget	29	15491
51.63666666666666	0.5	K	12	15491
51.77	0.5	nontarget	29	15531
51.77	0.5	M	14	15531
51.906666666666666	0.5	nontarget	29	15572
51.906666666666666	0.5	G	8	15572
52.04333333333334	0.5	nontarget	29	15613
52.04333333333334	0.5	I	10	15613
56.85	0.5	nontarget	29	17055
56.85	0.5	V	23	17055
56.986666666666665	0.5	nontarget	29	17096
56.986666666666665	0.5	T	21	17096
57.126666666666665	0.5	nontarget	29	17138
57.126666666666665	0.5	I	10	17138
57.266666666666666	0.5	nontarget	29	17180
57.266666666666666	0.5	O	16	17180
57.403333333333336	0.5	nontarget	29	17221
57.403333333333336	0.5	C	4	17221
57.54	0.5	nontarget	29	17262
57.54	0.5	M	14	17262
57.67666666666667	0.5	nontarget	29	17303
57.67666666666667	0.5	L	13	17303
57.81333333333333	0.5	nontarget	29	17344
57.81333333333333	0.5	F	7	17344
57.95	0.5	nontarget	29	17385
57.95	0.5	Z	27	17385
58.086666666666666	0.5	nontarget	29	17426
58.086666666666666	0.5	W	24	17426
58.223333333333336	0.5	nontarget	29	17467
58.223333333333336	0.5	E	6	17467
58.35666666666667	0.5	nontarget	29	17507
58.35666666666667	0.5	G	8	17507
58.49333333333333	0.5	target	30	17548
58.49333333333333	0.5	S	20	17548
58.63	0.5	nontarget	29	17589
58.63	0.5	_	28	17589
58.766666666666666	0.5	nontarget	29	17630
58.766666666666666	0.5	N	15	17630
58.9	0.5	nontarget	29	17670
58.9	0.5	J	11	17670
59.03666666666667	0.5	nontarget	29	17711
59.03666666666667	0.5	B	3	17711
59.17333333333333	0.5	nontarget	29	17752
59.17333333333333	0.5	K	12	17752
59.31	0.5	nontarget	29	17793
59.31	0.5	P	17	17793
59.446666666666665	0.5	nontarget	29	17834
59.446666666666665	0.5	U	22	17834
59.583333333333336	0.5	nontarget	29	17875
59.583333333333336	0.5	D	5	17875
59.72	0.5	nontarget	29	17916
59.72	0.5	H	9	17916
59.85333333333333	0.5	nontarget	29	17956
59.85333333333333	0.5	<	1	17956
59.99	0.5	nontarget	29	17997
59.99	0.5	R	19	17997
60.126666666666665	0.5	nontarget	29	18038
60.126666666666665	0.5	A	2	18038
60.263333333333335	0.5	nontarget	29	18079
60.263333333333335	0.5	Y	26	18079
60.39666666666667	0.5	nontarget	29	18119
60.39666666666667	0.5	Q	18	18119
60.53333333333333	0.5	nontarget	29	18160
60.53333333333333	0.5	X	25	18160
67.34666666666666	0.5	nontarget	29	20204
67.34666666666666	0.5	D	5	20204
67.48333333333333	0.5	nontarget	29	20245
67.48333333333333	0.5	V	23	20245
67.62	0.5	nontarget	29	20286
67.62	0.5	L	13	20286
67.75333333333333	0.5	nontarget	29	20326
67.75333333333333	0.5	S	20	20326
67.89	0.5	nontarget	29	20367
67.89	0.5	Z	27	20367
68.03	0.5	nontarget	29	20409
68.03	0.5	W	24	20409
68.16666666666667	0.5	nontarget	29	20450
68.16666666666667	0.5	X	25	20450
68.3	0.5	nontarget	29	20490
68.3	0.5	A	2	20490
68.43666666666667	0.5	nontarget	29	20531
68.43666666666667	0.5	E	6	20531
68.57	0.5	nontarget	29	20571
68.57	0.5	H	9	20571
68.70666666666666	0.5	nontarget	29	20612
68.70666666666666	0.5	<	1	20612
68.84	0.5	nontarget	29	20652
68.84	0.5	F	7	20652
68.97666666666667	0.5	nontarget	29	20693
68.97666666666667	0.5	Q	18	20693
69.11333333333333	0.5	target	30	20734
69.11333333333333	0.5	T	21	20734
69.25	0.5	nontarget	29	20775
69.25	0.5	B	3	20775
69.38666666666667	0.5	nontarget	29	20816
69.38666666666667	0.5	I	10	20816
69.52333333333333	0.5	nontarget	29	20857
69.52333333333333	0.5	Y	26	20857
69.66	0.5	nontarget	29	20898
69.66	0.5	_	28	20898
69.79333333333334	0.5	nontarget	29	20938
69.79333333333334	0.5	U	22	20938
69.93333333333334	0.5	nontarget	29	20980
69.93333333333334	0.5	P	17	20980
70.07	0.5	nontarget	29	21021
70.07	0.5	J	11	21021
70.20666666666666	0.5	nontarget	29	21062
70.20666666666666	0.5	N	15	21062
70.34333333333333	0.5	nontarget	29	21103
70.34333333333333	0.5	C	4	21103
70.48	0.5	nontarget	29	21144
70.48	0.5	O	16	21144
70.61666666666666	0.5	nontarget	29	21185
70.61666666666666	0.5	G	8	21185
70.75333333333333	0.5	nontarget	29	21226
70.75333333333333	0.5	R	19	21226
70.89	0.5	nontarget	29	21267
70.89	0.5	K	12	21267
71.02666666666667	0.5	nontarget	29	21308
71.02666666666667	0.5	M	14	21308
75.84	0.5	nontarget	29	22752
75.84	0.5	M	14	22752
75.97333333333333	0.5	nontarget	29	22792
75.97333333333333	0.5	S	20	22792
76.11	0.5	nontarget	29	22833
76.11	0.5	K	12	22833
76.24666666666667	0.5	nontarget	29	22874
76.24666666666667	0.5	Z	27	22874
76.38	0.5	nontarget	29	22914
76.38	0.5	R	19	22914
76.51666666666667	0.5	nontarget	29	22955
76.51666666666667	0.5	P	17	22955
76.65333333333334	0.5	nontarget	29	22996
76.65333333333334	0.5	X	25	22996
76.79333333333334	0.5	nontarget	29	23038
76.79333333333334	0.5	C	4	23038
76.93	0.5	nontarget	29	23079
76.93	0.5	Y	26	23079
77.06333333333333	0.5	nontarget	29	23119
77.06333333333333	0.5	L	13	23119
77.2	0.5	nontarget	29	23160
77.2	0.5	_	28	23160
77.33333333333333	0.5	nontarget	29	23200
77.33333333333333	0.5	Q	18	23200
77.47	0.5	nontarget	29	23241
77.47	0.5	U	22	23241
77.60666666666667	0.5	nontarget	29	23282
77.60666666666667	0.5	<	1	23282
77.74333333333334	0.5	nontarget	29	23323
77.74333333333334	0.5	J	11	23323
77.88	0.5	nontarget	29	23364
77.88	0.5	E	6	23364
78.01333333333334	0.5	nontarget	29	23404
78.01333333333334	0.5	A	2	23404
78.15	0.5	nontarget	29	23445
78.15	0.5	G	8	23445
78.28666666666666	0.5	nontarget	29	23486
78.28666666666666	0.5	W	24	23486
78.42333333333333	0.5	nontarget	29	23527
78.42333333333333	0.5	H	9	23527
78.56	0.5	nontarget	29	23568
78.56	0.5	D	5	23568
78.69666666666667	0.5	nontarget	29	23609
78.69666666666667	0.5	N	15	23609
78.83333333333333	0.5	nontarget	29	23650
78.83333333333333	0.5	O	16	23650
78.96666666666667	0.5	nontarget	29	23690
78.96666666666667	0.5	V	23	23690
79.10333333333334	0.5	nontarget	29	23731
79.10333333333334	0.5	I	10	23731
79.24	0.5	target	30	23772
79.24	0.5	T	21	23772
79.37666666666667	0.5	nontarget	29	23813
79.37666666666667	0.5	F	7	23813
79.51333333333334	0.5	nontarget	29	23854
79.51333333333334	0.5	B	3	23854
84.32	0.5	nontarget	29	25296
84.32	0.5	D	5	25296
84.45666666666666	0.5	nontarget	29	25337
84.45666666666666	0.5	L	13	25337
84.59	0.5	nontarget	29	25377
84.59	0.5	W	24	25377
84.72666666666667	0.5	nontarget	29	25418
84.72666666666667	0.5	E	6	25418
84.86333333333333	0.5	nontarget	29	25459
84.86333333333333	0.5	N	15	25459
85.0	0.5	target	30	25500
85.0	0.5	T	21	25500
85.13333333333334	0.5	nontarget	29	25540
85.13333333333334	0.5	Q	18	25540
85.27666666666667	0.5	nontarget	29	25583
85.27666666666667	0.5	G	8	25583
85.41333333333333	0.5	nontarget	29	25624
85.41333333333333	0.5	J	11	25624
85.54666666666667	0.5	nontarget	29	25664
85.54666666666667	0.5	Z	27	25664
85.68333333333334	0.5	nontarget	29	25705
85.68333333333334	0.5	K	12	25705
85.82	0.5	nontarget	29	25746
85.82	0.5	F	7	25746
85.95666666666666	0.5	nontarget	29	25787
85.95666666666666	0.5	V	23	25787
86.09333333333333	0.5	nontarget	29	25828
86.09333333333333	0.5	P	17	25828
86.23	0.5	nontarget	29	25869
86.23	0.5	_	28	25869
86.36666666666666	0.5	nontarget	29	25910
86.36666666666666	0.5	U	22	25910
86.50333333333333	0.5	nontarget	29	25951
86.50333333333333	0.5	<	1	25951
86.63666666666667	0.5	nontarget	29	25991
86.63666666666667	0.5	Y	26	25991
86.77333333333333	0.5	nontarget	29	26032
86.77333333333333	0.5	A	2	26032
86.90666666666667	0.5	nontarget	29	26072
86.90666666666667	0.5	M	14	26072
87.04666666666667	0.5	nontarget	29	26114
87.04666666666667	0.5	S	20	26114
87.18333333333334	0.5	nontarget	29	26155
87.18333333333334	0.5	C	4	26155
87.32	0.5	nontarget	29	26196
87.32	0.5	O	16	26196
87.45333333333333	0.5	nontarget	29	26236
87.45333333333333	0.5	X	25	26236
87.59	0.5	nontarget	29	26277
87.59	0.5	H	9	26277
87.72666666666667	0.5	nontarget	29	26318
87.72666666666667	0.5	B	3	26318
87.86	0.5	nontarget	29	26358
87.86	0.5	I	10	26358
87.99666666666667	0.5	nontarget	29	26399
87.99666666666667	0.5	R	19	26399
92.80666666666667	0.5	nontarget	29	27842
92.80666666666667	0.5	_	28	27842
92.94333333333333	0.5	nontarget	29	27883
92.94333333333333	0.5	K	12	27883
93.08	0.5	nontarget	29	27924
93.08	0.5	X	25	27924
93.21333333333334	0.5	nontarget	29	27964
93.21333333333334	0.5	I	10	27964
93.35	0.5	nontarget	29	28005
93.35	0.5	<	1	28005
93.48666666666666	0.5	nontarget	29	28046
93.48666666666666	0.5	C	4	28046
93.62	0.5	nontarget	29	28086
93.62	0.5	R	19	28086
93.75666666666666	0.5	nontarget	29	28127
93.75666666666666	0.5	J	11	28127
93.89333333333333	0.5	nontarget	29	28168
93.89333333333333	0.5	B	3	28168
94.03	0.5	nontarget	29	28209
94.03	0.5	O	16	28209
94.16666666666667	0.5	nontarget	29	28250
94.16666666666667	0.5	L	13	28250
94.30333333333333	0.5	target	30	28291
94.30333333333333	0.5	T	21	28291
94.44	0.5	nontarget	29	28332
94.44	0.5	W	24	28332
94.57333333333334	0.5	nontarget	29	28372
94.57333333333334	0.5	V	23	28372
94.71	0.5	nontarget	29	28413
94.71	0.5	D	5	28413
94.84666666666666	0.5	nontarget	29	28454
94.84666666666666	0.5	Q	18	28454
94.98333333333333	0.5	nontarget	29	28495
94.98333333333333	0.5	G	8	28495
95.12	0.5	nontarget	29	28536
95.12	0.5	F	7	28536
95.26	0.5	nontarget	29	28578
95.26	0.5	E	6	28578
95.39333333333333	0.5	nontarget	29	28618
95.39333333333333	0.5	H	9	28618
95.53	0.5	nontarget	29	28659
95.53	0.5	P	17	28659
95.66666666666667	0.5	nontarget	29	28700
95.66666666666667	0.5	Y	26	28700
95.80333333333333	0.5	nontarget	29	28741
95.80333333333333	0.5	M	14	28741
95.94	0.5	nontarget	29	28782
95.94	0.5	A	2	28782
96.07666666666667	0.5	nontarget	29	28823
96.07666666666667	0.5	S	20	28823
96.21333333333334	0.5	nontarget	29	28864
96.21333333333334	0.5	Z	27	28864
96.35333333333334	0.5	nontarget	29	28906
96.35333333333334	0.5	U	22	28906
96.48666666666666	0.5	nontarget	29	28946
96.48666666666666	0.5	N	15	28946
101.29666666666667	0.5	nontarget	29	30389
101.29666666666667	0.5	C	4	30389
101.43333333333334	0.5	nontarget	29	30430
101.43333333333334	0.5	I	10	30430
101.57	0.5	nontarget	29	30471
101.57	0.5	M	14	30471
101.70666666666666	0.5	nontarget	29	30512
101.70666666666666	0.5	<	1	30512
101.84	0.5	nontarget	29	30552
101.84	0.5	O	16	30552
101.97666666666667	0.5	nontarget	29	30593
101.97666666666667	0.5	Y	26	30593
102.11333333333333	0.5	nontarget	29	30634
102.11333333333333	0.5	K	12	30634
102.25	0.5	target	30	30675
102.25	0.5	T	21	30675
102.38666666666667	0.5	nontarget	29	30716
102.38666666666667	0.5	A	2	30716
102.52333333333333	0.5	nontarget	29	30757
102.52333333333333	0.5	R	19	30757
102.66	0.5	nontarget	29	30798
102.66	0.5	G	8	30798
102.79666666666667	0.5	nontarget	29	30839
102.79666666666667	0.5	V	23	30839
102.93	0.5	nontarget	29	30879
102.93	0.5	D	5	30879
103.13333333333334	0.5	nontarget	29	30940
103.13333333333334	0.5	F	7	30940
103.27	0.5	nontarget	29	30981
103.27	0.5	B	3	30981
103.40666666666667	0.5	nontarget	29	31022
103.40666666666667	0.5	W	24	31022
103.54666666666667	0.5	nontarget	29	31064
103.54666666666667	0.5	U	22	31064
103.68	0.5	nontarget	29	31104
103.68	0.5	P	17	31104
103.81666666666666	0.5	nontarget	29	31145
103.81666666666666	0.5	J	11	31145
103.95333333333333	0.5	nontarget	29	31186
103.95333333333333	0.5	S	20	31186
104.08666666666667	0.5	nontarget	29	31226
104.08666666666667	0.5	Q	18	31226
104.22333333333333	0.5	nontarget	29	31267
104.22333333333333	0.5	Z	27	31267
104.36	0.5	nontarget	29	31308
104.36	0.5	H	9	31308
104.49666666666667	0.5	nontarget	29	31349
104.49666666666667	0.5	X	25	31349
104.63333333333334	0.5	nontarget	29	31390
104.63333333333334	0.5	N	15	31390
104.76666666666667	0.5	nontarget	29	31430
104.76666666666667	0.5	E	6	31430
104.90333333333334	0.5	nontarget	29	31471
104.90333333333334	0.5	_	28	31471
105.04	0.5	nontarget	29	31512
105.04	0.5	L	13	31512
109.84666666666666	0.5	nontarget	29	32954
109.84666666666666	0.5	P	17	32954
109.98333333333333	0.5	nontarget	29	32995
109.98333333333333	0.5	<	1	32995
110.12	0.5	nontarget	29	33036
110.12	0.5	D	5	33036
110.25666666666666	0.5	nontarget	29	33077
110.25666666666666	0.5	Z	27	33077
110.39333333333333	0.5	nontarget	29	33118
110.39333333333333	0.5	_	28	33118
110.53	0.5	nontarget	29	33159
110.53	0.5	H	9	33159
110.66666666666667	0.5	nontarget	29	33200
110.66666666666667	0.5	U	22	33200
110.80333333333333	0.5	nontarget	29	33241
110.80333333333333	0.5	C	4	33241
110.93666666666667	0.5	nontarget	29	33281
110.93666666666667	0.5	R	19	33281
111.07333333333334	0.5	nontarget	29	33322
111.07333333333334	0.5	S	20	33322
111.21333333333334	0.5	nontarget	29	33364
111.21333333333334	0.5	Q	18	33364
111.35	0.5	nontarget	29	33405
111.35	0.5	Y	26	33405
111.48666666666666	0.5	nontarget	29	33446
111.48666666666666	0.5	N	15	33446
111.62333333333333	0.5	nontarget	29	33487
111.62333333333333	0.5	I	10	33487
111.75666666666666	0.5	nontarget	29	33527
111.75666666666666	0.5	L	13	33527
111.89333333333333	0.5	nontarget	29	33568
111.89333333333333	0.5	V	23	33568
112.03	0.5	nontarget	29	33609
112.03	0.5	J	11	33609
112.16333333333333	0.5	nontarget	29	33649
112.16333333333333	0.5	E	6	33649
112.3	0.5	target	30	33690
112.3	0.5	T	21	33690
112.43666666666667	0.5	nontarget	29	33731
112.43666666666667	0.5	K	12	33731
112.57333333333334	0.5	nontarget	29	33772
112.57333333333334	0.5	B	3	33772
112.71	0.5	nontarget	29	33813
112.71	0.5	X	25	33813
112.84666666666666	0.5	nontarget	29	33854
112.84666666666666	0.5	M	14	33854
112.98333333333333	0.5	nontarget	29	33895
112.98333333333333	0.5	G	8	33895
113.12	0.5	nontarget	29	33936
113.12	0.5	A	2	33936
113.26	0.5	nontarget	29	33978
113.26	0.5	W	24	33978
113.39333333333333	0.5	nontarget	29	34018
113.39333333333333	0.5	F	7	34018
113.53333333333333	0.5	nontarget	29	34060
113.53333333333333	0.5	O	16	34060
120.35	0.5	nontarget	29	36105
120.35	0.5	D	5	36105
120.48666666666666	0.5	nontarget	29	36146
120.48666666666666	0.5	E	6	36146
120.62	0.5	nontarget	29	36186
120.62	0.5	Q	18	36186
120.75666666666666	0.5	nontarget	29	36227
120.75666666666666	0.5	_	28	36227
120.89333333333333	0.5	nontarget	29	36268
120.89333333333333	0.5	R	19	36268
121.03	0.5	nontarget	29	36309
121.03	0.5	F	7	36309
121.16333333333333	0.5	nontarget	29	36349
121.16333333333333	0.5	Z	27	36349
121.3	0.5	nontarget	29	36390
121.3	0.5	I	10	36390
121.44	0.5	nontarget	29	36432
121.44	0.5	X	25	36432
121.57333333333334	0.5	nontarget	29	36472
121.57333333333334	0.5	K	12	36472
121.71	0.5	nontarget	29	36513
121.71	0.5	N	15	36513
121.85	0.5	nontarget	29	36555
121.85	0.5	J	11	36555
121.98333333333333	0.5	nontarget	29	36595
121.98333333333333	0.5	M	14	36595
122.12	0.5	nontarget	29	36636
122.12	0.5	B	3	36636
122.26	0.5	nontarget	29	36678
122.26	0.5	S	20	36678
122.39666666666666	0.5	target	30	36719
122.39666666666666	0.5	<	1	36719
122.53333333333333	0.5	nontarget	29	36760
122.53333333333333	0.5	C	4	36760
122.67	0.5	nontarget	29	36801
122.67	0.5	V	23	36801
122.80666666666667	0.5	nontarget	29	36842
122.80666666666667	0.5	U	22	36842
122.94	0.5	nontarget	29	36882
122.94	0.5	Y	26	36882
123.08	0.5	nontarget	29	36924
123.08	0.5	T	21	36924
123.21666666666667	0.5	nontarget	29	36965
123.21666666666667	0.5	W	24	36965
123.35333333333334	0.5	nontarget	29	37006
123.35333333333334	0.5	H	9	37006
123.49	0.5	nontarget	29	37047
123.49	0.5	O	16	37047
123.62666666666667	0.5	nontarget	29	37088
123.62666666666667	0.5	G	8	37088
123.76333333333334	0.5	nontarget	29	37129
123.76333333333334	0.5	A	2	37129
123.9	0.5	nontarget	29	37170
123.9	0.5	P	17	37170
124.03666666666666	0.5	nontarget	29	37211
124.03666666666666	0.5	L	13	37211
128.86666666666667	0.5	nontarget	29	38660
128.86666666666667	0.5	W	24	38660
129.00333333333333	0.5	nontarget	29	38701
129.00333333333333	0.5	A	2	38701
129.14	0.5	nontarget	29	38742
129.14	0.5	D	5	38742
129.27666666666667	0.5	nontarget	29	38783
129.27666666666667	0.5	H	9	38783
129.41333333333333	0.5	nontarget	29	38824
129.41333333333333	0.5	M	14	38824
129.54666666666665	0.5	nontarget	29	38864
129.54666666666665	0.5	Z	27	38864
129.68333333333334	0.5	nontarget	29	38905
129.68333333333334	0.5	J	11	38905
129.82	0.5	nontarget	29	38946
129.82	0.5	B	3	38946
129.95666666666668	0.5	nontarget	29	38987
129.95666666666668	0.5	T	21	38987
130.09333333333333	0.5	nontarget	29	39028
130.09333333333333	0.5	I	10	39028
130.23	0.5	nontarget	29	39069
130.23	0.5	Q	18	39069
130.36666666666667	0.5	nontarget	29	39110
130.36666666666667	0.5	K	12	39110
130.50333333333333	0.5	nontarget	29	39151
130.50333333333333	0.5	X	25	39151
130.64	0.5	nontarget	29	39192
130.64	0.5	S	20	39192
130.77666666666667	0.5	nontarget	29	39233
130.77666666666667	0.5	R	19	39233
130.91333333333333	0.5	nontarget	29	39274
130.91333333333333	0.5	F	7	39274
131.05	0.5	nontarget	29	39315
131.05	0.5	U	22	39315
131.18333333333334	0.5	nontarget	29	39355
131.18333333333334	0.5	G	8	39355
131.32333333333332	0.5	target	30	39397
131.32333333333332	0.5	<	1	39397
131.46	0.5	nontarget	29	39438
131.46	0.5	L	13	39438
131.59666666666666	0.5	nontarget	29	39479
131.59666666666666	0.5	E	6	39479
131.73333333333332	0.5	nontarget	29	39520
131.73333333333332	0.5	Y	26	39520
131.87	0.5	nontarget	29	39561
131.87	0.5	V	23	39561
132.00666666666666	0.5	nontarget	29	39602
132.00666666666666	0.5	P	17	39602
132.14333333333335	0.5	nontarget	29	39643
132.14333333333335	0.5	_	28	39643
132.28	0.5	nontarget	29	39684
132.28	0.5	O	16	39684
132.41666666666666	0.5	nontarget	29	39725
132.41666666666666	0.5	C	4	39725
132.55333333333334	0.5	nontarget	29	39766
132.55333333333334	0.5	N	15	39766
137.36333333333334	0.5	nontarget	29	41209
137.36333333333334	0.5	D	5	41209
137.5	0.5	nontarget	29	41250
137.5	0.5	A	2	41250
137.63666666666666	0.5	nontarget	29	41291
137.63666666666666	0.5	R	19	41291
137.77333333333334	0.5	nontarget	29	41332
137.77333333333334	0.5	P	17	41332
137.91	0.5	nontarget	29	41373
137.91	0.5	V	23	41373
138.04333333333332	0.5	nontarget	29	41413
138.04333333333332	0.5	U	22	41413
138.18	0.5	nontarget	29	41454
138.18	0.5	T	21	41454
138.31666666666666	0.5	nontarget	29	41495
138.31666666666666	0.5	B	3	41495
138.45333333333335	0.5	nontarget	29	41536
138.45333333333335	0.5	I	10	41536
138.59	0.5	nontarget	29	41577
138.59	0.5	Y	26	41577
138.72666666666666	0.5	nontarget	29	41618
138.72666666666666	0.5	J	11	41618
138.86333333333334	0.5	nontarget	29	41659
138.86333333333334	0.5	L	13	41659
138.99666666666667	0.5	nontarget	29	41699
138.99666666666667	0.5	W	24	41699
139.13333333333333	0.5	nontarget	29	41740
139.13333333333333	0.5	Q	18	41740
139.27	0.5	nontarget	29	41781
139.27	0.5	M	14	41781
139.40666666666667	0.5	nontarget	29	41822
139.40666666666667	0.5	H	9	41822
139.54333333333332	0.5	nontarget	29	41863
139.54333333333332	0.5	K	12	41863
139.68	0.5	target	30	41904
139.68	0.5	<	1	41904
139.81666666666666	0.5	nontarget	29	41945
139.81666666666666	0.5	F	7	41945
139.95333333333335	0.5	nontarget	29	41986
139.95333333333335	0.5	_	28	41986
140.08666666666667	0.5	nontarget	29	42026
140.08666666666667	0.5	E	6	42026
140.22666666666666	0.5	nontarget	29	42068
140.22666666666666	0.5	Z	27	42068
140.36333333333334	0.5	nontarget	29	42109
140.36333333333334	0.5	G	8	42109
140.49666666666667	0.5	nontarget	29	42149
140.49666666666667	0.5	O	16	42149
140.63333333333333	0.5	nontarget	29	42190
140.63333333333333	0.5	X	25	42190
140.77	0.5	nontarget	29	42231
140.77	0.5	C	4	42231
140.90666666666667	0.5	nontarget	29	42272
140.90666666666667	0.5	S	20	42272
141.04333333333332	0.5	nontarget	29	42313
141.04333333333332	0.5	N	15	42313
145.85333333333332	0.5	target	30	43756
145.85333333333332	0.5	<	1	43756
145.99	0.5	nontarget	29	43797
145.99	0.5	M	14	43797
146.12666666666667	0.5	nontarget	29	43838
146.12666666666667	0.5	V	23	43838
146.26666666666668	0.5	nontarget	29	43880
146.26666666666668	0.5	Z	27	43880
146.40333333333334	0.5	nontarget	29	43921
146.40333333333334	0.5	H	9	43921
146.53666666666666	0.5	nontarget	29	43961
146.53666666666666	0.5	K	12	43961
146.67333333333335	0.5	nontarget	29	44002
146.67333333333335	0.5	L	13	44002
146.81	0.5	nontarget	29	44043
146.81	0.5	U	22	44043
146.94666666666666	0.5	nontarget	29	44084
146.94666666666666	0.5	E	6	44084
147.08333333333334	0.5	nontarget	29	44125
147.08333333333334	0.5	_	28	44125
147.22	0.5	nontarget	29	44166
147.22	0.5	O	16	44166
147.36	0.5	nontarget	29	44208
147.36	0.5	C	4	44208
147.49333333333334	0.5	nontarget	29	44248
147.49333333333334	0.5	X	25	44248
147.63333333333333	0.5	nontarget	29	44290
147.63333333333333	0.5	J	11	44290
147.77	0.5	nontarget	29	44331
147.77	0.5	D	5	44331
147.90666666666667	0.5	nontarget	29	44372
147.90666666666667	0.5	I	10	44372
148.04333333333332	0.5	nontarget	29	44413
148.04333333333332	0.5	A	2	44413
148.18	0.5	nontarget	29	44454
148.18	0.5	P	17	44454
148.31666666666666	0.5	nontarget	29	44495
148.31666666666666	0.5	Q	18	44495
148.45333333333335	0.5	nontarget	29	44536
148.45333333333335	0.5	R	19	44536
148.59	0.5	nontarget	29	44577
148.59	0.5	T	21	44577
148.72333333333333	0.5	nontarget	29	44617
148.72333333333333	0.5	W	24	44617
148.86	0.5	nontarget	29	44658
148.86	0.5	F	7	44658
148.99666666666667	0.5	nontarget	29	44699
148.99666666666667	0.5	N	15	44699
149.13333333333333	0.5	nontarget	29	44740
149.13333333333333	0.5	S	20	44740
149.27333333333334	0.5	nontarget	29	44782
149.27333333333334	0.5	B	3	44782
149.40666666666667	0.5	nontarget	29	44822
149.40666666666667	0.5	Y	26	44822
149.54333333333332	0.5	nontarget	29	44863
149.54333333333332	0.5	G	8	44863
154.35333333333332	0.5	nontarget	29	46306
154.35333333333332	0.5	V	23	46306
154.48666666666668	0.5	nontarget	29	46346
154.48666666666668	0.5	P	17	46346
154.62333333333333	0.5	nontarget	29	46387
154.62333333333333	0.5	U	22	46387
154.76	0.5	nontarget	29	46428
154.76	0.5	M	14	46428
154.89666666666668	0.5	nontarget	29	46469
154.89666666666668	0.5	Y	26	46469
155.03333333333333	0.5	nontarget	29	46510
155.03333333333333	0.5	A	2	46510
155.17	0.5	nontarget	29	46551
155.17	0.5	N	15	46551
155.30666666666667	0.5	nontarget	29	46592
155.30666666666667	0.5	R	19	46592
155.44333333333333	0.5	nontarget	29	46633
155.44333333333333	0.5	L	13	46633
155.58	0.5	nontarget	29	46674
155.58	0.5	F	7	46674
155.71666666666667	0.5	nontarget	29	46715
155.71666666666667	0.5	S	20	46715
155.85333333333332	0.5	nontarget	29	46756
155.85333333333332	0.5	O	16	46756
155.99	0.5	nontarget	29	46797
155.99	0.5	E	6	46797
156.12666666666667	0.5	nontarget	29	46838
156.12666666666667	0.5	K	12	46838
156.26333333333332	0.5	nontarget	29	46879
156.26333333333332	0.5	C	4	46879
156.39666666666668	0.5	nontarget	29	46919
156.39666666666668	0.5	B	3	46919
156.53333333333333	0.5	nontarget	29	46960
156.53333333333333	0.5	T	21	46960
156.67	0.5	nontarget	29	47001
156.67	0.5	G	8	47001
156.80666666666667	0.5	target	30	47042
156.80666666666667	0.5	<	1	47042
156.94333333333333	0.5	nontarget	29	47083
156.94333333333333	0.5	W	24	47083
157.08	0.5	nontarget	29	47124
157.08	0.5	D	5	47124
157.21666666666667	0.5	nontarget	29	47165
157.21666666666667	0.5	J	11	47165
157.35666666666665	0.5	nontarget	29	47207
157.35666666666665	0.5	Z	27	47207
157.49	0.5	nontarget	29	47247
157.49	0.5	_	28	47247
157.62666666666667	0.5	nontarget	29	47288
157.62666666666667	0.5	I	10	47288
157.76333333333332	0.5	nontarget	29	47329
157.76333333333332	0.5	Q	18	47329
157.9	0.5	nontarget	29	47370
157.9	0.5	X	25	47370
158.03666666666666	0.5	nontarget	29	47411
158.03666666666666	0.5	H	9	47411
162.84666666666666	0.5	nontarget	29	48854
162.84666666666666	0.5	Q	18	48854
162.98333333333332	0.5	nontarget	29	48895
162.98333333333332	0.5	H	9	48895
163.11666666666667	0.5	nontarget	29	48935
163.11666666666667	0.5	U	22	48935
163.25333333333333	0.5	nontarget	29	48976
163.25333333333333	0.5	S	20	48976
163.39333333333335	0.5	nontarget	29	49018
163.39333333333335	0.5	D	5	49018
163.53	0.5	nontarget	29	49059
163.53	0.5	T	21	49059
163.66666666666666	0.5	nontarget	29	49100
163.66666666666666	0.5	_	28	49100
163.80333333333334	0.5	nontarget	29	49141
163.80333333333334	0.5	E	6	49141
163.94	0.5	nontarget	29	49182
163.94	0.5	F	7	49182
164.07333333333332	0.5	nontarget	29	49222
164.07333333333332	0.5	C	4	49222
164.21	0.5	target	30	49263
164.21	0.5	<	1	49263
164.34666666666666	0.5	nontarget	29	49304
164.34666666666666	0.5	O	16	49304
164.48333333333332	0.5	nontarget	29	49345
164.48333333333332	0.5	G	8	49345
164.62	0.5	nontarget	29	49386
164.62	0.5	W	24	49386
164.75666666666666	0.5	nontarget	29	49427
164.75666666666666	0.5	A	2	49427
164.89333333333335	0.5	nontarget	29	49468
164.89333333333335	0.5	B	3	49468
165.03	0.5	nontarget	29	49509
165.03	0.5	L	13	49509
165.16666666666666	0.5	nontarget	29	49550
165.16666666666666	0.5	R	19	49550
165.3	0.5	nontarget	29	49590
165.3	0.5	N	15	49590
165.44	0.5	nontarget	29	49632
165.44	0.5	J	11	49632
165.57666666666665	0.5	nontarget	29	49673
165.57666666666665	0.5	X	25	49673
165.71333333333334	0.5	nontarget	29	49714
165.71333333333334	0.5	M	14	49714
165.84666666666666	0.5	nontarget	29	49754
165.84666666666666	0.5	P	17	49754
165.98333333333332	0.5	nontarget	29	49795
165.98333333333332	0.5	I	10	49795
166.12	0.5	nontarget	29	49836
166.12	0.5	Y	26	49836
166.25666666666666	0.5	nontarget	29	49877
166.25666666666666	0.5	Z	27	49877
166.39333333333335	0.5	nontarget	29	49918
166.39333333333335	0.5	K	12	49918
166.53	0.5	nontarget	29	49959
166.53	0.5	V	23	49959
173.35	0.5	nontarget	29	52005
173.35	0.5	J	11	52005
173.48666666666668	0.5	nontarget	29	52046
173.48666666666668	0.5	U	22	52046
173.62333333333333	0.5	nontarget	29	52087
173.62333333333333	0.5	H	9	52087
173.76	0.5	nontarget	29	52128
173.76	0.5	L	13	52128
173.89666666666668	0.5	nontarget	29	52169
173.89666666666668	0.5	D	5	52169
174.03333333333333	0.5	nontarget	29	52210
174.03333333333333	0.5	C	4	52210
174.17	0.5	nontarget	29	52251
174.17	0.5	B	3	52251
174.30666666666667	0.5	nontarget	29	52292
174.30666666666667	0.5	S	20	52292
174.44333333333333	0.5	nontarget	29	52333
174.44333333333333	0.5	V	23	52333
174.57666666666665	0.5	nontarget	29	52373
174.57666666666665	0.5	N	15	52373
174.71333333333334	0.5	nontarget	29	52414
174.71333333333334	0.5	Y	26	52414
174.85	0.5	nontarget	29	52455
174.85	0.5	I	10	52455
174.98666666666668	0.5	nontarget	29	52496
174.98666666666668	0.5	A	2	52496
175.12333333333333	0.5	nontarget	29	52537
175.12333333333333	0.5	E	6	52537
175.26	0.5	nontarget	29	52578
175.26	0.5	R	19	52578
175.39666666666668	0.5	nontarget	29	52619
175.39666666666668	0.5	Q	18	52619
175.53333333333333	0.5	nontarget	29	52660
175.53333333333333	0.5	O	16	52660
175.67	0.5	nontarget	29	52701
175.67	0.5	F	7	52701
175.80333333333334	0.5	nontarget	29	52741
175.80333333333334	0.5	Z	27	52741
175.94	0.5	nontarget	29	52782
175.94	0.5	K	12	52782
176.07666666666665	0.5	target	30	52823
176.07666666666665	0.5	<	1	52823
176.28	0.5	nontarget	29	52884
176.28	0.5	M	14	52884
176.41666666666666	0.5	nontarget	29	52925
176.41666666666666	0.5	P	17	52925
176.55333333333334	0.5	nontarget	29	52966
176.55333333333334	0.5	W	24	52966
176.69	0.5	nontarget	29	53007
176.69	0.5	_	28	53007
176.82666666666665	0.5	nontarget	29	53048
176.82666666666665	0.5	X	25	53048
176.96333333333334	0.5	nontarget	29	53089
176.96333333333334	0.5	T	21	53089
177.09666666666666	0.5	nontarget	29	53129
177.09666666666666	0.5	G	8	53129
181.91	0.5	nontarget	29	54573
181.91	0.5	U	22	54573
182.04666666666665	0.5	nontarget	29	54614
182.04666666666665	0.5	E	6	54614
182.18	0.5	nontarget	29	54654
182.18	0.5	Q	18	54654
182.31666666666666	0.5	nontarget	29	54695
182.31666666666666	0.5	X	25	54695
182.45333333333335	0.5	nontarget	29	54736
182.45333333333335	0.5	Y	26	54736
182.59	0.5	nontarget	29	54777
182.59	0.5	R	19	54777
182.72666666666666	0.5	nontarget	29	54818
182.72666666666666	0.5	H	9	54818
182.86333333333334	0.5	nontarget	29	54859
182.86333333333334	0.5	S	20	54859
183.0	0.5	nontarget	29	54900
183.0	0.5	L	13	54900
183.13666666666666	0.5	nontarget	29	54941
183.13666666666666	0.5	I	10	54941
183.27333333333334	0.5	nontarget	29	54982
183.27333333333334	0.5	F	7	54982
183.41	0.5	nontarget	29	55023
183.41	0.5	V	23	55023
183.54333333333332	0.5	nontarget	29	55063
183.54333333333332	0.5	D	5	55063
183.68	0.5	nontarget	29	55104
183.68	0.5	G	8	55104
183.81666666666666	0.5	nontarget	29	55145
183.81666666666666	0.5	N	15	55145
183.95333333333335	0.5	nontarget	29	55186
183.95333333333335	0.5	_	28	55186
184.09	0.5	target	30	55227
184.09	0.5	<	1	55227
184.22333333333333	0.5	nontarget	29	55267
184.22333333333333	0.5	M	14	55267
184.36	0.5	nontarget	29	55308
184.36	0.5	K	12	55308
184.49666666666667	0.5	nontarget	29	55349
184.49666666666667	0.5	A	2	55349
184.63333333333333	0.5	nontarget	29	55390
184.63333333333333	0.5	B	3	55390
184.77	0.5	nontarget	29	55431
184.77	0.5	P	17	55431
184.90666666666667	0.5	nontarget	29	55472
184.90666666666667	0.5	Z	27	55472
185.04333333333332	0.5	nontarget	29	55513
185.04333333333332	0.5	T	21	55513
185.18	0.5	nontarget	29	55554
185.18	0.5	O	16	55554
185.31666666666666	0.5	nontarget	29	55595
185.31666666666666	0.5	W	24	55595
185.45333333333335	0.5	nontarget	29	55636
185.45333333333335	0.5	C	4	55636
185.58666666666667	0.5	nontarget	29	55676
185.58666666666667	0.5	J	11	55676
190.39666666666668	0.5	nontarget	29	57119
190.39666666666668	0.5	B	3	57119
190.53333333333333	0.5	nontarget	29	57160
190.53333333333333	0.5	R	19	57160
190.66666666666666	0.5	nontarget	29	57200
190.66666666666666	0.5	Y	26	57200
190.80333333333334	0.5	nontarget	29	57241
190.80333333333334	0.5	M	14	57241
190.94	0.5	nontarget	29	57282
190.94	0.5	C	4	57282
191.07666666666665	0.5	nontarget	29	57323
191.07666666666665	0.5	A	2	57323
191.21333333333334	0.5	nontarget	29	57364
191.21333333333334	0.5	X	25	57364
191.35	0.5	nontarget	29	57405
191.35	0.5	G	8	57405
191.48666666666668	0.5	nontarget	29	57446
191.48666666666668	0.5	F	7	57446
191.62333333333333	0.5	nontarget	29	57487
191.62333333333333	0.5	U	22	57487
191.76	0.5	nontarget	29	57528
191.76	0.5	S	20	57528
191.89666666666668	0.5	target	30	57569
191.89666666666668	0.5	<	1	57569
192.03333333333333	0.5	nontarget	29	57610
192.03333333333333	0.5	L	13	57610
192.17	0.5	nontarget	29	57651
192.17	0.5	D	5	57651
192.30666666666667	0.5	nontarget	29	57692
192.30666666666667	0.5	J	11	57692
192.44333333333333	0.5	nontarget	29	57733
192.44333333333333	0.5	H	9	57733
192.58	0.5	nontarget	29	57774
192.58	0.5	T	21	57774
192.71666666666667	0.5	nontarget	29	57815
192.71666666666667	0.5	P	17	57815
192.85333333333332	0.5	nontarget	29	57856
192.85333333333332	0.5	K	12	57856
192.98666666666668	0.5	nontarget	29	57896
192.98666666666668	0.5	N	15	57896
193.12333333333333	0.5	nontarget	29	57937
193.12333333333333	0.5	O	16	57937
193.26	0.5	nontarget	29	57978
193.26	0.5	W	24	57978
193.39666666666668	0.5	nontarget	29	58019
193.39666666666668	0.5	Z	27	58019
193.53333333333333	0.5	nontarget	29	58060
193.53333333333333	0.5	V	23	58060
193.67333333333335	0.5	nontarget	29	58102
193.67333333333335	0.5	E	6	58102
193.81	0.5	nontarget	29	58143
193.81	0.5	_	28	58143
193.94333333333333	0.5	nontarget	29	58183
193.94333333333333	0.5	I	10	58183
194.08	0.5	nontarget	29	58224
194.08	0.5	Q	18	58224
198.89333333333335	0.5	nontarget	29	59668
198.89333333333335	0.5	T	21	59668
199.02666666666667	0.5	nontarget	29	59708
199.02666666666667	0.5	_	28	59708
199.16333333333333	0.5	nontarget	29	59749
199.16333333333333	0.5	W	24	59749
199.29666666666665	0.5	nontarget	29	59789
199.29666666666665	0.5	V	23	59789
199.43333333333334	0.5	nontarget	29	59830
199.43333333333334	0.5	D	5	59830
199.57	0.5	nontarget	29	59871
199.57	0.5	Y	26	59871
199.70666666666668	0.5	nontarget	29	59912
199.70666666666668	0.5	R	19	59912
199.84	0.5	target	30	59952
199.84	0.5	<	1	59952
199.97666666666666	0.5	nontarget	29	59993
199.97666666666666	0.5	U	22	59993
200.11333333333334	0.5	nontarget	29	60034
200.11333333333334	0.5	C	4	60034
200.25	0.5	nontarget	29	60075
200.25	0.5	N	15	60075
200.38666666666666	0.5	nontarget	29	60116
200.38666666666666	0.5	S	20	60116
200.52333333333334	0.5	nontarget	29	60157
200.52333333333334	0.5	P	17	60157
200.66	0.5	nontarget	29	60198
200.66	0.5	J	11	60198
200.79666666666665	0.5	nontarget	29	60239
200.79666666666665	0.5	A	2	60239
200.93333333333334	0.5	nontarget	29	60280
200.93333333333334	0.5	Z	27	60280
201.07	0.5	nontarget	29	60321
201.07	0.5	X	25	60321
201.20333333333335	0.5	nontarget	29	60361
201.20333333333335	0.5	E	6	60361
201.34	0.5	nontarget	29	60402
201.34	0.5	H	9	60402
201.47666666666666	0.5	nontarget	29	60443
201.47666666666666	0.5	K	12	60443
201.61	0.5	nontarget	29	60483
201.61	0.5	G	8	60483
201.74666666666667	0.5	nontarget	29	60524
201.74666666666667	0.5	B	3	60524
201.88333333333333	0.5	nontarget	29	60565
201.88333333333333	0.5	M	14	60565
202.02	0.5	nontarget	29	60606
202.02	0.5	I	10	60606
202.15333333333334	0.5	nontarget	29	60646
202.15333333333334	0.5	O	16	60646
202.29	0.5	nontarget	29	60687
202.29	0.5	F	7	60687
202.43	0.5	nontarget	29	60729
202.43	0.5	L	13	60729
202.56333333333333	0.5	nontarget	29	60769
202.56333333333333	0.5	Q	18	60769
207.38	0.5	nontarget	29	62214
207.38	0.5	F	7	62214
207.51666666666668	0.5	nontarget	29	62255
207.51666666666668	0.5	P	17	62255
207.65333333333334	0.5	nontarget	29	62296
207.65333333333334	0.5	Y	26	62296
207.79	0.5	nontarget	29	62337
207.79	0.5	B	3	62337
207.92333333333335	0.5	nontarget	29	62377
207.92333333333335	0.5	A	2	62377
208.06	0.5	nontarget	29	62418
208.06	0.5	G	8	62418
208.19666666666666	0.5	nontarget	29	62459
208.19666666666666	0.5	K	12	62459
208.33333333333334	0.5	nontarget	29	62500
208.33333333333334	0.5	_	28	62500
208.47	0.5	nontarget	29	62541
208.47	0.5	J	11	62541
208.60666666666665	0.5	nontarget	29	62582
208.60666666666665	0.5	M	14	62582
208.74333333333334	0.5	nontarget	29	62623
208.74333333333334	0.5	T	21	62623
208.88	0.5	nontarget	29	62664
208.88	0.5	S	20	62664
209.01666666666668	0.5	nontarget	29	62705
209.01666666666668	0.5	U	22	62705
209.15333333333334	0.5	nontarget	29	62746
209.15333333333334	0.5	Q	18	62746
209.28666666666666	0.5	nontarget	29	62786
209.28666666666666	0.5	H	9	62786
209.42333333333335	0.5	nontarget	29	62827
209.42333333333335	0.5	I	10	62827
209.55666666666667	0.5	nontarget	29	62867
209.55666666666667	0.5	X	25	62867
209.69333333333333	0.5	nontarget	29	62908
209.69333333333333	0.5	W	24	62908
209.83	0.5	target	30	62949
209.83	0.5	<	1	62949
209.96666666666667	0.5	nontarget	29	62990
209.96666666666667	0.5	V	23	62990
210.10666666666665	0.5	nontarget	29	63032
210.10666666666665	0.5	L	13	63032
210.24333333333334	0.5	nontarget	29	63073
210.24333333333334	0.5	E	6	63073
210.38	0.5	nontarget	29	63114
210.38	0.5	C	4	63114
210.51666666666668	0.5	nontarget	29	63155
210.51666666666668	0.5	N	15	63155
210.65333333333334	0.5	nontarget	29	63196
210.65333333333334	0.5	O	16	63196
210.79	0.5	nontarget	29	63237
210.79	0.5	R	19	63237
210.92666666666668	0.5	nontarget	29	63278
210.92666666666668	0.5	D	5	63278
211.06333333333333	0.5	nontarget	29	63319
211.06333333333333	0.5	Z	27	63319
215.87333333333333	0.5	nontarget	29	64762
215.87333333333333	0.5	J	11	64762
216.01	0.5	nontarget	29	64803
216.01	0.5	F	7	64803
216.14666666666668	0.5	nontarget	29	64844
216.14666666666668	0.5	D	5	64844
216.28333333333333	0.5	nontarget	29	64885
216.28333333333333	0.5	A	2	64885
216.42	0.5	nontarget	29	64926
216.42	0.5	_	28	64926
216.55666666666667	0.5	nontarget	29	64967
216.55666666666667	0.5	G	8	64967
216.69333333333333	0.5	nontarget	29	65008
216.69333333333333	0.5	M	14	65008
216.83	0.5	nontarget	29	65049
216.83	0.5	C	4	65049
216.96666666666667	0.5	nontarget	29	65090
216.96666666666667	0.5	V	23	65090
217.10333333333332	0.5	nontarget	29	65131
217.10333333333332	0.5	T	21	65131
217.23666666666668	0.5	nontarget	29	65171
217.23666666666668	0.5	B	3	65171
217.37333333333333	0.5	nontarget	29	65212
217.37333333333333	0.5	K	12	65212
217.51333333333332	0.5	target	30	65254
217.51333333333332	0.5	<	1	65254
217.64666666666668	0.5	nontarget	29	65294
217.64666666666668	0.5	U	22	65294
217.78333333333333	0.5	nontarget	29	65335
217.78333333333333	0.5	W	24	65335
217.92333333333335	0.5	nontarget	29	65377
217.92333333333335	0.5	Y	26	65377
218.05666666666667	0.5	nontarget	29	65417
218.05666666666667	0.5	L	13	65417
218.19333333333333	0.5	nontarget	29	65458
218.19333333333333	0.5	R	19	65458
218.33	0.5	nontarget	29	65499
218.33	0.5	O	16	65499
218.46666666666667	0.5	nontarget	29	65540
218.46666666666667	0.5	N	15	65540
218.60333333333332	0.5	nontarget	29	65581
218.60333333333332	0.5	Z	27	65581
218.74	0.5	nontarget	29	65622
218.74	0.5	P	17	65622
218.87333333333333	0.5	nontarget	29	65662
218.87333333333333	0.5	E	6	65662
219.01	0.5	nontarget	29	65703
219.01	0.5	I	10	65703
219.14666666666668	0.5	nontarget	29	65744
219.14666666666668	0.5	S	20	65744
219.28	0.5	nontarget	29	65784
219.28	0.5	Q	18	65784
219.42	0.5	nontarget	29	65826
219.42	0.5	X	25	65826
219.55666666666667	0.5	nontarget	29	65867
219.55666666666667	0.5	H	9	65867
226.37666666666667	0.5	nontarget	29	67913
226.37666666666667	0.5	J	11	67913
226.51333333333332	0.5	nontarget	29	67954
226.51333333333332	0.5	E	6	67954
226.65333333333334	0.5	nontarget	29	67996
226.65333333333334	0.5	C	4	67996
226.79	0.5	nontarget	29	68037
226.79	0.5	S	20	68037
226.92666666666668	0.5	nontarget	29	68078
226.92666666666668	0.5	A	2	68078
227.06333333333333	0.5	nontarget	29	68119
227.06333333333333	0.5	_	28	68119
227.19666666666666	0.5	nontarget	29	68159
227.19666666666666	0.5	K	12	68159
227.33333333333334	0.5	nontarget	29	68200
227.33333333333334	0.5	M	14	68200
227.47	0.5	nontarget	29	68241
227.47	0.5	U	22	68241
227.60666666666665	0.5	nontarget	29	68282
227.60666666666665	0.5	O	16	68282
227.74333333333334	0.5	nontarget	29	68323
227.74333333333334	0.5	I	10	68323
227.88	0.5	nontarget	29	68364
227.88	0.5	H	9	68364
228.01666666666668	0.5	nontarget	29	68405
228.01666666666668	0.5	R	19	68405
228.15333333333334	0.5	nontarget	29	68446
228.15333333333334	0.5	L	13	68446
228.29	0.5	nontarget	29	68487
228.29	0.5	Q	18	68487
228.42666666666668	0.5	nontarget	29	68528
228.42666666666668	0.5	Y	26	68528
228.56	0.5	nontarget	29	68568
228.56	0.5	T	21	68568
228.69666666666666	0.5	nontarget	29	68609
228.69666666666666	0.5	D	5	68609
228.83333333333334	0.5	nontarget	29	68650
228.83333333333334	0.5	P	17	68650
228.97	0.5	nontarget	29	68691
228.97	0.5	N	15	68691
229.10333333333332	0.5	nontarget	29	68731
229.10333333333332	0.5	V	23	68731
229.24	0.5	nontarget	29	68772
229.24	0.5	X	25	68772
229.37333333333333	0.5	nontarget	29	68812
229.37333333333333	0.5	G	8	68812
229.51	0.5	nontarget	29	68853
229.51	0.5	B	3	68853
229.64666666666668	0.5	nontarget	29	68894
229.64666666666668	0.5	F	7	68894
229.78333333333333	0.5	nontarget	29	68935
229.78333333333333	0.5	Z	27	68935
229.92	0.5	nontarget	29	68976
229.92	0.5	W	24	68976
230.05333333333334	0.5	target	30	69016
230.05333333333334	0.5	<	1	69016
234.86666666666667	0.5	target	30	70460
234.86666666666667	0.5	<	1	70460
235.00333333333333	0.5	nontarget	29	70501
235.00333333333333	0.5	F	7	70501
235.14333333333335	0.5	nontarget	29	70543
235.14333333333335	0.5	A	2	70543
235.27666666666667	0.5	nontarget	29	70583
235.27666666666667	0.5	C	4	70583
235.41333333333333	0.5	nontarget	29	70624
235.41333333333333	0.5	P	17	70624
235.55	0.5	nontarget	29	70665
235.55	0.5	R	19	70665
235.68666666666667	0.5	nontarget	29	70706
235.68666666666667	0.5	S	20	70706
235.82333333333332	0.5	nontarget	29	70747
235.82333333333332	0.5	E	6	70747
235.96	0.5	nontarget	29	70788
235.96	0.5	G	8	70788
236.09333333333333	0.5	nontarget	29	70828
236.09333333333333	0.5	I	10	70828
236.23	0.5	nontarget	29	70869
236.23	0.5	H	9	70869
236.36666666666667	0.5	nontarget	29	70910
236.36666666666667	0.5	M	14	70910
236.50333333333333	0.5	nontarget	29	70951
236.50333333333333	0.5	_	28	70951
236.63666666666666	0.5	nontarget	29	70991
236.63666666666666	0.5	Y	26	70991
236.77666666666667	0.5	nontarget	29	71033
236.77666666666667	0.5	Z	27	71033
236.91333333333333	0.5	nontarget	29	71074
236.91333333333333	0.5	D	5	71074
237.05	0.5	nontarget	29	71115
237.05	0.5	O	16	71115
237.18666666666667	0.5	nontarget	29	71156
237.18666666666667	0.5	T	21	71156
237.32333333333332	0.5	nontarget	29	71197
237.32333333333332	0.5	U	22	71197
237.46	0.5	nontarget	29	71238
237.46	0.5	J	11	71238
237.59666666666666	0.5	nontarget	29	71279
237.59666666666666	0.5	K	12	71279
237.73333333333332	0.5	nontarget	29	71320
237.73333333333332	0.5	V	23	71320
237.87333333333333	0.5	nontarget	29	71362
237.87333333333333	0.5	B	3	71362
238.01	0.5	nontarget	29	71403
238.01	0.5	N	15	71403
238.14666666666668	0.5	nontarget	29	71444
238.14666666666668	0.5	W	24	71444
238.28333333333333	0.5	nontarget	29	71485
238.28333333333333	0.5	Q	18	71485
238.42	0.5	nontarget	29	71526
238.42	0.5	L	13	71526
238.55333333333334	0.5	nontarget	29	71566
238.55333333333334	0.5	X	25	71566
243.36666666666667	0.5	nontarget	29	73010
243.36666666666667	0.5	H	9	73010
243.50666666666666	0.5	nontarget	29	73052
243.50666666666666	0.5	O	16	73052
243.64333333333335	0.5	nontarget	29	73093
243.64333333333335	0.5	R	19	73093
243.78	0.5	nontarget	29	73134
243.78	0.5	S	20	73134
243.91666666666666	0.5	nontarget	29	73175
243.91666666666666	0.5	G	8	73175
244.05333333333334	0.5	nontarget	29	73216
244.05333333333334	0.5	K	12	73216
244.19	0.5	nontarget	29	73257
244.19	0.5	L	13	73257
244.32666666666665	0.5	nontarget	29	73298
244.32666666666665	0.5	Z	27	73298
244.46	0.5	nontarget	29	73338
244.46	0.5	U	22	73338
244.59666666666666	0.5	nontarget	29	73379
244.59666666666666	0.5	C	4	73379
244.73333333333332	0.5	nontarget	29	73420
244.73333333333332	0.5	I	10	73420
244.87	0.5	nontarget	29	73461
244.87	0.5	P	17	73461
245.00333333333333	0.5	nontarget	29	73501
245.00333333333333	0.5	N	15	73501
245.14	0.5	nontarget	29	73542
245.14	0.5	_	28	73542
245.27666666666667	0.5	nontarget	29	73583
245.27666666666667	0.5	D	5	73583
245.41333333333333	0.5	nontarget	29	73624
245.41333333333333	0.5	T	21	73624
245.55	0.5	nontarget	29	73665
245.55	0.5	Q	18	73665
245.69	0.5	nontarget	29	73707
245.69	0.5	A	2	73707
245.82666666666665	0.5	nontarget	29	73748
245.82666666666665	0.5	J	11	73748
245.96333333333334	0.5	nontarget	29	73789
245.96333333333334	0.5	Y	26	73789
246.1	0.5	nontarget	29	73830
246.1	0.5	M	14	73830
246.23666666666668	0.5	target	30	73871
246.23666666666668	0.5	<	1	73871
246.37333333333333	0.5	nontarget	29	73912
246.37333333333333	0.5	B	3	73912
246.51	0.5	nontarget	29	73953
246.51	0.5	X	25	73953
246.64666666666668	0.5	nontarget	29	73994
246.64666666666668	0.5	W	24	73994
246.78333333333333	0.5	nontarget	29	74035
246.78333333333333	0.5	F	7	74035
246.92	0.5	nontarget	29	74076
246.92	0.5	E	6	74076
247.05666666666667	0.5	nontarget	29	74117
247.05666666666667	0.5	V	23	74117
251.93333333333334	0.5	nontarget	29	75580
251.93333333333334	0.5	E	6	75580
252.07	0.5	nontarget	29	75621
252.07	0.5	H	9	75621
252.20666666666668	0.5	nontarget	29	75662
252.20666666666668	0.5	I	10	75662
252.34333333333333	0.5	nontarget	29	75703
252.34333333333333	0.5	U	22	75703
252.47666666666666	0.5	target	30	75743
252.47666666666666	0.5	<	1	75743
252.61666666666667	0.5	nontarget	29	75785
252.61666666666667	0.5	G	8	75785
252.75	0.5	nontarget	29	75825
252.75	0.5	F	7	75825
252.89	0.5	nontarget	29	75867
252.89	0.5	A	2	75867
253.02666666666667	0.5	nontarget	29	75908
253.02666666666667	0.5	P	17	75908
253.16	0.5	nontarget	29	75948
253.16	0.5	O	16	75948
253.29666666666665	0.5	nontarget	29	75989
253.29666666666665	0.5	J	11	75989
253.43666666666667	0.5	nontarget	29	76031
253.43666666666667	0.5	S	20	76031
253.57333333333332	0.5	nontarget	29	76072
253.57333333333332	0.5	Q	18	76072
253.71	0.5	nontarget	29	76113
253.71	0.5	L	13	76113
253.84666666666666	0.5	nontarget	29	76154
253.84666666666666	0.5	W	24	76154
253.98333333333332	0.5	nontarget	29	76195
253.98333333333332	0.5	K	12	76195
254.12	0.5	nontarget	29	76236
254.12	0.5	B	3	76236
254.25666666666666	0.5	nontarget	29	76277
254.25666666666666	0.5	R	19	76277
254.39333333333335	0.5	nontarget	29	76318
254.39333333333335	0.5	Z	27	76318
254.53	0.5	nontarget	29	76359
254.53	0.5	V	23	76359
254.67	0.5	nontarget	29	76401
254.67	0.5	Y	26	76401
254.80666666666667	0.5	nontarget	29	76442
254.80666666666667	0.5	_	28	76442
254.94333333333333	0.5	nontarget	29	76483
254.94333333333333	0.5	T	21	76483
255.08	0.5	nontarget	29	76524
255.08	0.5	D	5	76524
255.21666666666667	0.5	nontarget	29	76565
255.21666666666667	0.5	X	25	76565
255.35333333333332	0.5	nontarget	29	76606
255.35333333333332	0.5	M	14	76606
255.49	0.5	nontarget	29	76647
255.49	0.5	N	15	76647
255.62666666666667	0.5	nontarget	29	76688
255.62666666666667	0.5	C	4	76688
260.45666666666665	0.5	nontarget	29	78137
260.45666666666665	0.5	K	12	78137
260.5933333333333	0.5	nontarget	29	78178
260.5933333333333	0.5	T	21	78178
260.73	0.5	nontarget	29	78219
260.73	0.5	E	6	78219
260.8666666666667	0.5	nontarget	29	78260
260.8666666666667	0.5	D	5	78260
261.00333333333333	0.5	nontarget	29	78301
261.00333333333333	0.5	H	9	78301
261.14	0.5	nontarget	29	78342
261.14	0.5	Y	26	78342
261.27666666666664	0.5	nontarget	29	78383
261.27666666666664	0.5	_	28	78383
261.41	0.5	nontarget	29	78423
261.41	0.5	P	17	78423
261.55	0.5	nontarget	29	78465
261.55	0.5	G	8	78465
261.68666666666667	0.5	nontarget	29	78506
261.68666666666667	0.5	F	7	78506
261.8233333333333	0.5	nontarget	29	78547
261.8233333333333	0.5	M	14	78547
261.96	0.5	nontarget	29	78588
261.96	0.5	X	25	78588
262.0966666666667	0.5	nontarget	29	78629
262.0966666666667	0.5	W	24	78629
262.23333333333335	0.5	nontarget	29	78670
262.23333333333335	0.5	V	23	78670
262.37333333333333	0.5	nontarget	29	78712
262.37333333333333	0.5	Q	18	78712
262.51	0.5	nontarget	29	78753
262.51	0.5	Z	27	78753
262.6433333333333	0.5	target	30	78793
262.6433333333333	0.5	<	1	78793
262.78	0.5	nontarget	29	78834
262.78	0.5	A	2	78834
262.9166666666667	0.5	nontarget	29	78875
262.9166666666667	0.5	R	19	78875
263.05333333333334	0.5	nontarget	29	78916
263.05333333333334	0.5	O	16	78916
263.19	0.5	nontarget	29	78957
263.19	0.5	S	20	78957
263.32666666666665	0.5	nontarget	29	78998
263.32666666666665	0.5	I	10	78998
263.46666666666664	0.5	nontarget	29	79040
263.46666666666664	0.5	N	15	79040
263.60333333333335	0.5	nontarget	29	79081
263.60333333333335	0.5	B	3	79081
263.7366666666667	0.5	nontarget	29	79121
263.7366666666667	0.5	L	13	79121
263.87333333333333	0.5	nontarget	29	79162
263.87333333333333	0.5	J	11	79162
264.0133333333333	0.5	nontarget	29	79204
264.0133333333333	0.5	U	22	79204
264.15	0.5	nontarget	29	79245
264.15	0.5	C	4	79245
268.9633333333333	0.5	target	30	80689
268.9633333333333	0.5	<	1	80689
269.10333333333335	0.5	nontarget	29	80731
269.10333333333335	0.5	Y	26	80731
269.24	0.5	nontarget	29	80772
269.24	0.5	M	14	80772
269.37666666666667	0.5	nontarget	29	80813
269.37666666666667	0.5	W	24	80813
269.5133333333333	0.5	nontarget	29	80854
269.5133333333333	0.5	L	13	80854
269.65	0.5	nontarget	29	80895
269.65	0.5	E	6	80895
269.7866666666667	0.5	nontarget	29	80936
269.7866666666667	0.5	P	17	80936
269.92333333333335	0.5	nontarget	29	80977
269.92333333333335	0.5	N	15	80977
270.06	0.5	nontarget	29	81018
270.06	0.5	H	9	81018
270.2	0.5	nontarget	29	81060
270.2	0.5	O	16	81060
270.33666666666664	0.5	nontarget	29	81101
270.33666666666664	0.5	X	25	81101
270.47333333333336	0.5	nontarget	29	81142
270.47333333333336	0.5	R	19	81142
270.61	0.5	nontarget	29	81183
270.61	0.5	T	21	81183
270.74666666666667	0.5	nontarget	29	81224
270.74666666666667	0.5	U	22	81224
270.8833333333333	0.5	nontarget	29	81265
270.8833333333333	0.5	C	4	81265
271.02	0.5	nontarget	29	81306
271.02	0.5	K	12	81306
271.1533333333333	0.5	nontarget	29	81346
271.1533333333333	0.5	S	20	81346
271.29333333333335	0.5	nontarget	29	81388
271.29333333333335	0.5	B	3	81388
271.43	0.5	nontarget	29	81429
271.43	0.5	J	11	81429
271.56666666666666	0.5	nontarget	29	81470
271.56666666666666	0.5	_	28	81470
271.7033333333333	0.5	nontarget	29	81511
271.7033333333333	0.5	D	5	81511
271.83666666666664	0.5	nontarget	29	81551
271.83666666666664	0.5	G	8	81551
271.97333333333336	0.5	nontarget	29	81592
271.97333333333336	0.5	I	10	81592
272.11	0.5	nontarget	29	81633
272.11	0.5	A	2	81633
272.24666666666667	0.5	nontarget	29	81674
272.24666666666667	0.5	V	23	81674
272.3833333333333	0.5	nontarget	29	81715
272.3833333333333	0.5	F	7	81715
272.52	0.5	nontarget	29	81756
272.52	0.5	Q	18	81756
272.6566666666667	0.5	nontarget	29	81797
272.6566666666667	0.5	Z	27	81797
279.48	0.5	nontarget	29	83844
279.48	0.5	Y	26	83844
279.61333333333334	0.5	nontarget	29	83884
279.61333333333334	0.5	N	15	83884
279.75	0.5	nontarget	29	83925
279.75	0.5	J	11	83925
279.88666666666666	0.5	nontarget	29	83966
279.88666666666666	0.5	F	7	83966
280.0233333333333	0.5	nontarget	29	84007
280.0233333333333	0.5	Z	27	84007
280.16	0.5	nontarget	29	84048
280.16	0.5	O	16	84048
280.2966666666667	0.5	nontarget	29	84089
280.2966666666667	0.5	W	24	84089
280.43333333333334	0.5	nontarget	29	84130
280.43333333333334	0.5	_	28	84130
280.57	0.5	nontarget	29	84171
280.57	0.5	P	17	84171
280.70666666666665	0.5	nontarget	29	84212
280.70666666666665	0.5	L	13	84212
280.8433333333333	0.5	nontarget	29	84253
280.8433333333333	0.5	U	22	84253
280.98333333333335	0.5	nontarget	29	84295
280.98333333333335	0.5	G	8	84295
281.12	0.5	nontarget	29	84336
281.12	0.5	K	12	84336
281.25666666666666	0.5	nontarget	29	84377
281.25666666666666	0.5	B	3	84377
281.3933333333333	0.5	nontarget	29	84418
281.3933333333333	0.5	C	4	84418
281.53333333333336	0.5	nontarget	29	84460
281.53333333333336	0.5	E	6	84460
281.67	0.5	target	30	84501
281.67	0.5	<	1	84501
281.80333333333334	0.5	nontarget	29	84541
281.80333333333334	0.5	V	23	84541
281.9433333333333	0.5	nontarget	29	84583
281.9433333333333	0.5	M	14	84583
282.08	0.5	nontarget	29	84624
282.08	0.5	D	5	84624
282.21666666666664	0.5	nontarget	29	84665
282.21666666666664	0.5	A	2	84665
282.35333333333335	0.5	nontarget	29	84706
282.35333333333335	0.5	R	19	84706
282.4866666666667	0.5	nontarget	29	84746
282.4866666666667	0.5	T	21	84746
282.62333333333333	0.5	nontarget	29	84787
282.62333333333333	0.5	Q	18	84787
282.76	0.5	nontarget	29	84828
282.76	0.5	H	9	84828
282.89666666666665	0.5	nontarget	29	84869
282.89666666666665	0.5	S	20	84869
283.05	0.5	nontarget	29	84915
283.05	0.5	I	10	84915
283.18666666666667	0.5	nontarget	29	84956
283.18666666666667	0.5	X	25	84956
288.00666666666666	0.5	nontarget	29	86402
288.00666666666666	0.5	Z	27	86402
288.1433333333333	0.5	nontarget	29	86443
288.1433333333333	0.5	T	21	86443
288.28	0.5	nontarget	29	86484
288.28	0.5	V	23	86484
288.4166666666667	0.5	nontarget	29	86525
288.4166666666667	0.5	P	17	86525
288.55333333333334	0.5	nontarget	29	86566
288.55333333333334	0.5	H	9	86566
288.69	0.5	nontarget	29	86607
288.69	0.5	J	11	86607
288.82666666666665	0.5	nontarget	29	86648
288.82666666666665	0.5	G	8	86648
288.9633333333333	0.5	nontarget	29	86689
288.9633333333333	0.5	Y	26	86689
289.10333333333335	0.5	nontarget	29	86731
289.10333333333335	0.5	N	15	86731
289.2366666666667	0.5	nontarget	29	86771
289.2366666666667	0.5	A	2	86771
289.37333333333333	0.5	nontarget	29	86812
289.37333333333333	0.5	D	5	86812
289.51	0.5	nontarget	29	86853
289.51	0.5	U	22	86853
289.65	0.5	nontarget	29	86895
289.65	0.5	Q	18	86895
289.78333333333336	0.5	nontarget	29	86935
289.78333333333336	0.5	L	13	86935
289.92	0.5	nontarget	29	86976
289.92	0.5	C	4	86976
290.0566666666667	0.5	nontarget	29	87017
290.0566666666667	0.5	R	19	87017
290.1933333333333	0.5	target	30	87058
290.1933333333333	0.5	<	1	87058
290.33	0.5	nontarget	29	87099
290.33	0.5	M	14	87099
290.46666666666664	0.5	nontarget	29	87140
290.46666666666664	0.5	O	16	87140
290.60333333333335	0.5	nontarget	29	87181
290.60333333333335	0.5	S	20	87181
290.74333333333334	0.5	nontarget	29	87223
290.74333333333334	0.5	W	24	87223
290.87666666666667	0.5	nontarget	29	87263
290.87666666666667	0.5	_	28	87263
291.0133333333333	0.5	nontarget	29	87304
291.0133333333333	0.5	B	3	87304
291.15	0.5	nontarget	29	87345
291.15	0.5	F	7	87345
291.2866666666667	0.5	nontarget	29	87386
291.2866666666667	0.5	E	6	87386
291.42333333333335	0.5	nontarget	29	87427
291.42333333333335	0.5	X	25	87427
291.56333333333333	0.5	nontarget	29	87469
291.56333333333333	0.5	K	12	87469
291.7	0.5	nontarget	29	87510
291.7	0.5	I	10	87510
296.5133333333333	0.5	nontarget	29	88954
296.5133333333333	0.5	M	14	88954
296.65	0.5	nontarget	29	88995
296.65	0.5	P	17	88995
296.78333333333336	0.5	nontarget	29	89035
296.78333333333336	0.5	I	10	89035
296.92	0.5	nontarget	29	89076
296.92	0.5	U	22	89076
297.0566666666667	0.5	nontarget	29	89117
297.0566666666667	0.5	W	24	89117
297.1933333333333	0.5	nontarget	29	89158
297.1933333333333	0.5	Q	18	89158
297.33	0.5	nontarget	29	89199
297.33	0.5	A	2	89199
297.46666666666664	0.5	nontarget	29	89240
297.46666666666664	0.5	S	20	89240
297.60333333333335	0.5	nontarget	29	89281
297.60333333333335	0.5	Y	26	89281
297.74	0.5	nontarget	29	89322
297.74	0.5	Z	27	89322
297.87333333333333	0.5	nontarget	29	89362
297.87333333333333	0.5	H	9	89362
298.0133333333333	0.5	nontarget	29	89404
298.0133333333333	0.5	B	3	89404
298.14666666666665	0.5	nontarget	29	89444
298.14666666666665	0.5	E	6	89444
298.28333333333336	0.5	nontarget	29	89485
298.28333333333336	0.5	K	12	89485
298.43666666666667	0.5	nontarget	29	89531
298.43666666666667	0.5	T	21	89531
298.5733333333333	0.5	nontarget	29	89572
298.5733333333333	0.5	J	11	89572
298.71	0.5	nontarget	29	89613
298.71	0.5	D	5	89613
298.8466666666667	0.5	nontarget	29	89654
298.8466666666667	0.5	R	19	89654
298.98333333333335	0.5	nontarget	29	89695
298.98333333333335	0.5	G	8	89695
299.12	0.5	nontarget	29	89736
299.12	0.5	F	7	89736
299.25666666666666	0.5	nontarget	29	89777
299.25666666666666	0.5	N	15	89777
299.39	0.5	nontarget	29	89817
299.39	0.5	V	23	89817
299.52666666666664	0.5	nontarget	29	89858
299.52666666666664	0.5	X	25	89858
299.66333333333336	0.5	target	30	89899
299.66333333333336	0.5	<	1	89899
299.7966666666667	0.5	nontarget	29	89939
299.7966666666667	0.5	L	13	89939
299.93333333333334	0.5	nontarget	29	89980
299.93333333333334	0.5	C	4	89980
300.07	0.5	nontarget	29	90021
300.07	0.5	_	28	90021
300.2033333333333	0.5	nontarget	29	90061
300.2033333333333	0.5	O	16	90061
305.02	0.5	nontarget	29	91506
305.02	0.5	I	10	91506
305.1533333333333	0.5	nontarget	29	91546
305.1533333333333	0.5	P	17	91546
305.29	0.5	nontarget	29	91587
305.29	0.5	V	23	91587
305.4266666666667	0.5	nontarget	29	91628
305.4266666666667	0.5	U	22	91628
305.56333333333333	0.5	nontarget	29	91669
305.56333333333333	0.5	Y	26	91669
305.7	0.5	nontarget	29	91710
305.7	0.5	Q	18	91710
305.83666666666664	0.5	nontarget	29	91751
305.83666666666664	0.5	N	15	91751
305.97333333333336	0.5	nontarget	29	91792
305.97333333333336	0.5	W	24	91792
306.11	0.5	nontarget	29	91833
306.11	0.5	R	19	91833
306.24666666666667	0.5	nontarget	29	91874
306.24666666666667	0.5	T	21	91874
306.38	0.5	target	30	91914
306.38	0.5	<	1	91914
306.51666666666665	0.5	nontarget	29	91955
306.51666666666665	0.5	_	28	91955
306.6533333333333	0.5	nontarget	29	91996
306.6533333333333	0.5	K	12	91996
306.79	0.5	nontarget	29	92037
306.79	0.5	B	3	92037
306.9266666666667	0.5	nontarget	29	92078
306.9266666666667	0.5	L	13	92078
307.06333333333333	0.5	nontarget	29	92119
307.06333333333333	0.5	G	8	92119
307.2	0.5	nontarget	29	92160
307.2	0.5	S	20	92160
307.3333333333333	0.5	nontarget	29	92200
307.3333333333333	0.5	C	4	92200
307.47333333333336	0.5	nontarget	29	92242
307.47333333333336	0.5	F	7	92242
307.61	0.5	nontarget	29	92283
307.61	0.5	E	6	92283
307.74666666666667	0.5	nontarget	29	92324
307.74666666666667	0.5	J	11	92324
307.8833333333333	0.5	nontarget	29	92365
307.8833333333333	0.5	Z	27	92365
308.01666666666665	0.5	nontarget	29	92405
308.01666666666665	0.5	D	5	92405
308.1533333333333	0.5	nontarget	29	92446
308.1533333333333	0.5	M	14	92446
308.29	0.5	nontarget	29	92487
308.29	0.5	X	25	92487
308.4266666666667	0.5	nontarget	29	92528
308.4266666666667	0.5	O	16	92528
308.56333333333333	0.5	nontarget	29	92569
308.56333333333333	0.5	A	2	92569
308.7	0.5	nontarget	29	92610
308.7	0.5	H	9	92610
313.51	0.5	nontarget	29	94053
313.51	0.5	W	24	94053
313.64666666666665	0.5	nontarget	29	94094
313.64666666666665	0.5	Q	18	94094
313.78333333333336	0.5	nontarget	29	94135
313.78333333333336	0.5	_	28	94135
313.9166666666667	0.5	nontarget	29	94175
313.9166666666667	0.5	J	11	94175
314.05333333333334	0.5	nontarget	29	94216
314.05333333333334	0.5	G	8	94216
314.19	0.5	nontarget	29	94257
314.19	0.5	Y	26	94257
314.32666666666665	0.5	nontarget	29	94298
314.32666666666665	0.5	H	9	94298
314.4633333333333	0.5	nontarget	29	94339
314.4633333333333	0.5	S	20	94339
314.6	0.5	nontarget	29	94380
314.6	0.5	D	5	94380
314.7366666666667	0.5	nontarget	29	94421
314.7366666666667	0.5	X	25	94421
314.87333333333333	0.5	nontarget	29	94462
314.87333333333333	0.5	I	10	94462
315.01	0.5	nontarget	29	94503
315.01	0.5	V	23	94503
315.1433333333333	0.5	nontarget	29	94543
315.1433333333333	0.5	L	13	94543
315.28	0.5	nontarget	29	94584
315.28	0.5	M	14	94584
315.4166666666667	0.5	nontarget	29	94625
315.4166666666667	0.5	E	6	94625
315.55333333333334	0.5	nontarget	29	94666
315.55333333333334	0.5	R	19	94666
315.68666666666667	0.5	nontarget	29	94706
315.68666666666667	0.5	K	12	94706
315.8233333333333	0.5	nontarget	29	94747
315.8233333333333	0.5	C	4	94747
315.96	0.5	target	30	94788
315.96	0.5	<	1	94788
316.0966666666667	0.5	nontarget	29	94829
316.0966666666667	0.5	O	16	94829
316.23333333333335	0.5	nontarget	29	94870
316.23333333333335	0.5	F	7	94870
316.37	0.5	nontarget	29	94911
316.37	0.5	A	2	94911
316.50666666666666	0.5	nontarget	29	94952
316.50666666666666	0.5	T	21	94952
316.6433333333333	0.5	nontarget	29	94993
316.6433333333333	0.5	U	22	94993
316.77666666666664	0.5	nontarget	29	95033
316.77666666666664	0.5	Z	27	95033
316.91333333333336	0.5	nontarget	29	95074
316.91333333333336	0.5	B	3	95074
317.05	0.5	nontarget	29	95115
317.05	0.5	P	17	95115
317.18666666666667	0.5	nontarget	29	95156
317.18666666666667	0.5	N	15	95156
322.00333333333333	0.5	nontarget	29	96601
322.00333333333333	0.5	N	15	96601
322.14	0.5	nontarget	29	96642
322.14	0.5	Q	18	96642
322.27666666666664	0.5	nontarget	29	96683
322.27666666666664	0.5	T	21	96683
322.41333333333336	0.5	nontarget	29	96724
322.41333333333336	0.5	U	22	96724
322.55	0.5	nontarget	29	96765
322.55	0.5	Z	27	96765
322.68666666666667	0.5	nontarget	29	96806
322.68666666666667	0.5	W	24	96806
322.89	0.5	nontarget	29	96867
322.89	0.5	D	5	96867
323.02666666666664	0.5	nontarget	29	96908
323.02666666666664	0.5	R	19	96908
323.16333333333336	0.5	nontarget	29	96949
323.16333333333336	0.5	Y	26	96949
323.3	0.5	nontarget	29	96990
323.3	0.5	V	23	96990
323.43666666666667	0.5	nontarget	29	97031
323.43666666666667	0.5	S	20	97031
323.5733333333333	0.5	nontarget	29	97072
323.5733333333333	0.5	C	4	97072
323.71	0.5	nontarget	29	97113
323.71	0.5	_	28	97113
323.8466666666667	0.5	nontarget	29	97154
323.8466666666667	0.5	H	9	97154
323.98333333333335	0.5	nontarget	29	97195
323.98333333333335	0.5	K	12	97195
324.12	0.5	nontarget	29	97236
324.12	0.5	X	25	97236
324.25666666666666	0.5	nontarget	29	97277
324.25666666666666	0.5	M	14	97277
324.3933333333333	0.5	nontarget	29	97318
324.3933333333333	0.5	I	10	97318
324.53	0.5	nontarget	29	97359
324.53	0.5	G	8	97359
324.6666666666667	0.5	nontarget	29	97400
324.6666666666667	0.5	F	7	97400
324.80333333333334	0.5	nontarget	29	97441
324.80333333333334	0.5	A	2	97441
324.94	0.5	target	30	97482
324.94	0.5	<	1	97482
325.07666666666665	0.5	nontarget	29	97523
325.07666666666665	0.5	B	3	97523
325.2133333333333	0.5	nontarget	29	97564
325.2133333333333	0.5	E	6	97564
325.3466666666667	0.5	nontarget	29	97604
325.3466666666667	0.5	J	11	97604
325.49	0.5	nontarget	29	97647
325.49	0.5	O	16	97647
325.62333333333333	0.5	nontarget	29	97687
325.62333333333333	0.5	P	17	97687
325.76	0.5	nontarget	29	97728
325.76	0.5	L	13	97728
332.58666666666664	0.5	nontarget	29	99776
332.58666666666664	0.5	O	16	99776
332.72333333333336	0.5	target	30	99817
332.72333333333336	0.5	<	1	99817
332.8566666666667	0.5	nontarget	29	99857
332.8566666666667	0.5	C	4	99857
332.99333333333334	0.5	nontarget	29	99898
332.99333333333334	0.5	Q	18	99898
333.1333333333333	0.5	nontarget	29	99940
333.1333333333333	0.5	L	13	99940
333.27	0.5	nontarget	29	99981
333.27	0.5	X	25	99981
333.4066666666667	0.5	nontarget	29	100022
333.4066666666667	0.5	K	12	100022
333.54333333333335	0.5	nontarget	29	100063
333.54333333333335	0.5	H	9	100063
333.68	0.5	nontarget	29	100104
333.68	0.5	U	22	100104
333.81666666666666	0.5	nontarget	29	100145
333.81666666666666	0.5	J	11	100145
333.9533333333333	0.5	nontarget	29	100186
333.9533333333333	0.5	F	7	100186
334.09	0.5	nontarget	29	100227
334.09	0.5	B	3	100227
334.2266666666667	0.5	nontarget	29	100268
334.2266666666667	0.5	E	6	100268
334.36333333333334	0.5	nontarget	29	100309
334.36333333333334	0.5	S	20	100309
334.5	0.5	nontarget	29	100350
334.5	0.5	T	21	100350
334.63666666666666	0.5	nontarget	29	100391
334.63666666666666	0.5	I	10	100391
334.77666666666664	0.5	nontarget	29	100433
334.77666666666664	0.5	A	2	100433
334.91	0.5	nontarget	29	100473
334.91	0.5	G	8	100473
335.0466666666667	0.5	nontarget	29	100514
335.0466666666667	0.5	N	15	100514
335.18333333333334	0.5	nontarget	29	100555
335.18333333333334	0.5	R	19	100555
335.32	0.5	nontarget	29	100596
335.32	0.5	Y	26	100596
335.45666666666665	0.5	nontarget	29	100637
335.45666666666665	0.5	P	17	100637
335.5966666666667	0.5	nontarget	29	100679
335.5966666666667	0.5	Z	27	100679
335.73333333333335	0.5	nontarget	29	100720
335.73333333333335	0.5	M	14	100720
335.87	0.5	nontarget	29	100761
335.87	0.5	_	28	100761
336.00666666666666	0.5	nontarget	29	100802
336.00666666666666	0.5	V	23	100802
336.14666666666665	0.5	nontarget	29	100844
336.14666666666665	0.5	W	24	100844
336.28	0.5	nontarget	29	100884
336.28	0.5	D	5	100884
341.0966666666667	0.5	nontarget	29	102329
341.0966666666667	0.5	E	6	102329
341.23333333333335	0.5	nontarget	29	102370
341.23333333333335	0.5	U	22	102370
341.37333333333333	0.5	nontarget	29	102412
341.37333333333333	0.5	G	8	102412
341.5133333333333	0.5	nontarget	29	102454
341.5133333333333	0.5	Q	18	102454
341.65	0.5	nontarget	29	102495
341.65	0.5	N	15	102495
341.7866666666667	0.5	nontarget	29	102536
341.7866666666667	0.5	X	25	102536
341.92	0.5	nontarget	29	102576
341.92	0.5	M	14	102576
342.0566666666667	0.5	nontarget	29	102617
342.0566666666667	0.5	J	11	102617
342.1933333333333	0.5	nontarget	29	102658
342.1933333333333	0.5	Z	27	102658
342.33	0.5	nontarget	29	102699
342.33	0.5	S	20	102699
342.46666666666664	0.5	nontarget	29	102740
342.46666666666664	0.5	O	16	102740
342.60333333333335	0.5	nontarget	29	102781
342.60333333333335	0.5	D	5	102781
342.74	0.5	nontarget	29	102822
342.74	0.5	_	28	102822
342.87666666666667	0.5	nontarget	29	102863
342.87666666666667	0.5	P	17	102863
343.01	0.5	nontarget	29	102903
343.01	0.5	I	10	102903
343.14666666666665	0.5	target	30	102944
343.14666666666665	0.5	<	1	102944
343.28333333333336	0.5	nontarget	29	102985
343.28333333333336	0.5	H	9	102985
343.42	0.5	nontarget	29	103026
343.42	0.5	Y	26	103026
343.5566666666667	0.5	nontarget	29	103067
343.5566666666667	0.5	B	3	103067
343.6933333333333	0.5	nontarget	29	103108
343.6933333333333	0.5	V	23	103108
343.83	0.5	nontarget	29	103149
343.83	0.5	W	24	103149
343.97	0.5	nontarget	29	103191
343.97	0.5	R	19	103191
344.10333333333335	0.5	nontarget	29	103231
344.10333333333335	0.5	T	21	103231
344.24	0.5	nontarget	29	103272
344.24	0.5	F	7	103272
344.37666666666667	0.5	nontarget	29	103313
344.37666666666667	0.5	K	12	103313
344.5133333333333	0.5	nontarget	29	103354
344.5133333333333	0.5	A	2	103354
344.65	0.5	nontarget	29	103395
344.65	0.5	C	4	103395
344.7866666666667	0.5	nontarget	29	103436
344.7866666666667	0.5	L	13	103436
349.60333333333335	0.5	nontarget	29	104881
349.60333333333335	0.5	Y	26	104881
349.74	0.5	nontarget	29	104922
349.74	0.5	P	17	104922
349.87666666666667	0.5	nontarget	29	104963
349.87666666666667	0.5	_	28	104963
350.0133333333333	0.5	nontarget	29	105004
350.0133333333333	0.5	W	24	105004
350.15	0.5	nontarget	29	105045
350.15	0.5	S	20	105045
350.2866666666667	0.5	nontarget	29	105086
350.2866666666667	0.5	A	2	105086
350.42333333333335	0.5	nontarget	29	105127
350.42333333333335	0.5	G	8	105127
350.56	0.5	nontarget	29	105168
350.56	0.5	T	21	105168
350.69666666666666	0.5	nontarget	29	105209
350.69666666666666	0.5	I	10	105209
350.8333333333333	0.5	nontarget	29	105250
350.8333333333333	0.5	L	13	105250
350.97	0.5	nontarget	29	105291
350.97	0.5	C	4	105291
351.1066666666667	0.5	nontarget	29	105332
351.1066666666667	0.5	N	15	105332
351.24333333333334	0.5	nontarget	29	105373
351.24333333333334	0.5	Q	18	105373
351.38	0.5	nontarget	29	105414
351.38	0.5	H	9	105414
351.52	0.5	nontarget	29	105456
351.52	0.5	F	7	105456
351.6566666666667	0.5	nontarget	29	105497
351.6566666666667	0.5	E	6	105497
351.79	0.5	nontarget	29	105537
351.79	0.5	B	3	105537
351.93	0.5	nontarget	29	105579
351.93	0.5	D	5	105579
352.06666666666666	0.5	nontarget	29	105620
352.06666666666666	0.5	J	11	105620
352.2033333333333	0.5	nontarget	29	105661
352.2033333333333	0.5	X	25	105661
352.34	0.5	nontarget	29	105702
352.34	0.5	K	12	105702
352.4766666666667	0.5	target	30	105743
352.4766666666667	0.5	<	1	105743
352.61	0.5	nontarget	29	105783
352.61	0.5	O	16	105783
352.75	0.5	nontarget	29	105825
352.75	0.5	R	19	105825
352.8833333333333	0.5	nontarget	29	105865
352.8833333333333	0.5	V	23	105865
353.02	0.5	nontarget	29	105906
353.02	0.5	M	14	105906
353.1566666666667	0.5	nontarget	29	105947
353.1566666666667	0.5	U	22	105947
353.29	0.5	nontarget	29	105987
353.29	0.5	Z	27	105987
358.11	0.5	nontarget	29	107433
358.11	0.5	B	3	107433
358.25	0.5	nontarget	29	107475
358.25	0.5	Y	26	107475
358.38666666666666	0.5	nontarget	29	107516
358.38666666666666	0.5	D	5	107516
358.52	0.5	nontarget	29	107556
358.52	0.5	_	28	107556
358.6566666666667	0.5	nontarget	29	107597
358.6566666666667	0.5	K	12	107597
358.79333333333335	0.5	nontarget	29	107638
358.79333333333335	0.5	A	2	107638
358.93	0.5	nontarget	29	107679
358.93	0.5	E	6	107679
359.06666666666666	0.5	nontarget	29	107720
359.06666666666666	0.5	U	22	107720
359.20666666666665	0.5	nontarget	29	107762
359.20666666666665	0.5	T	21	107762
359.34	0.5	nontarget	29	107802
359.34	0.5	C	4	107802
359.4766666666667	0.5	nontarget	29	107843
359.4766666666667	0.5	S	20	107843
359.61333333333334	0.5	nontarget	29	107884
359.61333333333334	0.5	L	13	107884
359.75	0.5	nontarget	29	107925
359.75	0.5	N	15	107925
359.88666666666666	0.5	nontarget	29	107966
359.88666666666666	0.5	Z	27	107966
360.0233333333333	0.5	nontarget	29	108007
360.0233333333333	0.5	O	16	108007
360.16333333333336	0.5	nontarget	29	108049
360.16333333333336	0.5	X	25	108049
360.3	0.5	nontarget	29	108090
360.3	0.5	J	11	108090
360.43666666666667	0.5	nontarget	29	108131
360.43666666666667	0.5	G	8	108131
360.5733333333333	0.5	nontarget	29	108172
360.5733333333333	0.5	M	14	108172
360.7133333333333	0.5	nontarget	29	108214
360.7133333333333	0.5	F	7	108214
360.8466666666667	0.5	nontarget	29	108254
360.8466666666667	0.5	R	19	108254
360.98333333333335	0.5	nontarget	29	108295
360.98333333333335	0.5	H	9	108295
361.12	0.5	nontarget	29	108336
361.12	0.5	I	10	108336
361.25666666666666	0.5	nontarget	29	108377
361.25666666666666	0.5	W	24	108377
361.3933333333333	0.5	nontarget	29	108418
361.3933333333333	0.5	P	17	108418
361.53	0.5	nontarget	29	108459
361.53	0.5	Q	18	108459
361.6666666666667	0.5	target	30	108500
361.6666666666667	0.5	<	1	108500
361.80333333333334	0.5	nontarget	29	108541
361.80333333333334	0.5	V	23	108541
366.62333333333333	0.5	nontarget	29	109987
366.62333333333333	0.5	M	14	109987
366.76	0.5	nontarget	29	110028
366.76	0.5	W	24	110028
366.89666666666665	0.5	target	30	110069
366.89666666666665	0.5	<	1	110069
367.03333333333336	0.5	nontarget	29	110110
367.03333333333336	0.5	G	8	110110
367.17	0.5	nontarget	29	110151
367.17	0.5	H	9	110151
367.31	0.5	nontarget	29	110193
367.31	0.5	S	20	110193
367.44666666666666	0.5	nontarget	29	110234
367.44666666666666	0.5	U	22	110234
367.5833333333333	0.5	nontarget	29	110275
367.5833333333333	0.5	B	3	110275
367.72333333333336	0.5	nontarget	29	110317
367.72333333333336	0.5	F	7	110317
367.86	0.5	nontarget	29	110358
367.86	0.5	_	28	110358
367.99666666666667	0.5	nontarget	29	110399
367.99666666666667	0.5	Z	27	110399
368.1333333333333	0.5	nontarget	29	110440
368.1333333333333	0.5	Q	18	110440
368.2733333333333	0.5	nontarget	29	110482
368.2733333333333	0.5	D	5	110482
368.41	0.5	nontarget	29	110523
368.41	0.5	J	11	110523
368.5466666666667	0.5	nontarget	29	110564
368.5466666666667	0.5	T	21	110564
368.68333333333334	0.5	nontarget	29	110605
368.68333333333334	0.5	V	23	110605
368.82	0.5	nontarget	29	110646
368.82	0.5	I	10	110646
368.95666666666665	0.5	nontarget	29	110687
368.95666666666665	0.5	C	4	110687
369.0933333333333	0.5	nontarget	29	110728
369.0933333333333	0.5	A	2	110728
369.2266666666667	0.5	nontarget	29	110768
369.2266666666667	0.5	O	16	110768
369.36333333333334	0.5	nontarget	29	110809
369.36333333333334	0.5	X	25	110809
369.50333333333333	0.5	nontarget	29	110851
369.50333333333333	0.5	R	19	110851
369.63666666666666	0.5	nontarget	29	110891
369.63666666666666	0.5	L	13	110891
369.7733333333333	0.5	nontarget	29	110932
369.7733333333333	0.5	K	12	110932
369.91	0.5	nontarget	29	110973
369.91	0.5	Y	26	110973
370.0466666666667	0.5	nontarget	29	111014
370.0466666666667	0.5	P	17	111014
370.18333333333334	0.5	nontarget	29	111055
370.18333333333334	0.5	N	15	111055
370.32	0.5	nontarget	29	111096
370.32	0.5	E	6	111096
377.14	0.5	nontarget	29	113142
377.14	0.5	W	24	113142
377.28	0.5	nontarget	29	113184
377.28	0.5	B	3	113184
377.4166666666667	0.5	nontarget	29	113225
377.4166666666667	0.5	Y	26	113225
377.55333333333334	0.5	nontarget	29	113266
377.55333333333334	0.5	E	6	113266
377.69	0.5	nontarget	29	113307
377.69	0.5	R	19	113307
377.82666666666665	0.5	nontarget	29	113348
377.82666666666665	0.5	X	25	113348
377.9633333333333	0.5	nontarget	29	113389
377.9633333333333	0.5	Z	27	113389
378.1	0.5	nontarget	29	113430
378.1	0.5	S	20	113430
378.23333333333335	0.5	nontarget	29	113470
378.23333333333335	0.5	C	4	113470
378.37	0.5	nontarget	29	113511
378.37	0.5	U	22	113511
378.50666666666666	0.5	nontarget	29	113552
378.50666666666666	0.5	D	5	113552
378.6433333333333	0.5	nontarget	29	113593
378.6433333333333	0.5	V	23	113593
378.78	0.5	nontarget	29	113634
378.78	0.5	H	9	113634
378.9166666666667	0.5	nontarget	29	113675
378.9166666666667	0.5	P	17	113675
379.05333333333334	0.5	nontarget	29	113716
379.05333333333334	0.5	Q	18	113716
379.1933333333333	0.5	nontarget	29	113758
379.1933333333333	0.5	G	8	113758
379.33	0.5	nontarget	29	113799
379.33	0.5	F	7	113799
379.4633333333333	0.5	nontarget	29	113839
379.4633333333333	0.5	_	28	113839
379.60333333333335	0.5	target	30	113881
379.60333333333335	0.5	T	21	113881
379.74	0.5	nontarget	29	113922
379.74	0.5	M	14	113922
379.87666666666667	0.5	nontarget	29	113963
379.87666666666667	0.5	L	13	113963
380.0133333333333	0.5	nontarget	29	114004
380.0133333333333	0.5	O	16	114004
380.15	0.5	nontarget	29	114045
380.15	0.5	J	11	114045
380.2866666666667	0.5	nontarget	29	114086
380.2866666666667	0.5	A	2	114086
380.42333333333335	0.5	nontarget	29	114127
380.42333333333335	0.5	I	10	114127
380.56	0.5	nontarget	29	114168
380.56	0.5	K	12	114168
380.69666666666666	0.5	nontarget	29	114209
380.69666666666666	0.5	<	1	114209
380.8333333333333	0.5	nontarget	29	114250
380.8333333333333	0.5	N	15	114250
385.6533333333333	0.5	nontarget	29	115696
385.6533333333333	0.5	M	14	115696
385.79	0.5	nontarget	29	115737
385.79	0.5	G	8	115737
385.9266666666667	0.5	nontarget	29	115778
385.9266666666667	0.5	<	1	115778
386.06333333333333	0.5	nontarget	29	115819
386.06333333333333	0.5	I	10	115819
386.2	0.5	nontarget	29	115860
386.2	0.5	Q	18	115860
386.33666666666664	0.5	target	30	115901
386.33666666666664	0.5	T	21	115901
386.47333333333336	0.5	nontarget	29	115942
386.47333333333336	0.5	C	4	115942
386.61	0.5	nontarget	29	115983
386.61	0.5	D	5	115983
386.74666666666667	0.5	nontarget	29	116024
386.74666666666667	0.5	H	9	116024
386.8833333333333	0.5	nontarget	29	116065
386.8833333333333	0.5	E	6	116065
387.02	0.5	nontarget	29	116106
387.02	0.5	S	20	116106
387.1566666666667	0.5	nontarget	29	116147
387.1566666666667	0.5	X	25	116147
387.29333333333335	0.5	nontarget	29	116188
387.29333333333335	0.5	O	16	116188
387.43	0.5	nontarget	29	116229
387.43	0.5	L	13	116229
387.56333333333333	0.5	nontarget	29	116269
387.56333333333333	0.5	Y	26	116269
387.7	0.5	nontarget	29	116310
387.7	0.5	V	23	116310
387.83666666666664	0.5	nontarget	29	116351
387.83666666666664	0.5	Z	27	116351
387.9766666666667	0.5	nontarget	29	116393
387.9766666666667	0.5	U	22	116393
388.11333333333334	0.5	nontarget	29	116434
388.11333333333334	0.5	K	12	116434
388.25	0.5	nontarget	29	116475
388.25	0.5	B	3	116475
388.3833333333333	0.5	nontarget	29	116515
388.3833333333333	0.5	J	11	116515
388.52	0.5	nontarget	29	116556
388.52	0.5	N	15	116556
388.66	0.5	nontarget	29	116598
388.66	0.5	R	19	116598
388.79333333333335	0.5	nontarget	29	116638
388.79333333333335	0.5	A	2	116638
388.93	0.5	nontarget	29	116679
388.93	0.5	P	17	116679
389.06666666666666	0.5	nontarget	29	116720
389.06666666666666	0.5	F	7	116720
389.20666666666665	0.5	nontarget	29	116762
389.20666666666665	0.5	W	24	116762
389.3433333333333	0.5	nontarget	29	116803
389.3433333333333	0.5	_	28	116803
394.16333333333336	0.5	nontarget	29	118249
394.16333333333336	0.5	O	16	118249
394.3	0.5	nontarget	29	118290
394.3	0.5	K	12	118290
394.43666666666667	0.5	nontarget	29	118331
394.43666666666667	0.5	Q	18	118331
394.5733333333333	0.5	nontarget	29	118372
394.5733333333333	0.5	W	24	118372
394.71	0.5	target	30	118413
394.71	0.5	T	21	118413
394.8466666666667	0.5	nontarget	29	118454
394.8466666666667	0.5	Y	26	118454
394.98333333333335	0.5	nontarget	29	118495
394.98333333333335	0.5	L	13	118495
395.12	0.5	nontarget	29	118536
395.12	0.5	U	22	118536
395.25666666666666	0.5	nontarget	29	118577
395.25666666666666	0.5	C	4	118577
395.3933333333333	0.5	nontarget	29	118618
395.3933333333333	0.5	A	2	118618
395.53	0.5	nontarget	29	118659
395.53	0.5	F	7	118659
395.6666666666667	0.5	nontarget	29	118700
395.6666666666667	0.5	B	3	118700
395.80333333333334	0.5	nontarget	29	118741
395.80333333333334	0.5	X	25	118741
395.94	0.5	nontarget	29	118782
395.94	0.5	S	20	118782
396.07666666666665	0.5	nontarget	29	118823
396.07666666666665	0.5	G	8	118823
396.28333333333336	0.5	nontarget	29	118885
396.28333333333336	0.5	_	28	118885
396.42	0.5	nontarget	29	118926
396.42	0.5	E	6	118926
396.5566666666667	0.5	nontarget	29	118967
396.5566666666667	0.5	M	14	118967
396.6933333333333	0.5	nontarget	29	119008
396.6933333333333	0.5	J	11	119008
396.83	0.5	nontarget	29	119049
396.83	0.5	H	9	119049
396.96666666666664	0.5	nontarget	29	119090
396.96666666666664	0.5	<	1	119090
397.10333333333335	0.5	nontarget	29	119131
397.10333333333335	0.5	R	19	119131
397.24	0.5	nontarget	29	119172
397.24	0.5	V	23	119172
397.37666666666667	0.5	nontarget	29	119213
397.37666666666667	0.5	N	15	119213
397.5133333333333	0.5	nontarget	29	119254
397.5133333333333	0.5	Z	27	119254
397.65	0.5	nontarget	29	119295
397.65	0.5	D	5	119295
397.7866666666667	0.5	nontarget	29	119336
397.7866666666667	0.5	P	17	119336
397.9266666666667	0.5	nontarget	29	119378
397.9266666666667	0.5	I	10	119378
402.74666666666667	0.5	nontarget	29	120824
402.74666666666667	0.5	Q	18	120824
402.88	0.5	nontarget	29	120864
402.88	0.5	W	24	120864
403.01666666666665	0.5	nontarget	29	120905
403.01666666666665	0.5	F	7	120905
403.1533333333333	0.5	target	30	120946
403.1533333333333	0.5	T	21	120946
403.29	0.5	nontarget	29	120987
403.29	0.5	O	16	120987
403.4266666666667	0.5	nontarget	29	121028
403.4266666666667	0.5	K	12	121028
403.56333333333333	0.5	nontarget	29	121069
403.56333333333333	0.5	<	1	121069
403.7	0.5	nontarget	29	121110
403.7	0.5	N	15	121110
403.83666666666664	0.5	nontarget	29	121151
403.83666666666664	0.5	_	28	121151
403.97333333333336	0.5	nontarget	29	121192
403.97333333333336	0.5	C	4	121192
404.11	0.5	nontarget	29	121233
404.11	0.5	V	23	121233
404.24666666666667	0.5	nontarget	29	121274
404.24666666666667	0.5	D	5	121274
404.3833333333333	0.5	nontarget	29	121315
404.3833333333333	0.5	A	2	121315
404.52	0.5	nontarget	29	121356
404.52	0.5	M	14	121356
404.6566666666667	0.5	nontarget	29	121397
404.6566666666667	0.5	H	9	121397
404.79333333333335	0.5	nontarget	29	121438
404.79333333333335	0.5	Z	27	121438
404.93	0.5	nontarget	29	121479
404.93	0.5	R	19	121479
405.06666666666666	0.5	nontarget	29	121520
405.06666666666666	0.5	B	3	121520
405.2033333333333	0.5	nontarget	29	121561
405.2033333333333	0.5	G	8	121561
405.34	0.5	nontarget	29	121602
405.34	0.5	Y	26	121602
405.4766666666667	0.5	nontarget	29	121643
405.4766666666667	0.5	X	25	121643
405.61	0.5	nontarget	29	121683
405.61	0.5	E	6	121683
405.75	0.5	nontarget	29	121725
405.75	0.5	U	22	121725
405.88666666666666	0.5	nontarget	29	121766
405.88666666666666	0.5	I	10	121766
406.0233333333333	0.5	nontarget	29	121807
406.0233333333333	0.5	J	11	121807
406.16	0.5	nontarget	29	121848
406.16	0.5	L	13	121848
406.2966666666667	0.5	nontarget	29	121889
406.2966666666667	0.5	P	17	121889
406.43333333333334	0.5	nontarget	29	121930
406.43333333333334	0.5	S	20	121930
411.25333333333333	0.5	nontarget	29	123376
411.25333333333333	0.5	O	16	123376
411.3933333333333	0.5	nontarget	29	123418
411.3933333333333	0.5	X	25	123418
411.53	0.5	nontarget	29	123459
411.53	0.5	G	8	123459
411.6666666666667	0.5	nontarget	29	123500
411.6666666666667	0.5	I	10	123500
411.80333333333334	0.5	nontarget	29	123541
411.80333333333334	0.5	A	2	123541
411.93666666666667	0.5	nontarget	29	123581
411.93666666666667	0.5	H	9	123581
412.07666666666665	0.5	target	30	123623
412.07666666666665	0.5	T	21	123623
412.21	0.5	nontarget	29	123663
412.21	0.5	<	1	123663
412.3466666666667	0.5	nontarget	29	123704
412.3466666666667	0.5	Q	18	123704
412.4866666666667	0.5	nontarget	29	123746
412.4866666666667	0.5	V	23	123746
412.62333333333333	0.5	nontarget	29	123787
412.62333333333333	0.5	W	24	123787
412.76	0.5	nontarget	29	123828
412.76	0.5	C	4	123828
412.89666666666665	0.5	nontarget	29	123869
412.89666666666665	0.5	E	6	123869
413.03333333333336	0.5	nontarget	29	123910
413.03333333333336	0.5	N	15	123910
413.17	0.5	nontarget	29	123951
413.17	0.5	_	28	123951
413.3066666666667	0.5	nontarget	29	123992
413.3066666666667	0.5	Y	26	123992
413.4433333333333	0.5	nontarget	29	124033
413.4433333333333	0.5	D	5	124033
413.58	0.5	nontarget	29	124074
413.58	0.5	Z	27	124074
413.71666666666664	0.5	nontarget	29	124115
413.71666666666664	0.5	S	20	124115
413.85333333333335	0.5	nontarget	29	124156
413.85333333333335	0.5	F	7	124156
413.99	0.5	nontarget	29	124197
413.99	0.5	K	12	124197
414.13	0.5	nontarget	29	124239
414.13	0.5	L	13	124239
414.26666666666665	0.5	nontarget	29	124280
414.26666666666665	0.5	R	19	124280
414.4033333333333	0.5	nontarget	29	124321
414.4033333333333	0.5	U	22	124321
414.54	0.5	nontarget	29	124362
414.54	0.5	P	17	124362
414.67333333333335	0.5	nontarget	29	124402
414.67333333333335	0.5	M	14	124402
414.81333333333333	0.5	nontarget	29	124444
414.81333333333333	0.5	J	11	124444
414.94666666666666	0.5	nontarget	29	124484
414.94666666666666	0.5	B	3	124484
419.76666666666665	0.5	nontarget	29	125930
419.76666666666665	0.5	J	11	125930
419.9033333333333	0.5	nontarget	29	125971
419.9033333333333	0.5	L	13	125971
420.0366666666667	0.5	nontarget	29	126011
420.0366666666667	0.5	A	2	126011
420.17333333333335	0.5	nontarget	29	126052
420.17333333333335	0.5	W	24	126052
420.31	0.5	nontarget	29	126093
420.31	0.5	Y	26	126093
420.44666666666666	0.5	nontarget	29	126134
420.44666666666666	0.5	R	19	126134
420.58	0.5	nontarget	29	126174
420.58	0.5	U	22	126174
420.71666666666664	0.5	nontarget	29	126215
420.71666666666664	0.5	D	5	126215
420.85333333333335	0.5	nontarget	29	126256
420.85333333333335	0.5	O	16	126256
420.99	0.5	nontarget	29	126297
420.99	0.5	E	6	126297
421.12666666666667	0.5	nontarget	29	126338
421.12666666666667	0.5	_	28	126338
421.2633333333333	0.5	nontarget	29	126379
421.2633333333333	0.5	Z	27	126379
421.4	0.5	nontarget	29	126420
421.4	0.5	H	9	126420
421.5366666666667	0.5	nontarget	29	126461
421.5366666666667	0.5	C	4	126461
421.67333333333335	0.5	nontarget	29	126502
421.67333333333335	0.5	K	12	126502
421.81	0.5	nontarget	29	126543
421.81	0.5	X	25	126543
421.9433333333333	0.5	nontarget	29	126583
421.9433333333333	0.5	S	20	126583
422.08	0.5	target	30	126624
422.08	0.5	T	21	126624
422.21666666666664	0.5	nontarget	29	126665
422.21666666666664	0.5	Q	18	126665
422.35333333333335	0.5	nontarget	29	126706
422.35333333333335	0.5	P	17	126706
422.4866666666667	0.5	nontarget	29	126746
422.4866666666667	0.5	G	8	126746
422.62333333333333	0.5	nontarget	29	126787
422.62333333333333	0.5	M	14	126787
422.76	0.5	nontarget	29	126828
422.76	0.5	B	3	126828
422.89666666666665	0.5	nontarget	29	126869
422.89666666666665	0.5	F	7	126869
423.03333333333336	0.5	nontarget	29	126910
423.03333333333336	0.5	<	1	126910
423.17	0.5	nontarget	29	126951
423.17	0.5	V	23	126951
423.3066666666667	0.5	nontarget	29	126992
423.3066666666667	0.5	I	10	126992
423.4433333333333	0.5	nontarget	29	127033
423.4433333333333	0.5	N	15	127033
430.2733333333333	0.5	nontarget	29	129082
430.2733333333333	0.5	_	28	129082
430.41	0.5	nontarget	29	129123
430.41	0.5	M	14	129123
430.5466666666667	0.5	nontarget	29	129164
430.5466666666667	0.5	R	19	129164
430.68333333333334	0.5	nontarget	29	129205
430.68333333333334	0.5	S	20	129205
430.83666666666664	0.5	nontarget	29	129251
430.83666666666664	0.5	H	9	129251
430.97333333333336	0.5	nontarget	29	129292
430.97333333333336	0.5	F	7	129292
431.11	0.5	nontarget	29	129333
431.11	0.5	U	22	129333
431.24333333333334	0.5	nontarget	29	129373
431.24333333333334	0.5	Z	27	129373
431.38	0.5	nontarget	29	129414
431.38	0.5	V	23	129414
431.52	0.5	nontarget	29	129456
431.52	0.5	B	3	129456
431.6566666666667	0.5	nontarget	29	129497
431.6566666666667	0.5	C	4	129497
431.79333333333335	0.5	nontarget	29	129538
431.79333333333335	0.5	N	15	129538
431.93	0.5	nontarget	29	129579
431.93	0.5	G	8	129579
432.06666666666666	0.5	target	30	129620
432.06666666666666	0.5	<	1	129620
432.2033333333333	0.5	nontarget	29	129661
432.2033333333333	0.5	L	13	129661
432.33666666666664	0.5	nontarget	29	129701
432.33666666666664	0.5	T	21	129701
432.47333333333336	0.5	nontarget	29	129742
432.47333333333336	0.5	E	6	129742
432.61	0.5	nontarget	29	129783
432.61	0.5	W	24	129783
432.74666666666667	0.5	nontarget	29	129824
432.74666666666667	0.5	X	25	129824
432.8833333333333	0.5	nontarget	29	129865
432.8833333333333	0.5	I	10	129865
433.02	0.5	nontarget	29	129906
433.02	0.5	J	11	129906
433.1566666666667	0.5	nontarget	29	129947
433.1566666666667	0.5	K	12	129947
433.29333333333335	0.5	nontarget	29	129988
433.29333333333335	0.5	O	16	129988
433.4266666666667	0.5	nontarget	29	130028
433.4266666666667	0.5	Y	26	130028
433.56666666666666	0.5	nontarget	29	130070
433.56666666666666	0.5	A	2	130070
433.7033333333333	0.5	nontarget	29	130111
433.7033333333333	0.5	D	5	130111
433.83666666666664	0.5	nontarget	29	130151
433.83666666666664	0.5	Q	18	130151
433.97333333333336	0.5	nontarget	29	130192
433.97333333333336	0.5	P	17	130192
438.79	0.5	nontarget	29	131637
438.79	0.5	N	15	131637
438.9266666666667	0.5	nontarget	29	131678
438.9266666666667	0.5	U	22	131678
439.06333333333333	0.5	nontarget	29	131719
439.06333333333333	0.5	L	13	131719
439.2	0.5	nontarget	29	131760
439.2	0.5	P	17	131760
439.33666666666664	0.5	nontarget	29	131801
439.33666666666664	0.5	D	5	131801
439.47333333333336	0.5	nontarget	29	131842
439.47333333333336	0.5	O	16	131842
439.61	0.5	nontarget	29	131883
439.61	0.5	A	2	131883
439.74666666666667	0.5	nontarget	29	131924
439.74666666666667	0.5	K	12	131924
439.8833333333333	0.5	nontarget	29	131965
439.8833333333333	0.5	W	24	131965
440.01666666666665	0.5	nontarget	29	132005
440.01666666666665	0.5	R	19	132005
440.1533333333333	0.5	nontarget	29	132046
440.1533333333333	0.5	G	8	132046
440.29	0.5	nontarget	29	132087
440.29	0.5	Y	26	132087
440.42333333333335	0.5	nontarget	29	132127
440.42333333333335	0.5	M	14	132127
440.56	0.5	nontarget	29	132168
440.56	0.5	I	10	132168
440.69666666666666	0.5	nontarget	29	132209
440.69666666666666	0.5	Z	27	132209
440.8333333333333	0.5	nontarget	29	132250
440.8333333333333	0.5	J	11	132250
440.96666666666664	0.5	nontarget	29	132290
440.96666666666664	0.5	E	6	132290
441.10333333333335	0.5	nontarget	29	132331
441.10333333333335	0.5	H	9	132331
441.24	0.5	nontarget	29	132372
441.24	0.5	V	23	132372
441.37666666666667	0.5	target	30	132413
441.37666666666667	0.5	<	1	132413
441.51666666666665	0.5	nontarget	29	132455
441.51666666666665	0.5	C	4	132455
441.6533333333333	0.5	nontarget	29	132496
441.6533333333333	0.5	X	25	132496
441.79	0.5	nontarget	29	132537
441.79	0.5	_	28	132537
441.9266666666667	0.5	nontarget	29	132578
441.9266666666667	0.5	B	3	132578
442.06333333333333	0.5	nontarget	29	132619
442.06333333333333	0.5	T	21	132619
442.2	0.5	nontarget	29	132660
442.2	0.5	F	7	132660
442.33666666666664	0.5	nontarget	29	132701
442.33666666666664	0.5	S	20	132701
442.47333333333336	0.5	nontarget	29	132742
442.47333333333336	0.5	Q	18	132742
447.2966666666667	0.5	nontarget	29	134189
447.2966666666667	0.5	G	8	134189
447.43333333333334	0.5	nontarget	29	134230
447.43333333333334	0.5	S	20	134230
447.57	0.5	nontarget	29	134271
447.57	0.5	N	15	134271
447.70666666666665	0.5	nontarget	29	134312
447.70666666666665	0.5	B	3	134312
447.8433333333333	0.5	nontarget	29	134353
447.8433333333333	0.5	O	16	134353
447.98	0.5	nontarget	29	134394
447.98	0.5	D	5	134394
448.1166666666667	0.5	nontarget	29	134435
448.1166666666667	0.5	M	14	134435
448.25333333333333	0.5	nontarget	29	134476
448.25333333333333	0.5	C	4	134476
448.39	0.5	nontarget	29	134517
448.39	0.5	R	19	134517
448.52666666666664	0.5	nontarget	29	134558
448.52666666666664	0.5	J	11	134558
448.66333333333336	0.5	nontarget	29	134599
448.66333333333336	0.5	A	2	134599
448.8	0.5	nontarget	29	134640
448.8	0.5	X	25	134640
448.93666666666667	0.5	nontarget	29	134681
448.93666666666667	0.5	_	28	134681
449.0733333333333	0.5	nontarget	29	134722
449.0733333333333	0.5	Q	18	134722
449.21	0.5	nontarget	29	134763
449.21	0.5	Y	26	134763
449.3466666666667	0.5	nontarget	29	134804
449.3466666666667	0.5	E	6	134804
449.48333333333335	0.5	nontarget	29	134845
449.48333333333335	0.5	H	9	134845
449.62	0.5	nontarget	29	134886
449.62	0.5	T	21	134886
449.75666666666666	0.5	nontarget	29	134927
449.75666666666666	0.5	I	10	134927
449.8933333333333	0.5	nontarget	29	134968
449.8933333333333	0.5	F	7	134968
450.03	0.5	nontarget	29	135009
450.03	0.5	Z	27	135009
450.1666666666667	0.5	target	30	135050
450.1666666666667	0.5	<	1	135050
450.30333333333334	0.5	nontarget	29	135091
450.30333333333334	0.5	U	22	135091
450.44	0.5	nontarget	29	135132
450.44	0.5	V	23	135132
450.57666666666665	0.5	nontarget	29	135173
450.57666666666665	0.5	L	13	135173
450.71	0.5	nontarget	29	135213
450.71	0.5	P	17	135213
450.8466666666667	0.5	nontarget	29	135254
450.8466666666667	0.5	W	24	135254
450.98333333333335	0.5	nontarget	29	135295
450.98333333333335	0.5	K	12	135295
455.80333333333334	0.5	nontarget	29	136741
455.80333333333334	0.5	A	2	136741
455.94	0.5	nontarget	29	136782
455.94	0.5	L	13	136782
456.07666666666665	0.5	nontarget	29	136823
456.07666666666665	0.5	F	7	136823
456.2133333333333	0.5	nontarget	29	136864
456.2133333333333	0.5	W	24	136864
456.35	0.5	nontarget	29	136905
456.35	0.5	B	3	136905
456.48333333333335	0.5	nontarget	29	136945
456.48333333333335	0.5	O	16	136945
456.62	0.5	nontarget	29	136986
456.62	0.5	M	14	136986
456.75666666666666	0.5	nontarget	29	137027
456.75666666666666	0.5	J	11	137027
456.8933333333333	0.5	nontarget	29	137068
456.8933333333333	0.5	S	20	137068
457.03	0.5	nontarget	29	137109
457.03	0.5	G	8	137109
457.1666666666667	0.5	target	30	137150
457.1666666666667	0.5	<	1	137150
457.30333333333334	0.5	nontarget	29	137191
457.30333333333334	0.5	R	19	137191
457.43666666666667	0.5	nontarget	29	137231
457.43666666666667	0.5	K	12	137231
457.5733333333333	0.5	nontarget	29	137272
457.5733333333333	0.5	Q	18	137272
457.7133333333333	0.5	nontarget	29	137314
457.7133333333333	0.5	N	15	137314
457.8466666666667	0.5	nontarget	29	137354
457.8466666666667	0.5	Y	26	137354
457.9866666666667	0.5	nontarget	29	137396
457.9866666666667	0.5	Z	27	137396
458.12333333333333	0.5	nontarget	29	137437
458.12333333333333	0.5	D	5	137437
458.26	0.5	nontarget	29	137478
458.26	0.5	P	17	137478
458.39666666666665	0.5	nontarget	29	137519
458.39666666666665	0.5	H	9	137519
458.53333333333336	0.5	nontarget	29	137560
458.53333333333336	0.5	V	23	137560
458.67	0.5	nontarget	29	137601
458.67	0.5	U	22	137601
458.8066666666667	0.5	nontarget	29	137642
458.8066666666667	0.5	X	25	137642
458.9433333333333	0.5	nontarget	29	137683
458.9433333333333	0.5	_	28	137683
459.08	0.5	nontarget	29	137724
459.08	0.5	E	6	137724
459.21666666666664	0.5	nontarget	29	137765
459.21666666666664	0.5	I	10	137765
459.35	0.5	nontarget	29	137805
459.35	0.5	T	21	137805
459.4866666666667	0.5	nontarget	29	137846
459.4866666666667	0.5	C	4	137846
464.31	0.5	nontarget	29	139293
464.31	0.5	K	12	139293
464.44666666666666	0.5	nontarget	29	139334
464.44666666666666	0.5	D	5	139334
464.5833333333333	0.5	nontarget	29	139375
464.5833333333333	0.5	Y	26	139375
464.72	0.5	nontarget	29	139416
464.72	0.5	Z	27	139416
464.8566666666667	0.5	nontarget	29	139457
464.8566666666667	0.5	X	25	139457
464.99333333333334	0.5	nontarget	29	139498
464.99333333333334	0.5	L	13	139498
465.12666666666667	0.5	nontarget	29	139538
465.12666666666667	0.5	J	11	139538
465.26666666666665	0.5	nontarget	29	139580
465.26666666666665	0.5	I	10	139580
465.4033333333333	0.5	nontarget	29	139621
465.4033333333333	0.5	G	8	139621
465.54	0.5	nontarget	29	139662
465.54	0.5	H	9	139662
465.6766666666667	0.5	nontarget	29	139703
465.6766666666667	0.5	M	14	139703
465.81333333333333	0.5	nontarget	29	139744
465.81333333333333	0.5	P	17	139744
465.95	0.5	nontarget	29	139785
465.95	0.5	O	16	139785
466.08666666666664	0.5	nontarget	29	139826
466.08666666666664	0.5	V	23	139826
466.22333333333336	0.5	nontarget	29	139867
466.22333333333336	0.5	R	19	139867
466.3566666666667	0.5	nontarget	29	139907
466.3566666666667	0.5	T	21	139907
466.49333333333334	0.5	nontarget	29	139948
466.49333333333334	0.5	U	22	139948
466.62666666666667	0.5	nontarget	29	139988
466.62666666666667	0.5	E	6	139988
466.7633333333333	0.5	nontarget	29	140029
466.7633333333333	0.5	C	4	140029
466.9	0.5	nontarget	29	140070
466.9	0.5	B	3	140070
467.0366666666667	0.5	nontarget	29	140111
467.0366666666667	0.5	N	15	140111
467.17333333333335	0.5	nontarget	29	140152
467.17333333333335	0.5	Q	18	140152
467.31	0.5	nontarget	29	140193
467.31	0.5	S	20	140193
467.44666666666666	0.5	nontarget	29	140234
467.44666666666666	0.5	W	24	140234
467.6566666666667	0.5	nontarget	29	140297
467.6566666666667	0.5	F	7	140297
467.79333333333335	0.5	nontarget	29	140338
467.79333333333335	0.5	A	2	140338
467.93	0.5	nontarget	29	140379
467.93	0.5	_	28	140379
468.06666666666666	0.5	target	30	140420
468.06666666666666	0.5	<	1	140420
472.89	0.5	nontarget	29	141867
472.89	0.5	O	16	141867
473.0233333333333	0.5	nontarget	29	141907
473.0233333333333	0.5	G	8	141907
473.16	0.5	nontarget	29	141948
473.16	0.5	Q	18	141948
473.2966666666667	0.5	nontarget	29	141989
473.2966666666667	0.5	S	20	141989
473.43333333333334	0.5	nontarget	29	142030
473.43333333333334	0.5	D	5	142030
473.57	0.5	nontarget	29	142071
473.57	0.5	I	10	142071
473.71	0.5	nontarget	29	142113
473.71	0.5	X	25	142113
473.8433333333333	0.5	target	30	142153
473.8433333333333	0.5	<	1	142153
473.98	0.5	nontarget	29	142194
473.98	0.5	Z	27	142194
474.1166666666667	0.5	nontarget	29	142235
474.1166666666667	0.5	T	21	142235
474.25333333333333	0.5	nontarget	29	142276
474.25333333333333	0.5	C	4	142276
474.38666666666666	0.5	nontarget	29	142316
474.38666666666666	0.5	A	2	142316
474.52666666666664	0.5	nontarget	29	142358
474.52666666666664	0.5	J	11	142358
474.66333333333336	0.5	nontarget	29	142399
474.66333333333336	0.5	Y	26	142399
474.8	0.5	nontarget	29	142440
474.8	0.5	R	19	142440
474.93666666666667	0.5	nontarget	29	142481
474.93666666666667	0.5	K	12	142481
475.0733333333333	0.5	nontarget	29	142522
475.0733333333333	0.5	P	17	142522
475.21	0.5	nontarget	29	142563
475.21	0.5	E	6	142563
475.3466666666667	0.5	nontarget	29	142604
475.3466666666667	0.5	F	7	142604
475.48333333333335	0.5	nontarget	29	142645
475.48333333333335	0.5	H	9	142645
475.62	0.5	nontarget	29	142686
475.62	0.5	U	22	142686
475.76	0.5	nontarget	29	142728
475.76	0.5	L	13	142728
475.89666666666665	0.5	nontarget	29	142769
475.89666666666665	0.5	B	3	142769
476.03333333333336	0.5	nontarget	29	142810
476.03333333333336	0.5	N	15	142810
476.17	0.5	nontarget	29	142851
476.17	0.5	W	24	142851
476.30333333333334	0.5	nontarget	29	142891
476.30333333333334	0.5	V	23	142891
476.44	0.5	nontarget	29	142932
476.44	0.5	M	14	142932
476.57666666666665	0.5	nontarget	29	142973
476.57666666666665	0.5	_	28	142973
483.4033333333333	0.5	nontarget	29	145021
483.4033333333333	0.5	X	25	145021
483.54	0.5	nontarget	29	145062
483.54	0.5	L	13	145062
483.6766666666667	0.5	nontarget	29	145103
483.6766666666667	0.5	T	21	145103
483.81333333333333	0.5	nontarget	29	145144
483.81333333333333	0.5	R	19	145144
483.95	0.5	nontarget	29	145185
483.95	0.5	_	28	145185
484.08666666666664	0.5	nontarget	29	145226
484.08666666666664	0.5	F	7	145226
484.22333333333336	0.5	target	30	145267
484.22333333333336	0.5	<	1	145267
484.36	0.5	nontarget	29	145308
484.36	0.5	Z	27	145308
484.49666666666667	0.5	nontarget	29	145349
484.49666666666667	0.5	Y	26	145349
484.6333333333333	0.5	nontarget	29	145390
484.6333333333333	0.5	N	15	145390
484.76666666666665	0.5	nontarget	29	145430
484.76666666666665	0.5	S	20	145430
484.9066666666667	0.5	nontarget	29	145472
484.9066666666667	0.5	E	6	145472
485.04333333333335	0.5	nontarget	29	145513
485.04333333333335	0.5	G	8	145513
485.18	0.5	nontarget	29	145554
485.18	0.5	V	23	145554
485.31666666666666	0.5	nontarget	29	145595
485.31666666666666	0.5	A	2	145595
485.4533333333333	0.5	nontarget	29	145636
485.4533333333333	0.5	U	22	145636
485.59	0.5	nontarget	29	145677
485.59	0.5	H	9	145677
485.7266666666667	0.5	nontarget	29	145718
485.7266666666667	0.5	D	5	145718
485.86333333333334	0.5	nontarget	29	145759
485.86333333333334	0.5	K	12	145759
486.0	0.5	nontarget	29	145800
486.0	0.5	O	16	145800
486.13666666666666	0.5	nontarget	29	145841
486.13666666666666	0.5	W	24	145841
486.27666666666664	0.5	nontarget	29	145883
486.27666666666664	0.5	I	10	145883
486.41	0.5	nontarget	29	145923
486.41	0.5	Q	18	145923
486.5466666666667	0.5	nontarget	29	145964
486.5466666666667	0.5	P	17	145964
486.68333333333334	0.5	nontarget	29	146005
486.68333333333334	0.5	M	14	146005
486.82	0.5	nontarget	29	146046
486.82	0.5	J	11	146046
486.95666666666665	0.5	nontarget	29	146087
486.95666666666665	0.5	B	3	146087
487.0933333333333	0.5	nontarget	29	146128
487.0933333333333	0.5	C	4	146128
491.92333333333335	0.5	nontarget	29	147577
491.92333333333335	0.5	Y	26	147577
492.06	0.5	nontarget	29	147618
492.06	0.5	_	28	147618
492.19666666666666	0.5	nontarget	29	147659
492.19666666666666	0.5	B	3	147659
492.3333333333333	0.5	nontarget	29	147700
492.3333333333333	0.5	C	4	147700
492.47	0.5	nontarget	29	147741
492.47	0.5	H	9	147741
492.6066666666667	0.5	nontarget	29	147782
492.6066666666667	0.5	X	25	147782
492.74333333333334	0.5	nontarget	29	147823
492.74333333333334	0.5	A	2	147823
492.88	0.5	nontarget	29	147864
492.88	0.5	T	21	147864
493.01666666666665	0.5	nontarget	29	147905
493.01666666666665	0.5	D	5	147905
493.1533333333333	0.5	nontarget	29	147946
493.1533333333333	0.5	M	14	147946
493.29	0.5	nontarget	29	147987
493.29	0.5	Q	18	147987
493.4266666666667	0.5	nontarget	29	148028
493.4266666666667	0.5	R	19	148028
493.56333333333333	0.5	nontarget	29	148069
493.56333333333333	0.5	K	12	148069
493.7033333333333	0.5	nontarget	29	148111
493.7033333333333	0.5	F	7	148111
493.84	0.5	nontarget	29	148152
493.84	0.5	P	17	148152
493.9766666666667	0.5	nontarget	29	148193
493.9766666666667	0.5	L	13	148193
494.11	0.5	nontarget	29	148233
494.11	0.5	V	23	148233
494.24666666666667	0.5	nontarget	29	148274
494.24666666666667	0.5	O	16	148274
494.3833333333333	0.5	target	30	148315
494.3833333333333	0.5	<	1	148315
494.5233333333333	0.5	nontarget	29	148357
494.5233333333333	0.5	J	11	148357
494.66	0.5	nontarget	29	148398
494.66	0.5	U	22	148398
494.7966666666667	0.5	nontarget	29	148439
494.7966666666667	0.5	S	20	148439
494.93333333333334	0.5	nontarget	29	148480
494.93333333333334	0.5	I	10	148480
495.0733333333333	0.5	nontarget	29	148522
495.0733333333333	0.5	G	8	148522
495.20666666666665	0.5	nontarget	29	148562
495.20666666666665	0.5	Z	27	148562
495.3466666666667	0.5	nontarget	29	148604
495.3466666666667	0.5	W	24	148604
495.48333333333335	0.5	nontarget	29	148645
495.48333333333335	0.5	E	6	148645
495.62	0.5	nontarget	29	148686
495.62	0.5	N	15	148686
500.4433333333333	0.5	nontarget	29	150133
500.4433333333333	0.5	R	19	150133
500.58	0.5	nontarget	29	150174
500.58	0.5	J	11	150174
500.72	0.5	nontarget	29	150216
500.72	0.5	L	13	150216
500.8566666666667	0.5	nontarget	29	150257
500.8566666666667	0.5	F	7	150257
500.99333333333334	0.5	nontarget	29	150298
500.99333333333334	0.5	U	22	150298
501.13	0.5	nontarget	29	150339
501.13	0.5	A	2	150339
501.26666666666665	0.5	nontarget	29	150380
501.26666666666665	0.5	H	9	150380
501.4033333333333	0.5	nontarget	29	150421
501.4033333333333	0.5	G	8	150421
501.54	0.5	nontarget	29	150462
501.54	0.5	Y	26	150462
501.6766666666667	0.5	nontarget	29	150503
501.6766666666667	0.5	V	23	150503
501.81333333333333	0.5	nontarget	29	150544
501.81333333333333	0.5	I	10	150544
501.95	0.5	nontarget	29	150585
501.95	0.5	M	14	150585
502.08666666666664	0.5	nontarget	29	150626
502.08666666666664	0.5	E	6	150626
502.22333333333336	0.5	nontarget	29	150667
502.22333333333336	0.5	W	24	150667
502.36	0.5	nontarget	29	150708
502.36	0.5	C	4	150708
502.49666666666667	0.5	nontarget	29	150749
502.49666666666667	0.5	X	25	150749
502.63	0.5	nontarget	29	150789
502.63	0.5	Q	18	150789
502.77	0.5	nontarget	29	150831
502.77	0.5	B	3	150831
502.9066666666667	0.5	nontarget	29	150872
502.9066666666667	0.5	T	21	150872
503.04333333333335	0.5	nontarget	29	150913
503.04333333333335	0.5	N	15	150913
503.18	0.5	nontarget	29	150954
503.18	0.5	_	28	150954
503.31666666666666	0.5	nontarget	29	150995
503.31666666666666	0.5	S	20	150995
503.4533333333333	0.5	target	30	151036
503.4533333333333	0.5	<	1	151036
503.59	0.5	nontarget	29	151077
503.59	0.5	Z	27	151077
503.73	0.5	nontarget	29	151119
503.73	0.5	O	16	151119
503.8666666666667	0.5	nontarget	29	151160
503.8666666666667	0.5	K	12	151160
504.00333333333333	0.5	nontarget	29	151201
504.00333333333333	0.5	P	17	151201
504.14	0.5	nontarget	29	151242
504.14	0.5	D	5	151242
508.96666666666664	0.5	nontarget	29	152690
508.96666666666664	0.5	S	20	152690
509.10333333333335	0.5	nontarget	29	152731
509.10333333333335	0.5	X	25	152731
509.24	0.5	nontarget	29	152772
509.24	0.5	Y	26	152772
509.37666666666667	0.5	nontarget	29	152813
509.37666666666667	0.5	U	22	152813
509.5133333333333	0.5	nontarget	29	152854
509.5133333333333	0.5	Q	18	152854
509.65	0.5	nontarget	29	152895
509.65	0.5	O	16	152895
509.7866666666667	0.5	nontarget	29	152936
509.7866666666667	0.5	P	17	152936
509.92333333333335	0.5	target	30	152977
509.92333333333335	0.5	<	1	152977
510.06	0.5	nontarget	29	153018
510.06	0.5	H	9	153018
510.19666666666666	0.5	nontarget	29	153059
510.19666666666666	0.5	C	4	153059
510.33666666666664	0.5	nontarget	29	153101
510.33666666666664	0.5	Z	27	153101
510.47333333333336	0.5	nontarget	29	153142
510.47333333333336	0.5	_	28	153142
510.61	0.5	nontarget	29	153183
510.61	0.5	V	23	153183
510.74666666666667	0.5	nontarget	29	153224
510.74666666666667	0.5	A	2	153224
510.8833333333333	0.5	nontarget	29	153265
510.8833333333333	0.5	M	14	153265
511.02	0.5	nontarget	29	153306
511.02	0.5	I	10	153306
511.1566666666667	0.5	nontarget	29	153347
511.1566666666667	0.5	N	15	153347
511.29333333333335	0.5	nontarget	29	153388
511.29333333333335	0.5	J	11	153388
511.43	0.5	nontarget	29	153429
511.43	0.5	D	5	153429
511.56333333333333	0.5	nontarget	29	153469
511.56333333333333	0.5	K	12	153469
511.7033333333333	0.5	nontarget	29	153511
511.7033333333333	0.5	F	7	153511
511.84	0.5	nontarget	29	153552
511.84	0.5	T	21	153552
511.9766666666667	0.5	nontarget	29	153593
511.9766666666667	0.5	L	13	153593
512.1133333333333	0.5	nontarget	29	153634
512.1133333333333	0.5	G	8	153634
512.2533333333333	0.5	nontarget	29	153676
512.2533333333333	0.5	E	6	153676
512.39	0.5	nontarget	29	153717
512.39	0.5	R	19	153717
512.5266666666666	0.5	nontarget	29	153758
512.5266666666666	0.5	W	24	153758
512.6633333333333	0.5	nontarget	29	153799
512.6633333333333	0.5	B	3	153799
517.4866666666667	0.5	nontarget	29	155246
517.4866666666667	0.5	Y	26	155246
517.6233333333333	0.5	nontarget	29	155287
517.6233333333333	0.5	D	5	155287
517.76	0.5	nontarget	29	155328
517.76	0.5	I	10	155328
517.8966666666666	0.5	nontarget	29	155369
517.8966666666666	0.5	O	16	155369
518.0333333333333	0.5	nontarget	29	155410
518.0333333333333	0.5	Z	27	155410
518.17	0.5	nontarget	29	155451
518.17	0.5	W	24	155451
518.3066666666666	0.5	nontarget	29	155492
518.3066666666666	0.5	R	19	155492
518.4433333333334	0.5	nontarget	29	155533
518.4433333333334	0.5	B	3	155533
518.58	0.5	nontarget	29	155574
518.58	0.5	_	28	155574
518.7166666666667	0.5	nontarget	29	155615
518.7166666666667	0.5	V	23	155615
518.8533333333334	0.5	nontarget	29	155656
518.8533333333334	0.5	C	4	155656
518.99	0.5	nontarget	29	155697
518.99	0.5	H	9	155697
519.1266666666667	0.5	nontarget	29	155738
519.1266666666667	0.5	U	22	155738
519.2666666666667	0.5	nontarget	29	155780
519.2666666666667	0.5	P	17	155780
519.4033333333333	0.5	target	30	155821
519.4033333333333	0.5	<	1	155821
519.5366666666666	0.5	nontarget	29	155861
519.5366666666666	0.5	S	20	155861
519.6766666666666	0.5	nontarget	29	155903
519.6766666666666	0.5	N	15	155903
519.8133333333334	0.5	nontarget	29	155944
519.8133333333334	0.5	G	8	155944
519.95	0.5	nontarget	29	155985
519.95	0.5	F	7	155985
520.0866666666667	0.5	nontarget	29	156026
520.0866666666667	0.5	E	6	156026
520.2233333333334	0.5	nontarget	29	156067
520.2233333333334	0.5	X	25	156067
520.36	0.5	nontarget	29	156108
520.36	0.5	M	14	156108
520.4966666666667	0.5	nontarget	29	156149
520.4966666666667	0.5	Q	18	156149
520.6333333333333	0.5	nontarget	29	156190
520.6333333333333	0.5	T	21	156190
520.77	0.5	nontarget	29	156231
520.77	0.5	K	12	156231
520.91	0.5	nontarget	29	156273
520.91	0.5	L	13	156273
521.0466666666666	0.5	nontarget	29	156314
521.0466666666666	0.5	J	11	156314
521.18	0.5	nontarget	29	156354
521.18	0.5	A	2	156354
526.0066666666667	0.5	nontarget	29	157802
526.0066666666667	0.5	F	7	157802
526.1433333333333	0.5	nontarget	29	157843
526.1433333333333	0.5	P	17	157843
526.28	0.5	nontarget	29	157884
526.28	0.5	N	15	157884
526.4166666666666	0.5	target	30	157925
526.4166666666666	0.5	<	1	157925
526.5533333333333	0.5	nontarget	29	157966
526.5533333333333	0.5	O	16	157966
526.69	0.5	nontarget	29	158007
526.69	0.5	Z	27	158007
526.8266666666667	0.5	nontarget	29	158048
526.8266666666667	0.5	A	2	158048
526.9633333333334	0.5	nontarget	29	158089
526.9633333333334	0.5	C	4	158089
527.1033333333334	0.5	nontarget	29	158131
527.1033333333334	0.5	J	11	158131
527.24	0.5	nontarget	29	158172
527.24	0.5	T	21	158172
527.3766666666667	0.5	nontarget	29	158213
527.3766666666667	0.5	_	28	158213
527.51	0.5	nontarget	29	158253
527.51	0.5	R	19	158253
527.65	0.5	nontarget	29	158295
527.65	0.5	U	22	158295
527.7866666666666	0.5	nontarget	29	158336
527.7866666666666	0.5	Q	18	158336
527.9233333333333	0.5	nontarget	29	158377
527.9233333333333	0.5	W	24	158377
528.0566666666666	0.5	nontarget	29	158417
528.0566666666666	0.5	H	9	158417
528.1966666666667	0.5	nontarget	29	158459
528.1966666666667	0.5	S	20	158459
528.3366666666667	0.5	nontarget	29	158501
528.3366666666667	0.5	V	23	158501
528.4733333333334	0.5	nontarget	29	158542
528.4733333333334	0.5	X	25	158542
528.6066666666667	0.5	nontarget	29	158582
528.6066666666667	0.5	D	5	158582
528.7466666666667	0.5	nontarget	29	158624
528.7466666666667	0.5	E	6	158624
528.88	0.5	nontarget	29	158664
528.88	0.5	Y	26	158664
529.0166666666667	0.5	nontarget	29	158705
529.0166666666667	0.5	B	3	158705
529.1533333333333	0.5	nontarget	29	158746
529.1533333333333	0.5	I	10	158746
529.3066666666666	0.5	nontarget	29	158792
529.3066666666666	0.5	G	8	158792
529.4433333333334	0.5	nontarget	29	158833
529.4433333333334	0.5	M	14	158833
529.5833333333334	0.5	nontarget	29	158875
529.5833333333334	0.5	L	13	158875
529.72	0.5	nontarget	29	158916
529.72	0.5	K	12	158916
