onset	duration	trial_type	value	sample
15.22	0.5	nontarget	29	4566
15.22	0.5	W	24	4566
15.356666666666667	0.5	nontarget	29	4607
15.356666666666667	0.5	B	3	4607
15.493333333333334	0.5	nontarget	29	4648
15.493333333333334	0.5	F	7	4648
15.63	0.5	nontarget	29	4689
15.63	0.5	L	13	4689
15.766666666666667	0.5	nontarget	29	4730
15.766666666666667	0.5	K	12	4730
15.903333333333334	0.5	nontarget	29	4771
15.903333333333334	0.5	Y	26	4771
16.04	0.5	nontarget	29	4812
16.04	0.5	_	28	4812
16.176666666666666	0.5	nontarget	29	4853
16.176666666666666	0.5	D	5	4853
16.31	0.5	nontarget	29	4893
16.31	0.5	P	17	4893
16.446666666666665	0.5	nontarget	29	4934
16.446666666666665	0.5	X	25	4934
16.583333333333332	0.5	nontarget	29	4975
16.583333333333332	0.5	T	21	4975
16.72	0.5	nontarget	29	5016
16.72	0.5	U	22	5016
16.85333333333333	0.5	nontarget	29	5056
16.85333333333333	0.5	H	9	5056
16.99	0.5	target	30	5097
16.99	0.5	Q	18	5097
17.126666666666665	0.5	nontarget	29	5138
17.126666666666665	0.5	<	1	5138
17.263333333333332	0.5	nontarget	29	5179
17.263333333333332	0.5	A	2	5179
17.39666666666667	0.5	nontarget	29	5219
17.39666666666667	0.5	G	8	5219
17.533333333333335	0.5	nontarget	29	5260
17.533333333333335	0.5	J	11	5260
17.67	0.5	nontarget	29	5301
17.67	0.5	Z	27	5301
17.80666666666667	0.5	nontarget	29	5342
17.80666666666667	0.5	C	4	5342
17.94333333333333	0.5	nontarget	29	5383
17.94333333333333	0.5	V	23	5383
18.08	0.5	nontarget	29	5424
18.08	0.5	M	14	5424
18.216666666666665	0.5	nontarget	29	5465
18.216666666666665	0.5	S	20	5465
18.35	0.5	nontarget	29	5505
18.35	0.5	R	19	5505
18.486666666666668	0.5	nontarget	29	5546
18.486666666666668	0.5	I	10	5546
18.623333333333335	0.5	nontarget	29	5587
18.623333333333335	0.5	O	16	5587
18.756666666666668	0.5	nontarget	29	5627
18.756666666666668	0.5	E	6	5627
18.893333333333334	0.5	nontarget	29	5668
18.893333333333334	0.5	N	15	5668
24.71	0.5	nontarget	29	7413
24.71	0.5	S	20	7413
24.846666666666668	0.5	nontarget	29	7454
24.846666666666668	0.5	T	21	7454
24.98	0.5	nontarget	29	7494
24.98	0.5	E	6	7494
25.116666666666667	0.5	nontarget	29	7535
25.116666666666667	0.5	H	9	7535
25.25	0.5	nontarget	29	7575
25.25	0.5	L	13	7575
25.386666666666667	0.5	nontarget	29	7616
25.386666666666667	0.5	Q	18	7616
25.52	0.5	nontarget	29	7656
25.52	0.5	_	28	7656
25.656666666666666	0.5	nontarget	29	7697
25.656666666666666	0.5	I	10	7697
25.79	0.5	nontarget	29	7737
25.79	0.5	X	25	7737
25.926666666666666	0.5	nontarget	29	7778
25.926666666666666	0.5	K	12	7778
26.06	0.5	nontarget	29	7818
26.06	0.5	G	8	7818
26.196666666666665	0.5	nontarget	29	7859
26.196666666666665	0.5	D	5	7859
26.333333333333332	0.5	nontarget	29	7900
26.333333333333332	0.5	A	2	7900
26.466666666666665	0.5	nontarget	29	7940
26.466666666666665	0.5	U	22	7940
26.60333333333333	0.5	nontarget	29	7981
26.60333333333333	0.5	Z	27	7981
26.736666666666668	0.5	nontarget	29	8021
26.736666666666668	0.5	R	19	8021
26.873333333333335	0.5	nontarget	29	8062
26.873333333333335	0.5	C	4	8062
27.01	0.5	nontarget	29	8103
27.01	0.5	F	7	8103
27.143333333333334	0.5	nontarget	29	8143
27.143333333333334	0.5	O	16	8143
27.28	0.5	nontarget	29	8184
27.28	0.5	W	24	8184
27.413333333333334	0.5	nontarget	29	8224
27.413333333333334	0.5	M	14	8224
27.546666666666667	0.5	nontarget	29	8264
27.546666666666667	0.5	B	3	8264
27.683333333333334	0.5	nontarget	29	8305
27.683333333333334	0.5	N	15	8305
27.816666666666666	0.5	nontarget	29	8345
27.816666666666666	0.5	<	1	8345
27.953333333333333	0.5	nontarget	29	8386
27.953333333333333	0.5	Y	26	8386
28.086666666666666	0.5	nontarget	29	8426
28.086666666666666	0.5	J	11	8426
28.223333333333333	0.5	target	30	8467
28.223333333333333	0.5	V	23	8467
28.36	0.5	nontarget	29	8508
28.36	0.5	P	17	8508
34.17666666666667	0.5	target	30	10253
34.17666666666667	0.5	K	12	10253
34.31	0.5	nontarget	29	10293
34.31	0.5	W	24	10293
34.443333333333335	0.5	nontarget	29	10333
34.443333333333335	0.5	F	7	10333
34.58	0.5	nontarget	29	10374
34.58	0.5	M	14	10374
34.71666666666667	0.5	nontarget	29	10415
34.71666666666667	0.5	C	4	10415
34.85	0.5	nontarget	29	10455
34.85	0.5	Y	26	10455
34.986666666666665	0.5	nontarget	29	10496
34.986666666666665	0.5	S	20	10496
35.123333333333335	0.5	nontarget	29	10537
35.123333333333335	0.5	V	23	10537
35.26	0.5	nontarget	29	10578
35.26	0.5	U	22	10578
35.39666666666667	0.5	nontarget	29	10619
35.39666666666667	0.5	Q	18	10619
35.53	0.5	nontarget	29	10659
35.53	0.5	E	6	10659
35.666666666666664	0.5	nontarget	29	10700
35.666666666666664	0.5	J	11	10700
35.803333333333335	0.5	nontarget	29	10741
35.803333333333335	0.5	O	16	10741
35.93666666666667	0.5	nontarget	29	10781
35.93666666666667	0.5	G	8	10781
36.07333333333333	0.5	nontarget	29	10822
36.07333333333333	0.5	D	5	10822
36.21	0.5	nontarget	29	10863
36.21	0.5	T	21	10863
36.35	0.5	nontarget	29	10905
36.35	0.5	X	25	10905
36.483333333333334	0.5	nontarget	29	10945
36.483333333333334	0.5	L	13	10945
36.62	0.5	nontarget	29	10986
36.62	0.5	P	17	10986
36.75333333333333	0.5	nontarget	29	11026
36.75333333333333	0.5	I	10	11026
36.89	0.5	nontarget	29	11067
36.89	0.5	Z	27	11067
37.02333333333333	0.5	nontarget	29	11107
37.02333333333333	0.5	A	2	11107
37.16	0.5	nontarget	29	11148
37.16	0.5	_	28	11148
37.29333333333334	0.5	nontarget	29	11188
37.29333333333334	0.5	N	15	11188
37.43	0.5	nontarget	29	11229
37.43	0.5	H	9	11229
37.56333333333333	0.5	nontarget	29	11269
37.56333333333333	0.5	R	19	11269
37.7	0.5	nontarget	29	11310
37.7	0.5	B	3	11310
37.836666666666666	0.5	nontarget	29	11351
37.836666666666666	0.5	<	1	11351
43.656666666666666	0.5	nontarget	29	13097
43.656666666666666	0.5	A	2	13097
43.79333333333334	0.5	nontarget	29	13138
43.79333333333334	0.5	H	9	13138
43.92666666666667	0.5	nontarget	29	13178
43.92666666666667	0.5	<	1	13178
44.06333333333333	0.5	nontarget	29	13219
44.06333333333333	0.5	Y	26	13219
44.196666666666665	0.5	nontarget	29	13259
44.196666666666665	0.5	L	13	13259
44.333333333333336	0.5	target	30	13300
44.333333333333336	0.5	G	8	13300
44.47	0.5	nontarget	29	13341
44.47	0.5	C	4	13341
44.60666666666667	0.5	nontarget	29	13382
44.60666666666667	0.5	I	10	13382
44.74	0.5	nontarget	29	13422
44.74	0.5	B	3	13422
44.876666666666665	0.5	nontarget	29	13463
44.876666666666665	0.5	V	23	13463
45.01	0.5	nontarget	29	13503
45.01	0.5	X	25	13503
45.14666666666667	0.5	nontarget	29	13544
45.14666666666667	0.5	P	17	13544
45.28	0.5	nontarget	29	13584
45.28	0.5	_	28	13584
45.416666666666664	0.5	nontarget	29	13625
45.416666666666664	0.5	U	22	13625
45.55	0.5	nontarget	29	13665
45.55	0.5	K	12	13665
45.68666666666667	0.5	nontarget	29	13706
45.68666666666667	0.5	T	21	13706
45.82333333333333	0.5	nontarget	29	13747
45.82333333333333	0.5	E	6	13747
45.96	0.5	nontarget	29	13788
45.96	0.5	N	15	13788
46.093333333333334	0.5	nontarget	29	13828
46.093333333333334	0.5	R	19	13828
46.23	0.5	nontarget	29	13869
46.23	0.5	F	7	13869
46.36666666666667	0.5	nontarget	29	13910
46.36666666666667	0.5	W	24	13910
46.50333333333333	0.5	nontarget	29	13951
46.50333333333333	0.5	D	5	13951
46.64	0.5	nontarget	29	13992
46.64	0.5	J	11	13992
46.776666666666664	0.5	nontarget	29	14033
46.776666666666664	0.5	O	16	14033
46.91	0.5	nontarget	29	14073
46.91	0.5	M	14	14073
47.04333333333334	0.5	nontarget	29	14113
47.04333333333334	0.5	Z	27	14113
47.18	0.5	nontarget	29	14154
47.18	0.5	S	20	14154
47.31666666666667	0.5	nontarget	29	14195
47.31666666666667	0.5	Q	18	14195
53.13666666666666	0.5	nontarget	29	15941
53.13666666666666	0.5	F	7	15941
53.27333333333333	0.5	nontarget	29	15982
53.27333333333333	0.5	_	28	15982
53.406666666666666	0.5	nontarget	29	16022
53.406666666666666	0.5	Y	26	16022
53.54333333333334	0.5	nontarget	29	16063
53.54333333333334	0.5	J	11	16063
53.68	0.5	nontarget	29	16104
53.68	0.5	V	23	16104
53.81666666666667	0.5	target	30	16145
53.81666666666667	0.5	B	3	16145
53.95333333333333	0.5	nontarget	29	16186
53.95333333333333	0.5	M	14	16186
54.086666666666666	0.5	nontarget	29	16226
54.086666666666666	0.5	G	8	16226
54.223333333333336	0.5	nontarget	29	16267
54.223333333333336	0.5	R	19	16267
54.36333333333334	0.5	nontarget	29	16309
54.36333333333334	0.5	N	15	16309
54.49666666666667	0.5	nontarget	29	16349
54.49666666666667	0.5	X	25	16349
54.63333333333333	0.5	nontarget	29	16390
54.63333333333333	0.5	A	2	16390
54.766666666666666	0.5	nontarget	29	16430
54.766666666666666	0.5	P	17	16430
54.903333333333336	0.5	nontarget	29	16471
54.903333333333336	0.5	S	20	16471
55.04	0.5	nontarget	29	16512
55.04	0.5	L	13	16512
55.17333333333333	0.5	nontarget	29	16552
55.17333333333333	0.5	C	4	16552
55.31	0.5	nontarget	29	16593
55.31	0.5	H	9	16593
55.443333333333335	0.5	nontarget	29	16633
55.443333333333335	0.5	O	16	16633
55.58	0.5	nontarget	29	16674
55.58	0.5	E	6	16674
55.71666666666667	0.5	nontarget	29	16715
55.71666666666667	0.5	Q	18	16715
55.85	0.5	nontarget	29	16755
55.85	0.5	W	24	16755
55.986666666666665	0.5	nontarget	29	16796
55.986666666666665	0.5	D	5	16796
56.12	0.5	nontarget	29	16836
56.12	0.5	Z	27	16836
56.25666666666667	0.5	nontarget	29	16877
56.25666666666667	0.5	<	1	16877
56.39	0.5	nontarget	29	16917
56.39	0.5	K	12	16917
56.526666666666664	0.5	nontarget	29	16958
56.526666666666664	0.5	T	21	16958
56.663333333333334	0.5	nontarget	29	16999
56.663333333333334	0.5	U	22	16999
56.79666666666667	0.5	nontarget	29	17039
56.79666666666667	0.5	I	10	17039
62.61333333333334	0.5	nontarget	29	18784
62.61333333333334	0.5	D	5	18784
62.75	0.5	nontarget	29	18825
62.75	0.5	Y	26	18825
62.88333333333333	0.5	nontarget	29	18865
62.88333333333333	0.5	N	15	18865
63.02	0.5	nontarget	29	18906
63.02	0.5	I	10	18906
63.153333333333336	0.5	nontarget	29	18946
63.153333333333336	0.5	V	23	18946
63.29	0.5	nontarget	29	18987
63.29	0.5	L	13	18987
63.42333333333333	0.5	nontarget	29	19027
63.42333333333333	0.5	Q	18	19027
63.56	0.5	nontarget	29	19068
63.56	0.5	B	3	19068
63.696666666666665	0.5	nontarget	29	19109
63.696666666666665	0.5	P	17	19109
63.83	0.5	nontarget	29	19149
63.83	0.5	O	16	19149
63.96666666666667	0.5	target	30	19190
63.96666666666667	0.5	H	9	19190
64.10333333333334	0.5	nontarget	29	19231
64.10333333333334	0.5	J	11	19231
64.23666666666666	0.5	nontarget	29	19271
64.23666666666666	0.5	R	19	19271
64.37666666666667	0.5	nontarget	29	19313
64.37666666666667	0.5	M	14	19313
64.51	0.5	nontarget	29	19353
64.51	0.5	X	25	19353
64.64666666666666	0.5	nontarget	29	19394
64.64666666666666	0.5	T	21	19394
64.78333333333333	0.5	nontarget	29	19435
64.78333333333333	0.5	_	28	19435
64.91666666666667	0.5	nontarget	29	19475
64.91666666666667	0.5	A	2	19475
65.05333333333333	0.5	nontarget	29	19516
65.05333333333333	0.5	C	4	19516
65.19	0.5	nontarget	29	19557
65.19	0.5	G	8	19557
65.32666666666667	0.5	nontarget	29	19598
65.32666666666667	0.5	Z	27	19598
65.46	0.5	nontarget	29	19638
65.46	0.5	U	22	19638
65.59666666666666	0.5	nontarget	29	19679
65.59666666666666	0.5	K	12	19679
65.73333333333333	0.5	nontarget	29	19720
65.73333333333333	0.5	W	24	19720
65.87	0.5	nontarget	29	19761
65.87	0.5	E	6	19761
66.00666666666666	0.5	nontarget	29	19802
66.00666666666666	0.5	<	1	19802
66.14	0.5	nontarget	29	19842
66.14	0.5	S	20	19842
66.27666666666667	0.5	nontarget	29	19883
66.27666666666667	0.5	F	7	19883
72.09666666666666	0.5	nontarget	29	21629
72.09666666666666	0.5	V	23	21629
72.23333333333333	0.5	nontarget	29	21670
72.23333333333333	0.5	Z	27	21670
72.37	0.5	nontarget	29	21711
72.37	0.5	O	16	21711
72.50333333333333	0.5	nontarget	29	21751
72.50333333333333	0.5	P	17	21751
72.64	0.5	nontarget	29	21792
72.64	0.5	<	1	21792
72.77666666666667	0.5	nontarget	29	21833
72.77666666666667	0.5	Q	18	21833
72.91	0.5	nontarget	29	21873
72.91	0.5	X	25	21873
73.04333333333334	0.5	nontarget	29	21913
73.04333333333334	0.5	H	9	21913
73.18	0.5	nontarget	29	21954
73.18	0.5	U	22	21954
73.31666666666666	0.5	nontarget	29	21995
73.31666666666666	0.5	Y	26	21995
73.45333333333333	0.5	nontarget	29	22036
73.45333333333333	0.5	A	2	22036
73.59	0.5	nontarget	29	22077
73.59	0.5	D	5	22077
73.72666666666667	0.5	nontarget	29	22118
73.72666666666667	0.5	_	28	22118
73.86	0.5	nontarget	29	22158
73.86	0.5	R	19	22158
73.99666666666667	0.5	nontarget	29	22199
73.99666666666667	0.5	C	4	22199
74.13333333333334	0.5	nontarget	29	22240
74.13333333333334	0.5	F	7	22240
74.27	0.5	nontarget	29	22281
74.27	0.5	J	11	22281
74.40333333333334	0.5	nontarget	29	22321
74.40333333333334	0.5	W	24	22321
74.54	0.5	nontarget	29	22362
74.54	0.5	T	21	22362
74.67333333333333	0.5	nontarget	29	22402
74.67333333333333	0.5	L	13	22402
74.81	0.5	nontarget	29	22443
74.81	0.5	S	20	22443
74.94666666666667	0.5	nontarget	29	22484
74.94666666666667	0.5	M	14	22484
75.08	0.5	nontarget	29	22524
75.08	0.5	E	6	22524
75.21666666666667	0.5	nontarget	29	22565
75.21666666666667	0.5	K	12	22565
75.35333333333334	0.5	nontarget	29	22606
75.35333333333334	0.5	B	3	22606
75.48666666666666	0.5	nontarget	29	22646
75.48666666666666	0.5	G	8	22646
75.62	0.5	target	30	22686
75.62	0.5	I	10	22686
75.75666666666666	0.5	nontarget	29	22727
75.75666666666666	0.5	N	15	22727
81.57	0.5	nontarget	29	24471
81.57	0.5	Q	18	24471
81.70666666666666	0.5	nontarget	29	24512
81.70666666666666	0.5	P	17	24512
81.84	0.5	nontarget	29	24552
81.84	0.5	V	23	24552
81.97666666666667	0.5	nontarget	29	24593
81.97666666666667	0.5	O	16	24593
82.11333333333333	0.5	nontarget	29	24634
82.11333333333333	0.5	W	24	24634
82.25	0.5	nontarget	29	24675
82.25	0.5	Y	26	24675
82.38333333333334	0.5	nontarget	29	24715
82.38333333333334	0.5	S	20	24715
82.52	0.5	nontarget	29	24756
82.52	0.5	H	9	24756
82.65333333333334	0.5	nontarget	29	24796
82.65333333333334	0.5	D	5	24796
82.79	0.5	nontarget	29	24837
82.79	0.5	G	8	24837
82.92666666666666	0.5	nontarget	29	24878
82.92666666666666	0.5	M	14	24878
83.06	0.5	target	30	24918
83.06	0.5	T	21	24918
83.19666666666667	0.5	nontarget	29	24959
83.19666666666667	0.5	Z	27	24959
83.33333333333333	0.5	nontarget	29	25000
83.33333333333333	0.5	_	28	25000
83.47	0.5	nontarget	29	25041
83.47	0.5	X	25	25041
83.60333333333334	0.5	nontarget	29	25081
83.60333333333334	0.5	<	1	25081
83.73666666666666	0.5	nontarget	29	25121
83.73666666666666	0.5	U	22	25121
83.87333333333333	0.5	nontarget	29	25162
83.87333333333333	0.5	B	3	25162
84.01	0.5	nontarget	29	25203
84.01	0.5	A	2	25203
84.20333333333333	0.5	nontarget	29	25261
84.20333333333333	0.5	E	6	25261
84.34	0.5	nontarget	29	25302
84.34	0.5	I	10	25302
84.48	0.5	nontarget	29	25344
84.48	0.5	F	7	25344
84.61666666666666	0.5	nontarget	29	25385
84.61666666666666	0.5	C	4	25385
84.75333333333333	0.5	nontarget	29	25426
84.75333333333333	0.5	J	11	25426
84.89	0.5	nontarget	29	25467
84.89	0.5	N	15	25467
85.02333333333333	0.5	nontarget	29	25507
85.02333333333333	0.5	R	19	25507
85.16	0.5	nontarget	29	25548
85.16	0.5	L	13	25548
85.29333333333334	0.5	nontarget	29	25588
85.29333333333334	0.5	K	12	25588
91.11333333333333	0.5	nontarget	29	27334
91.11333333333333	0.5	D	5	27334
91.25	0.5	nontarget	29	27375
91.25	0.5	R	19	27375
91.38333333333334	0.5	nontarget	29	27415
91.38333333333334	0.5	A	2	27415
91.52	0.5	nontarget	29	27456
91.52	0.5	B	3	27456
91.65666666666667	0.5	nontarget	29	27497
91.65666666666667	0.5	T	21	27497
91.79	0.5	nontarget	29	27537
91.79	0.5	S	20	27537
91.92666666666666	0.5	nontarget	29	27578
91.92666666666666	0.5	M	14	27578
92.06	0.5	nontarget	29	27618
92.06	0.5	K	12	27618
92.19666666666667	0.5	nontarget	29	27659
92.19666666666667	0.5	E	6	27659
92.33	0.5	nontarget	29	27699
92.33	0.5	X	25	27699
92.46666666666667	0.5	target	30	27740
92.46666666666667	0.5	<	1	27740
92.60333333333334	0.5	nontarget	29	27781
92.60333333333334	0.5	P	17	27781
92.74	0.5	nontarget	29	27822
92.74	0.5	W	24	27822
92.87666666666667	0.5	nontarget	29	27863
92.87666666666667	0.5	Z	27	27863
93.01	0.5	nontarget	29	27903
93.01	0.5	J	11	27903
93.14666666666666	0.5	nontarget	29	27944
93.14666666666666	0.5	C	4	27944
93.28333333333333	0.5	nontarget	29	27985
93.28333333333333	0.5	I	10	27985
93.41666666666667	0.5	nontarget	29	28025
93.41666666666667	0.5	V	23	28025
93.55333333333333	0.5	nontarget	29	28066
93.55333333333333	0.5	G	8	28066
93.69	0.5	nontarget	29	28107
93.69	0.5	Q	18	28107
93.82333333333334	0.5	nontarget	29	28147
93.82333333333334	0.5	U	22	28147
93.96	0.5	nontarget	29	28188
93.96	0.5	Y	26	28188
94.09333333333333	0.5	nontarget	29	28228
94.09333333333333	0.5	L	13	28228
94.23	0.5	nontarget	29	28269
94.23	0.5	H	9	28269
94.36666666666666	0.5	nontarget	29	28310
94.36666666666666	0.5	O	16	28310
94.50333333333333	0.5	nontarget	29	28351
94.50333333333333	0.5	N	15	28351
94.64	0.5	nontarget	29	28392
94.64	0.5	F	7	28392
94.77666666666667	0.5	nontarget	29	28433
94.77666666666667	0.5	_	28	28433
100.59666666666666	0.5	nontarget	29	30179
100.59666666666666	0.5	L	13	30179
100.73333333333333	0.5	nontarget	29	30220
100.73333333333333	0.5	Z	27	30220
100.86666666666666	0.5	nontarget	29	30260
100.86666666666666	0.5	V	23	30260
101.00333333333333	0.5	target	30	30301
101.00333333333333	0.5	Y	26	30301
101.14	0.5	nontarget	29	30342
101.14	0.5	R	19	30342
101.27333333333333	0.5	nontarget	29	30382
101.27333333333333	0.5	H	9	30382
101.41	0.5	nontarget	29	30423
101.41	0.5	N	15	30423
101.54333333333334	0.5	nontarget	29	30463
101.54333333333334	0.5	O	16	30463
101.68	0.5	nontarget	29	30504
101.68	0.5	E	6	30504
101.81333333333333	0.5	nontarget	29	30544
101.81333333333333	0.5	P	17	30544
101.95	0.5	nontarget	29	30585
101.95	0.5	U	22	30585
102.08666666666667	0.5	nontarget	29	30626
102.08666666666667	0.5	I	10	30626
102.22333333333333	0.5	nontarget	29	30667
102.22333333333333	0.5	D	5	30667
102.35666666666667	0.5	nontarget	29	30707
102.35666666666667	0.5	T	21	30707
102.49333333333334	0.5	nontarget	29	30748
102.49333333333334	0.5	G	8	30748
102.62666666666667	0.5	nontarget	29	30788
102.62666666666667	0.5	C	4	30788
102.76333333333334	0.5	nontarget	29	30829
102.76333333333334	0.5	S	20	30829
102.89666666666666	0.5	nontarget	29	30869
102.89666666666666	0.5	M	14	30869
103.03333333333333	0.5	nontarget	29	30910
103.03333333333333	0.5	J	11	30910
103.16666666666667	0.5	nontarget	29	30950
103.16666666666667	0.5	F	7	30950
103.30333333333333	0.5	nontarget	29	30991
103.30333333333333	0.5	K	12	30991
103.44	0.5	nontarget	29	31032
103.44	0.5	A	2	31032
103.57666666666667	0.5	nontarget	29	31073
103.57666666666667	0.5	B	3	31073
103.71333333333334	0.5	nontarget	29	31114
103.71333333333334	0.5	_	28	31114
103.84666666666666	0.5	nontarget	29	31154
103.84666666666666	0.5	<	1	31154
103.98333333333333	0.5	nontarget	29	31195
103.98333333333333	0.5	Q	18	31195
104.12	0.5	nontarget	29	31236
104.12	0.5	W	24	31236
104.25333333333333	0.5	nontarget	29	31276
104.25333333333333	0.5	X	25	31276
110.06666666666666	0.5	nontarget	29	33020
110.06666666666666	0.5	A	2	33020
110.20333333333333	0.5	nontarget	29	33061
110.20333333333333	0.5	F	7	33061
110.34	0.5	target	30	33102
110.34	0.5	M	14	33102
110.47666666666667	0.5	nontarget	29	33143
110.47666666666667	0.5	T	21	33143
110.61333333333333	0.5	nontarget	29	33184
110.61333333333333	0.5	R	19	33184
110.75	0.5	nontarget	29	33225
110.75	0.5	D	5	33225
110.88333333333334	0.5	nontarget	29	33265
110.88333333333334	0.5	K	12	33265
111.02	0.5	nontarget	29	33306
111.02	0.5	Z	27	33306
111.15333333333334	0.5	nontarget	29	33346
111.15333333333334	0.5	V	23	33346
111.29	0.5	nontarget	29	33387
111.29	0.5	Q	18	33387
111.42333333333333	0.5	nontarget	29	33427
111.42333333333333	0.5	_	28	33427
111.56	0.5	nontarget	29	33468
111.56	0.5	O	16	33468
111.69333333333333	0.5	nontarget	29	33508
111.69333333333333	0.5	I	10	33508
111.83	0.5	nontarget	29	33549
111.83	0.5	P	17	33549
111.96333333333334	0.5	nontarget	29	33589
111.96333333333334	0.5	X	25	33589
112.1	0.5	nontarget	29	33630
112.1	0.5	C	4	33630
112.23333333333333	0.5	nontarget	29	33670
112.23333333333333	0.5	W	24	33670
112.37	0.5	nontarget	29	33711
112.37	0.5	U	22	33711
112.50666666666666	0.5	nontarget	29	33752
112.50666666666666	0.5	E	6	33752
112.64	0.5	nontarget	29	33792
112.64	0.5	Y	26	33792
112.77666666666667	0.5	nontarget	29	33833
112.77666666666667	0.5	N	15	33833
112.91	0.5	nontarget	29	33873
112.91	0.5	L	13	33873
113.04666666666667	0.5	nontarget	29	33914
113.04666666666667	0.5	H	9	33914
113.18	0.5	nontarget	29	33954
113.18	0.5	B	3	33954
113.31666666666666	0.5	nontarget	29	33995
113.31666666666666	0.5	J	11	33995
113.45333333333333	0.5	nontarget	29	34036
113.45333333333333	0.5	S	20	34036
113.59	0.5	nontarget	29	34077
113.59	0.5	<	1	34077
113.72666666666667	0.5	nontarget	29	34118
113.72666666666667	0.5	G	8	34118
119.54666666666667	0.5	nontarget	29	35864
119.54666666666667	0.5	P	17	35864
119.68333333333334	0.5	nontarget	29	35905
119.68333333333334	0.5	A	2	35905
119.82333333333334	0.5	nontarget	29	35947
119.82333333333334	0.5	I	10	35947
119.96	0.5	nontarget	29	35988
119.96	0.5	C	4	35988
120.09333333333333	0.5	target	30	36028
120.09333333333333	0.5	J	11	36028
120.23	0.5	nontarget	29	36069
120.23	0.5	K	12	36069
120.36333333333333	0.5	nontarget	29	36109
120.36333333333333	0.5	E	6	36109
120.5	0.5	nontarget	29	36150
120.5	0.5	L	13	36150
120.63333333333334	0.5	nontarget	29	36190
120.63333333333334	0.5	_	28	36190
120.77	0.5	nontarget	29	36231
120.77	0.5	X	25	36231
120.90666666666667	0.5	nontarget	29	36272
120.90666666666667	0.5	O	16	36272
121.04	0.5	nontarget	29	36312
121.04	0.5	T	21	36312
121.17666666666666	0.5	nontarget	29	36353
121.17666666666666	0.5	B	3	36353
121.31	0.5	nontarget	29	36393
121.31	0.5	G	8	36393
121.44666666666667	0.5	nontarget	29	36434
121.44666666666667	0.5	<	1	36434
121.58333333333333	0.5	nontarget	29	36475
121.58333333333333	0.5	M	14	36475
121.72	0.5	nontarget	29	36516
121.72	0.5	U	22	36516
121.85333333333334	0.5	nontarget	29	36556
121.85333333333334	0.5	N	15	36556
121.99	0.5	nontarget	29	36597
121.99	0.5	S	20	36597
122.12666666666667	0.5	nontarget	29	36638
122.12666666666667	0.5	F	7	36638
122.26	0.5	nontarget	29	36678
122.26	0.5	W	24	36678
122.39666666666666	0.5	nontarget	29	36719
122.39666666666666	0.5	Y	26	36719
122.53666666666666	0.5	nontarget	29	36761
122.53666666666666	0.5	R	19	36761
122.67333333333333	0.5	nontarget	29	36802
122.67333333333333	0.5	H	9	36802
122.81	0.5	nontarget	29	36843
122.81	0.5	Z	27	36843
122.94333333333333	0.5	nontarget	29	36883
122.94333333333333	0.5	Q	18	36883
123.08	0.5	nontarget	29	36924
123.08	0.5	V	23	36924
123.21333333333334	0.5	nontarget	29	36964
123.21333333333334	0.5	D	5	36964
129.03333333333333	0.5	nontarget	29	38710
129.03333333333333	0.5	B	3	38710
129.17	0.5	nontarget	29	38751
129.17	0.5	P	17	38751
129.30333333333334	0.5	nontarget	29	38791
129.30333333333334	0.5	A	2	38791
129.44	0.5	nontarget	29	38832
129.44	0.5	I	10	38832
129.57666666666665	0.5	nontarget	29	38873
129.57666666666665	0.5	T	21	38873
129.71	0.5	nontarget	29	38913
129.71	0.5	S	20	38913
129.84666666666666	0.5	nontarget	29	38954
129.84666666666666	0.5	R	19	38954
129.98333333333332	0.5	nontarget	29	38995
129.98333333333332	0.5	_	28	38995
130.11666666666667	0.5	nontarget	29	39035
130.11666666666667	0.5	D	5	39035
130.25333333333333	0.5	nontarget	29	39076
130.25333333333333	0.5	L	13	39076
130.39	0.5	nontarget	29	39117
130.39	0.5	E	6	39117
130.52666666666667	0.5	nontarget	29	39158
130.52666666666667	0.5	N	15	39158
130.66333333333333	0.5	nontarget	29	39199
130.66333333333333	0.5	Y	26	39199
130.8	0.5	nontarget	29	39240
130.8	0.5	Q	18	39240
130.93666666666667	0.5	nontarget	29	39281
130.93666666666667	0.5	H	9	39281
131.07333333333332	0.5	nontarget	29	39322
131.07333333333332	0.5	F	7	39322
131.21	0.5	nontarget	29	39363
131.21	0.5	V	23	39363
131.34333333333333	0.5	nontarget	29	39403
131.34333333333333	0.5	J	11	39403
131.48	0.5	nontarget	29	39444
131.48	0.5	G	8	39444
131.61666666666667	0.5	nontarget	29	39485
131.61666666666667	0.5	O	16	39485
131.75	0.5	nontarget	29	39525
131.75	0.5	W	24	39525
131.88666666666666	0.5	nontarget	29	39566
131.88666666666666	0.5	U	22	39566
132.02	0.5	nontarget	29	39606
132.02	0.5	M	14	39606
132.15666666666667	0.5	nontarget	29	39647
132.15666666666667	0.5	C	4	39647
132.29333333333332	0.5	nontarget	29	39688
132.29333333333332	0.5	K	12	39688
132.43	0.5	target	30	39729
132.43	0.5	X	25	39729
132.56666666666666	0.5	nontarget	29	39770
132.56666666666666	0.5	Z	27	39770
132.70333333333335	0.5	nontarget	29	39811
132.70333333333335	0.5	<	1	39811
138.52333333333334	0.5	nontarget	29	41557
138.52333333333334	0.5	O	16	41557
138.66333333333333	0.5	target	30	41599
138.66333333333333	0.5	R	19	41599
138.8	0.5	nontarget	29	41640
138.8	0.5	S	20	41640
138.93666666666667	0.5	nontarget	29	41681
138.93666666666667	0.5	B	3	41681
139.07	0.5	nontarget	29	41721
139.07	0.5	C	4	41721
139.20666666666668	0.5	nontarget	29	41762
139.20666666666668	0.5	I	10	41762
139.34333333333333	0.5	nontarget	29	41803
139.34333333333333	0.5	D	5	41803
139.47666666666666	0.5	nontarget	29	41843
139.47666666666666	0.5	T	21	41843
139.61333333333334	0.5	nontarget	29	41884
139.61333333333334	0.5	P	17	41884
139.75	0.5	nontarget	29	41925
139.75	0.5	V	23	41925
139.88333333333333	0.5	nontarget	29	41965
139.88333333333333	0.5	H	9	41965
140.02	0.5	nontarget	29	42006
140.02	0.5	<	1	42006
140.15666666666667	0.5	nontarget	29	42047
140.15666666666667	0.5	W	24	42047
140.29333333333332	0.5	nontarget	29	42088
140.29333333333332	0.5	_	28	42088
140.42666666666668	0.5	nontarget	29	42128
140.42666666666668	0.5	J	11	42128
140.56333333333333	0.5	nontarget	29	42169
140.56333333333333	0.5	U	22	42169
140.7	0.5	nontarget	29	42210
140.7	0.5	Q	18	42210
140.83666666666667	0.5	nontarget	29	42251
140.83666666666667	0.5	L	13	42251
140.97333333333333	0.5	nontarget	29	42292
140.97333333333333	0.5	A	2	42292
141.11	0.5	nontarget	29	42333
141.11	0.5	E	6	42333
141.24333333333334	0.5	nontarget	29	42373
141.24333333333334	0.5	F	7	42373
141.38	0.5	nontarget	29	42414
141.38	0.5	G	8	42414
141.51333333333332	0.5	nontarget	29	42454
141.51333333333332	0.5	Z	27	42454
141.65	0.5	nontarget	29	42495
141.65	0.5	Y	26	42495
141.78333333333333	0.5	nontarget	29	42535
141.78333333333333	0.5	X	25	42535
141.92	0.5	nontarget	29	42576
141.92	0.5	N	15	42576
142.05666666666667	0.5	nontarget	29	42617
142.05666666666667	0.5	K	12	42617
142.19	0.5	nontarget	29	42657
142.19	0.5	M	14	42657
148.01	0.5	nontarget	29	44403
148.01	0.5	I	10	44403
148.14333333333335	0.5	nontarget	29	44443
148.14333333333335	0.5	D	5	44443
148.28	0.5	nontarget	29	44484
148.28	0.5	B	3	44484
148.41666666666666	0.5	nontarget	29	44525
148.41666666666666	0.5	T	21	44525
148.55333333333334	0.5	nontarget	29	44566
148.55333333333334	0.5	E	6	44566
148.69	0.5	nontarget	29	44607
148.69	0.5	G	8	44607
148.82666666666665	0.5	nontarget	29	44648
148.82666666666665	0.5	N	15	44648
148.96333333333334	0.5	nontarget	29	44689
148.96333333333334	0.5	O	16	44689
149.1	0.5	nontarget	29	44730
149.1	0.5	H	9	44730
149.23333333333332	0.5	nontarget	29	44770
149.23333333333332	0.5	W	24	44770
149.37333333333333	0.5	nontarget	29	44812
149.37333333333333	0.5	Q	18	44812
149.50666666666666	0.5	nontarget	29	44852
149.50666666666666	0.5	J	11	44852
149.64333333333335	0.5	nontarget	29	44893
149.64333333333335	0.5	M	14	44893
149.78	0.5	nontarget	29	44934
149.78	0.5	<	1	44934
149.91666666666666	0.5	nontarget	29	44975
149.91666666666666	0.5	L	13	44975
150.05	0.5	nontarget	29	45015
150.05	0.5	F	7	45015
150.18666666666667	0.5	nontarget	29	45056
150.18666666666667	0.5	K	12	45056
150.32	0.5	nontarget	29	45096
150.32	0.5	P	17	45096
150.45666666666668	0.5	nontarget	29	45137
150.45666666666668	0.5	Y	26	45137
150.59333333333333	0.5	nontarget	29	45178
150.59333333333333	0.5	V	23	45178
150.73	0.5	nontarget	29	45219
150.73	0.5	A	2	45219
150.86333333333334	0.5	nontarget	29	45259
150.86333333333334	0.5	C	4	45259
151.0	0.5	nontarget	29	45300
151.0	0.5	R	19	45300
151.13666666666666	0.5	target	30	45341
151.13666666666666	0.5	Z	27	45341
151.27333333333334	0.5	nontarget	29	45382
151.27333333333334	0.5	U	22	45382
151.41	0.5	nontarget	29	45423
151.41	0.5	_	28	45423
151.54666666666665	0.5	nontarget	29	45464
151.54666666666665	0.5	X	25	45464
151.68	0.5	nontarget	29	45504
151.68	0.5	S	20	45504
157.5	0.5	nontarget	29	47250
157.5	0.5	M	14	47250
157.63666666666666	0.5	nontarget	29	47291
157.63666666666666	0.5	H	9	47291
157.77333333333334	0.5	nontarget	29	47332
157.77333333333334	0.5	A	2	47332
157.91	0.5	nontarget	29	47373
157.91	0.5	G	8	47373
158.04666666666665	0.5	nontarget	29	47414
158.04666666666665	0.5	B	3	47414
158.18333333333334	0.5	nontarget	29	47455
158.18333333333334	0.5	_	28	47455
158.32	0.5	nontarget	29	47496
158.32	0.5	Y	26	47496
158.45666666666668	0.5	nontarget	29	47537
158.45666666666668	0.5	R	19	47537
158.59333333333333	0.5	nontarget	29	47578
158.59333333333333	0.5	Z	27	47578
158.73	0.5	nontarget	29	47619
158.73	0.5	J	11	47619
158.86666666666667	0.5	nontarget	29	47660
158.86666666666667	0.5	O	16	47660
159.00333333333333	0.5	nontarget	29	47701
159.00333333333333	0.5	P	17	47701
159.14	0.5	nontarget	29	47742
159.14	0.5	<	1	47742
159.27666666666667	0.5	nontarget	29	47783
159.27666666666667	0.5	C	4	47783
159.41333333333333	0.5	nontarget	29	47824
159.41333333333333	0.5	D	5	47824
159.55	0.5	nontarget	29	47865
159.55	0.5	W	24	47865
159.68333333333334	0.5	nontarget	29	47905
159.68333333333334	0.5	I	10	47905
159.82	0.5	nontarget	29	47946
159.82	0.5	V	23	47946
159.95333333333335	0.5	nontarget	29	47986
159.95333333333335	0.5	S	20	47986
160.09	0.5	nontarget	29	48027
160.09	0.5	X	25	48027
160.22666666666666	0.5	nontarget	29	48068
160.22666666666666	0.5	E	6	48068
160.36333333333334	0.5	nontarget	29	48109
160.36333333333334	0.5	N	15	48109
160.5	0.5	nontarget	29	48150
160.5	0.5	Q	18	48150
160.63666666666666	0.5	nontarget	29	48191
160.63666666666666	0.5	U	22	48191
160.77	0.5	nontarget	29	48231
160.77	0.5	K	12	48231
160.91	0.5	nontarget	29	48273
160.91	0.5	T	21	48273
161.04666666666665	0.5	nontarget	29	48314
161.04666666666665	0.5	L	13	48314
161.18	0.5	target	30	48354
161.18	0.5	F	7	48354
167.0	0.5	nontarget	29	50100
167.0	0.5	J	11	50100
167.13333333333333	0.5	nontarget	29	50140
167.13333333333333	0.5	M	14	50140
167.27	0.5	nontarget	29	50181
167.27	0.5	C	4	50181
167.40666666666667	0.5	target	30	50222
167.40666666666667	0.5	N	15	50222
167.54	0.5	nontarget	29	50262
167.54	0.5	X	25	50262
167.67666666666668	0.5	nontarget	29	50303
167.67666666666668	0.5	_	28	50303
167.81333333333333	0.5	nontarget	29	50344
167.81333333333333	0.5	Z	27	50344
167.94666666666666	0.5	nontarget	29	50384
167.94666666666666	0.5	A	2	50384
168.08333333333334	0.5	nontarget	29	50425
168.08333333333334	0.5	H	9	50425
168.21666666666667	0.5	nontarget	29	50465
168.21666666666667	0.5	E	6	50465
168.35333333333332	0.5	nontarget	29	50506
168.35333333333332	0.5	P	17	50506
168.48666666666668	0.5	nontarget	29	50546
168.48666666666668	0.5	O	16	50546
168.62333333333333	0.5	nontarget	29	50587
168.62333333333333	0.5	T	21	50587
168.76	0.5	nontarget	29	50628
168.76	0.5	B	3	50628
168.89333333333335	0.5	nontarget	29	50668
168.89333333333335	0.5	Q	18	50668
169.03333333333333	0.5	nontarget	29	50710
169.03333333333333	0.5	K	12	50710
169.16666666666666	0.5	nontarget	29	50750
169.16666666666666	0.5	F	7	50750
169.30333333333334	0.5	nontarget	29	50791
169.30333333333334	0.5	U	22	50791
169.44	0.5	nontarget	29	50832
169.44	0.5	S	20	50832
169.57333333333332	0.5	nontarget	29	50872
169.57333333333332	0.5	W	24	50872
169.71	0.5	nontarget	29	50913
169.71	0.5	Y	26	50913
169.84666666666666	0.5	nontarget	29	50954
169.84666666666666	0.5	G	8	50954
169.98333333333332	0.5	nontarget	29	50995
169.98333333333332	0.5	I	10	50995
170.11666666666667	0.5	nontarget	29	51035
170.11666666666667	0.5	R	19	51035
170.25333333333333	0.5	nontarget	29	51076
170.25333333333333	0.5	D	5	51076
170.39	0.5	nontarget	29	51117
170.39	0.5	<	1	51117
170.52333333333334	0.5	nontarget	29	51157
170.52333333333334	0.5	V	23	51157
170.66333333333333	0.5	nontarget	29	51199
170.66333333333333	0.5	L	13	51199
176.48333333333332	0.5	nontarget	29	52945
176.48333333333332	0.5	T	21	52945
176.61666666666667	0.5	nontarget	29	52985
176.61666666666667	0.5	_	28	52985
176.75333333333333	0.5	nontarget	29	53026
176.75333333333333	0.5	M	14	53026
176.89	0.5	nontarget	29	53067
176.89	0.5	R	19	53067
177.02666666666667	0.5	nontarget	29	53108
177.02666666666667	0.5	B	3	53108
177.16	0.5	nontarget	29	53148
177.16	0.5	U	22	53148
177.29666666666665	0.5	target	30	53189
177.29666666666665	0.5	C	4	53189
177.43	0.5	nontarget	29	53229
177.43	0.5	F	7	53229
177.56666666666666	0.5	nontarget	29	53270
177.56666666666666	0.5	J	11	53270
177.70333333333335	0.5	nontarget	29	53311
177.70333333333335	0.5	S	20	53311
177.83666666666667	0.5	nontarget	29	53351
177.83666666666667	0.5	Z	27	53351
177.97333333333333	0.5	nontarget	29	53392
177.97333333333333	0.5	W	24	53392
178.11	0.5	nontarget	29	53433
178.11	0.5	E	6	53433
178.24666666666667	0.5	nontarget	29	53474
178.24666666666667	0.5	N	15	53474
178.38	0.5	nontarget	29	53514
178.38	0.5	Y	26	53514
178.51666666666668	0.5	nontarget	29	53555
178.51666666666668	0.5	K	12	53555
178.65333333333334	0.5	nontarget	29	53596
178.65333333333334	0.5	G	8	53596
178.79	0.5	nontarget	29	53637
178.79	0.5	H	9	53637
178.92333333333335	0.5	nontarget	29	53677
178.92333333333335	0.5	V	23	53677
179.06	0.5	nontarget	29	53718
179.06	0.5	O	16	53718
179.19333333333333	0.5	nontarget	29	53758
179.19333333333333	0.5	I	10	53758
179.33	0.5	nontarget	29	53799
179.33	0.5	Q	18	53799
179.46333333333334	0.5	nontarget	29	53839
179.46333333333334	0.5	P	17	53839
179.6	0.5	nontarget	29	53880
179.6	0.5	A	2	53880
179.73666666666668	0.5	nontarget	29	53921
179.73666666666668	0.5	<	1	53921
179.87	0.5	nontarget	29	53961
179.87	0.5	L	13	53961
180.00666666666666	0.5	nontarget	29	54002
180.00666666666666	0.5	D	5	54002
180.14	0.5	nontarget	29	54042
180.14	0.5	X	25	54042
185.96	0.5	nontarget	29	55788
185.96	0.5	Y	26	55788
186.09333333333333	0.5	nontarget	29	55828
186.09333333333333	0.5	A	2	55828
186.23	0.5	nontarget	29	55869
186.23	0.5	_	28	55869
186.36666666666667	0.5	nontarget	29	55910
186.36666666666667	0.5	X	25	55910
186.50333333333333	0.5	nontarget	29	55951
186.50333333333333	0.5	E	6	55951
186.64	0.5	nontarget	29	55992
186.64	0.5	S	20	55992
186.77333333333334	0.5	nontarget	29	56032
186.77333333333334	0.5	R	19	56032
186.91333333333333	0.5	nontarget	29	56074
186.91333333333333	0.5	P	17	56074
187.04666666666665	0.5	nontarget	29	56114
187.04666666666665	0.5	K	12	56114
187.18333333333334	0.5	nontarget	29	56155
187.18333333333334	0.5	V	23	56155
187.32	0.5	nontarget	29	56196
187.32	0.5	U	22	56196
187.45333333333335	0.5	nontarget	29	56236
187.45333333333335	0.5	N	15	56236
187.59	0.5	nontarget	29	56277
187.59	0.5	W	24	56277
187.72666666666666	0.5	nontarget	29	56318
187.72666666666666	0.5	G	8	56318
187.86333333333334	0.5	nontarget	29	56359
187.86333333333334	0.5	O	16	56359
188.0	0.5	nontarget	29	56400
188.0	0.5	Z	27	56400
188.13666666666666	0.5	nontarget	29	56441
188.13666666666666	0.5	J	11	56441
188.27	0.5	target	30	56481
188.27	0.5	L	13	56481
188.40666666666667	0.5	nontarget	29	56522
188.40666666666667	0.5	C	4	56522
188.54333333333332	0.5	nontarget	29	56563
188.54333333333332	0.5	M	14	56563
188.67666666666668	0.5	nontarget	29	56603
188.67666666666668	0.5	T	21	56603
188.81333333333333	0.5	nontarget	29	56644
188.81333333333333	0.5	Q	18	56644
188.95	0.5	nontarget	29	56685
188.95	0.5	D	5	56685
189.08666666666667	0.5	nontarget	29	56726
189.08666666666667	0.5	F	7	56726
189.22333333333333	0.5	nontarget	29	56767
189.22333333333333	0.5	H	9	56767
189.35666666666665	0.5	nontarget	29	56807
189.35666666666665	0.5	I	10	56807
189.49333333333334	0.5	nontarget	29	56848
189.49333333333334	0.5	B	3	56848
189.63	0.5	nontarget	29	56889
189.63	0.5	<	1	56889
195.45333333333335	0.5	nontarget	29	58636
195.45333333333335	0.5	P	17	58636
195.59	0.5	nontarget	29	58677
195.59	0.5	H	9	58677
195.72666666666666	0.5	nontarget	29	58718
195.72666666666666	0.5	X	25	58718
195.86	0.5	nontarget	29	58758
195.86	0.5	M	14	58758
195.99666666666667	0.5	nontarget	29	58799
195.99666666666667	0.5	G	8	58799
196.13	0.5	nontarget	29	58839
196.13	0.5	J	11	58839
196.26666666666668	0.5	nontarget	29	58880
196.26666666666668	0.5	E	6	58880
196.4	0.5	nontarget	29	58920
196.4	0.5	B	3	58920
196.53666666666666	0.5	nontarget	29	58961
196.53666666666666	0.5	A	2	58961
196.67	0.5	nontarget	29	59001
196.67	0.5	R	19	59001
196.81	0.5	nontarget	29	59043
196.81	0.5	L	13	59043
196.94666666666666	0.5	nontarget	29	59084
196.94666666666666	0.5	V	23	59084
197.08	0.5	nontarget	29	59124
197.08	0.5	I	10	59124
197.21666666666667	0.5	nontarget	29	59165
197.21666666666667	0.5	W	24	59165
197.35333333333332	0.5	nontarget	29	59206
197.35333333333332	0.5	T	21	59206
197.48666666666668	0.5	target	30	59246
197.48666666666668	0.5	O	16	59246
197.62333333333333	0.5	nontarget	29	59287
197.62333333333333	0.5	N	15	59287
197.76	0.5	nontarget	29	59328
197.76	0.5	F	7	59328
197.89333333333335	0.5	nontarget	29	59368
197.89333333333335	0.5	K	12	59368
198.03	0.5	nontarget	29	59409
198.03	0.5	D	5	59409
198.16666666666666	0.5	nontarget	29	59450
198.16666666666666	0.5	<	1	59450
198.30333333333334	0.5	nontarget	29	59491
198.30333333333334	0.5	Z	27	59491
198.44	0.5	nontarget	29	59532
198.44	0.5	C	4	59532
198.57666666666665	0.5	nontarget	29	59573
198.57666666666665	0.5	_	28	59573
198.71333333333334	0.5	nontarget	29	59614
198.71333333333334	0.5	U	22	59614
198.85	0.5	nontarget	29	59655
198.85	0.5	S	20	59655
198.98333333333332	0.5	nontarget	29	59695
198.98333333333332	0.5	Y	26	59695
199.12	0.5	nontarget	29	59736
199.12	0.5	Q	18	59736
204.94	0.5	nontarget	29	61482
204.94	0.5	_	28	61482
205.07333333333332	0.5	nontarget	29	61522
205.07333333333332	0.5	C	4	61522
205.21	0.5	nontarget	29	61563
205.21	0.5	P	17	61563
205.34666666666666	0.5	nontarget	29	61604
205.34666666666666	0.5	R	19	61604
205.48	0.5	nontarget	29	61644
205.48	0.5	I	10	61644
205.61666666666667	0.5	nontarget	29	61685
205.61666666666667	0.5	T	21	61685
205.75333333333333	0.5	nontarget	29	61726
205.75333333333333	0.5	L	13	61726
205.89	0.5	nontarget	29	61767
205.89	0.5	F	7	61767
206.02333333333334	0.5	nontarget	29	61807
206.02333333333334	0.5	N	15	61807
206.16	0.5	nontarget	29	61848
206.16	0.5	H	9	61848
206.29666666666665	0.5	nontarget	29	61889
206.29666666666665	0.5	<	1	61889
206.43333333333334	0.5	nontarget	29	61930
206.43333333333334	0.5	V	23	61930
206.57	0.5	nontarget	29	61971
206.57	0.5	K	12	61971
206.70666666666668	0.5	nontarget	29	62012
206.70666666666668	0.5	X	25	62012
206.84333333333333	0.5	nontarget	29	62053
206.84333333333333	0.5	B	3	62053
206.98	0.5	nontarget	29	62094
206.98	0.5	S	20	62094
207.11666666666667	0.5	nontarget	29	62135
207.11666666666667	0.5	Y	26	62135
207.25	0.5	nontarget	29	62175
207.25	0.5	O	16	62175
207.38666666666666	0.5	nontarget	29	62216
207.38666666666666	0.5	J	11	62216
207.52333333333334	0.5	nontarget	29	62257
207.52333333333334	0.5	A	2	62257
207.66	0.5	nontarget	29	62298
207.66	0.5	Z	27	62298
207.79333333333332	0.5	nontarget	29	62338
207.79333333333332	0.5	W	24	62338
207.93	0.5	nontarget	29	62379
207.93	0.5	M	14	62379
208.06666666666666	0.5	nontarget	29	62420
208.06666666666666	0.5	D	5	62420
208.20333333333335	0.5	target	30	62461
208.20333333333335	0.5	E	6	62461
208.34	0.5	nontarget	29	62502
208.34	0.5	U	22	62502
208.47333333333333	0.5	nontarget	29	62542
208.47333333333333	0.5	Q	18	62542
208.61	0.5	nontarget	29	62583
208.61	0.5	G	8	62583
214.50333333333333	0.5	nontarget	29	64351
214.50333333333333	0.5	T	21	64351
214.64	0.5	nontarget	29	64392
214.64	0.5	G	8	64392
214.77333333333334	0.5	nontarget	29	64432
214.77333333333334	0.5	F	7	64432
214.91	0.5	nontarget	29	64473
214.91	0.5	L	13	64473
215.04333333333332	0.5	nontarget	29	64513
215.04333333333332	0.5	<	1	64513
215.18	0.5	nontarget	29	64554
215.18	0.5	I	10	64554
215.31666666666666	0.5	nontarget	29	64595
215.31666666666666	0.5	C	4	64595
215.45	0.5	nontarget	29	64635
215.45	0.5	Y	26	64635
215.58666666666667	0.5	nontarget	29	64676
215.58666666666667	0.5	V	23	64676
215.72	0.5	nontarget	29	64716
215.72	0.5	Q	18	64716
215.85666666666665	0.5	nontarget	29	64757
215.85666666666665	0.5	M	14	64757
215.99333333333334	0.5	nontarget	29	64798
215.99333333333334	0.5	Z	27	64798
216.13	0.5	nontarget	29	64839
216.13	0.5	U	22	64839
216.26333333333332	0.5	nontarget	29	64879
216.26333333333332	0.5	J	11	64879
216.4	0.5	nontarget	29	64920
216.4	0.5	_	28	64920
216.53666666666666	0.5	nontarget	29	64961
216.53666666666666	0.5	S	20	64961
216.67	0.5	nontarget	29	65001
216.67	0.5	D	5	65001
216.80666666666667	0.5	nontarget	29	65042
216.80666666666667	0.5	B	3	65042
216.94333333333333	0.5	nontarget	29	65083
216.94333333333333	0.5	H	9	65083
217.07666666666665	0.5	nontarget	29	65123
217.07666666666665	0.5	E	6	65123
217.21333333333334	0.5	nontarget	29	65164
217.21333333333334	0.5	P	17	65164
217.34666666666666	0.5	nontarget	29	65204
217.34666666666666	0.5	W	24	65204
217.48333333333332	0.5	nontarget	29	65245
217.48333333333332	0.5	O	16	65245
217.62	0.5	nontarget	29	65286
217.62	0.5	X	25	65286
217.75333333333333	0.5	nontarget	29	65326
217.75333333333333	0.5	R	19	65326
217.89	0.5	nontarget	29	65367
217.89	0.5	N	15	65367
218.02333333333334	0.5	nontarget	29	65407
218.02333333333334	0.5	K	12	65407
218.16	0.5	target	30	65448
218.16	0.5	A	2	65448
223.98	0.5	nontarget	29	67194
223.98	0.5	T	21	67194
224.11666666666667	0.5	nontarget	29	67235
224.11666666666667	0.5	G	8	67235
224.25333333333333	0.5	nontarget	29	67276
224.25333333333333	0.5	V	23	67276
224.39	0.5	nontarget	29	67317
224.39	0.5	Y	26	67317
224.52333333333334	0.5	nontarget	29	67357
224.52333333333334	0.5	R	19	67357
224.66	0.5	nontarget	29	67398
224.66	0.5	L	13	67398
224.79333333333332	0.5	nontarget	29	67438
224.79333333333332	0.5	I	10	67438
224.93	0.5	nontarget	29	67479
224.93	0.5	K	12	67479
225.06333333333333	0.5	nontarget	29	67519
225.06333333333333	0.5	A	2	67519
225.2	0.5	nontarget	29	67560
225.2	0.5	Q	18	67560
225.33666666666667	0.5	nontarget	29	67601
225.33666666666667	0.5	<	1	67601
225.47	0.5	nontarget	29	67641
225.47	0.5	O	16	67641
225.60666666666665	0.5	nontarget	29	67682
225.60666666666665	0.5	W	24	67682
225.74333333333334	0.5	nontarget	29	67723
225.74333333333334	0.5	J	11	67723
225.87666666666667	0.5	nontarget	29	67763
225.87666666666667	0.5	H	9	67763
226.01333333333332	0.5	nontarget	29	67804
226.01333333333332	0.5	E	6	67804
226.15	0.5	nontarget	29	67845
226.15	0.5	Z	27	67845
226.28333333333333	0.5	nontarget	29	67885
226.28333333333333	0.5	C	4	67885
226.42	0.5	nontarget	29	67926
226.42	0.5	M	14	67926
226.55666666666667	0.5	nontarget	29	67967
226.55666666666667	0.5	_	28	67967
226.69333333333333	0.5	nontarget	29	68008
226.69333333333333	0.5	X	25	68008
226.83	0.5	nontarget	29	68049
226.83	0.5	U	22	68049
226.96666666666667	0.5	target	30	68090
226.96666666666667	0.5	D	5	68090
227.1	0.5	nontarget	29	68130
227.1	0.5	B	3	68130
227.24	0.5	nontarget	29	68172
227.24	0.5	S	20	68172
227.37666666666667	0.5	nontarget	29	68213
227.37666666666667	0.5	P	17	68213
227.51333333333332	0.5	nontarget	29	68254
227.51333333333332	0.5	N	15	68254
227.64666666666668	0.5	nontarget	29	68294
227.64666666666668	0.5	F	7	68294
233.46666666666667	0.5	nontarget	29	70040
233.46666666666667	0.5	T	21	70040
233.6	0.5	nontarget	29	70080
233.6	0.5	C	4	70080
233.73666666666668	0.5	nontarget	29	70121
233.73666666666668	0.5	M	14	70121
233.87333333333333	0.5	nontarget	29	70162
233.87333333333333	0.5	O	16	70162
234.01	0.5	nontarget	29	70203
234.01	0.5	R	19	70203
234.14666666666668	0.5	nontarget	29	70244
234.14666666666668	0.5	L	13	70244
234.28333333333333	0.5	nontarget	29	70285
234.28333333333333	0.5	Z	27	70285
234.42	0.5	nontarget	29	70326
234.42	0.5	F	7	70326
234.55333333333334	0.5	nontarget	29	70366
234.55333333333334	0.5	P	17	70366
234.69	0.5	nontarget	29	70407
234.69	0.5	Q	18	70407
234.82666666666665	0.5	nontarget	29	70448
234.82666666666665	0.5	<	1	70448
234.96333333333334	0.5	nontarget	29	70489
234.96333333333334	0.5	Y	26	70489
235.1	0.5	nontarget	29	70530
235.1	0.5	N	15	70530
235.23333333333332	0.5	nontarget	29	70570
235.23333333333332	0.5	I	10	70570
235.37	0.5	nontarget	29	70611
235.37	0.5	U	22	70611
235.50666666666666	0.5	nontarget	29	70652
235.50666666666666	0.5	V	23	70652
235.64333333333335	0.5	target	30	70693
235.64333333333335	0.5	S	20	70693
235.78	0.5	nontarget	29	70734
235.78	0.5	J	11	70734
235.91666666666666	0.5	nontarget	29	70775
235.91666666666666	0.5	D	5	70775
236.05333333333334	0.5	nontarget	29	70816
236.05333333333334	0.5	_	28	70816
236.19	0.5	nontarget	29	70857
236.19	0.5	K	12	70857
236.32666666666665	0.5	nontarget	29	70898
236.32666666666665	0.5	G	8	70898
236.46333333333334	0.5	nontarget	29	70939
236.46333333333334	0.5	E	6	70939
236.6	0.5	nontarget	29	70980
236.6	0.5	A	2	70980
236.73666666666668	0.5	nontarget	29	71021
236.73666666666668	0.5	H	9	71021
236.87333333333333	0.5	nontarget	29	71062
236.87333333333333	0.5	X	25	71062
237.01	0.5	nontarget	29	71103
237.01	0.5	W	24	71103
237.14666666666668	0.5	nontarget	29	71144
237.14666666666668	0.5	B	3	71144
242.96666666666667	0.5	nontarget	29	72890
242.96666666666667	0.5	D	5	72890
243.10333333333332	0.5	nontarget	29	72931
243.10333333333332	0.5	M	14	72931
243.24	0.5	nontarget	29	72972
243.24	0.5	W	24	72972
243.37666666666667	0.5	nontarget	29	73013
243.37666666666667	0.5	N	15	73013
243.51333333333332	0.5	nontarget	29	73054
243.51333333333332	0.5	S	20	73054
243.65	0.5	nontarget	29	73095
243.65	0.5	V	23	73095
243.78333333333333	0.5	nontarget	29	73135
243.78333333333333	0.5	L	13	73135
243.92	0.5	nontarget	29	73176
243.92	0.5	G	8	73176
244.05333333333334	0.5	nontarget	29	73216
244.05333333333334	0.5	I	10	73216
244.19	0.5	nontarget	29	73257
244.19	0.5	P	17	73257
244.32666666666665	0.5	nontarget	29	73298
244.32666666666665	0.5	B	3	73298
244.46333333333334	0.5	nontarget	29	73339
244.46333333333334	0.5	Q	18	73339
244.59666666666666	0.5	nontarget	29	73379
244.59666666666666	0.5	R	19	73379
244.73	0.5	nontarget	29	73419
244.73	0.5	K	12	73419
244.86666666666667	0.5	target	30	73460
244.86666666666667	0.5	U	22	73460
245.00333333333333	0.5	nontarget	29	73501
245.00333333333333	0.5	T	21	73501
245.14	0.5	nontarget	29	73542
245.14	0.5	Z	27	73542
245.27666666666667	0.5	nontarget	29	73583
245.27666666666667	0.5	_	28	73583
245.41333333333333	0.5	nontarget	29	73624
245.41333333333333	0.5	J	11	73624
245.55	0.5	nontarget	29	73665
245.55	0.5	A	2	73665
245.68666666666667	0.5	nontarget	29	73706
245.68666666666667	0.5	E	6	73706
245.82	0.5	nontarget	29	73746
245.82	0.5	F	7	73746
245.95666666666668	0.5	nontarget	29	73787
245.95666666666668	0.5	Y	26	73787
246.09333333333333	0.5	nontarget	29	73828
246.09333333333333	0.5	O	16	73828
246.23	0.5	nontarget	29	73869
246.23	0.5	X	25	73869
246.36666666666667	0.5	nontarget	29	73910
246.36666666666667	0.5	C	4	73910
246.50333333333333	0.5	nontarget	29	73951
246.50333333333333	0.5	H	9	73951
246.63666666666666	0.5	nontarget	29	73991
246.63666666666666	0.5	<	1	73991
252.45666666666668	0.5	nontarget	29	75737
252.45666666666668	0.5	R	19	75737
252.59333333333333	0.5	nontarget	29	75778
252.59333333333333	0.5	V	23	75778
252.73	0.5	nontarget	29	75819
252.73	0.5	E	6	75819
252.86666666666667	0.5	nontarget	29	75860
252.86666666666667	0.5	A	2	75860
253.00333333333333	0.5	nontarget	29	75901
253.00333333333333	0.5	C	4	75901
253.14	0.5	nontarget	29	75942
253.14	0.5	H	9	75942
253.27666666666667	0.5	nontarget	29	75983
253.27666666666667	0.5	B	3	75983
253.41	0.5	nontarget	29	76023
253.41	0.5	U	22	76023
253.55	0.5	nontarget	29	76065
253.55	0.5	D	5	76065
253.68333333333334	0.5	nontarget	29	76105
253.68333333333334	0.5	F	7	76105
253.82	0.5	nontarget	29	76146
253.82	0.5	S	20	76146
253.95666666666668	0.5	target	30	76187
253.95666666666668	0.5	W	24	76187
254.09	0.5	nontarget	29	76227
254.09	0.5	L	13	76227
254.22666666666666	0.5	nontarget	29	76268
254.22666666666666	0.5	X	25	76268
254.36333333333334	0.5	nontarget	29	76309
254.36333333333334	0.5	Q	18	76309
254.5	0.5	nontarget	29	76350
254.5	0.5	O	16	76350
254.63666666666666	0.5	nontarget	29	76391
254.63666666666666	0.5	T	21	76391
254.77	0.5	nontarget	29	76431
254.77	0.5	G	8	76431
254.90666666666667	0.5	nontarget	29	76472
254.90666666666667	0.5	M	14	76472
255.04333333333332	0.5	nontarget	29	76513
255.04333333333332	0.5	I	10	76513
255.18	0.5	nontarget	29	76554
255.18	0.5	N	15	76554
255.31666666666666	0.5	nontarget	29	76595
255.31666666666666	0.5	_	28	76595
255.45333333333335	0.5	nontarget	29	76636
255.45333333333335	0.5	<	1	76636
255.59	0.5	nontarget	29	76677
255.59	0.5	J	11	76677
255.72333333333333	0.5	nontarget	29	76717
255.72333333333333	0.5	K	12	76717
255.86	0.5	nontarget	29	76758
255.86	0.5	Y	26	76758
255.99666666666667	0.5	nontarget	29	76799
255.99666666666667	0.5	P	17	76799
256.13	0.5	nontarget	29	76839
256.13	0.5	Z	27	76839
261.9533333333333	0.5	nontarget	29	78586
261.9533333333333	0.5	X	25	78586
262.09	0.5	nontarget	29	78627
262.09	0.5	N	15	78627
262.22333333333336	0.5	nontarget	29	78667
262.22333333333336	0.5	H	9	78667
262.36	0.5	nontarget	29	78708
262.36	0.5	F	7	78708
262.49666666666667	0.5	nontarget	29	78749
262.49666666666667	0.5	_	28	78749
262.6333333333333	0.5	nontarget	29	78790
262.6333333333333	0.5	S	20	78790
262.76666666666665	0.5	nontarget	29	78830
262.76666666666665	0.5	C	4	78830
262.9033333333333	0.5	nontarget	29	78871
262.9033333333333	0.5	Y	26	78871
263.04	0.5	nontarget	29	78912
263.04	0.5	E	6	78912
263.18	0.5	target	30	78954
263.18	0.5	P	17	78954
263.31333333333333	0.5	nontarget	29	78994
263.31333333333333	0.5	G	8	78994
263.45	0.5	nontarget	29	79035
263.45	0.5	L	13	79035
263.58666666666664	0.5	nontarget	29	79076
263.58666666666664	0.5	I	10	79076
263.72	0.5	nontarget	29	79116
263.72	0.5	R	19	79116
263.8566666666667	0.5	nontarget	29	79157
263.8566666666667	0.5	B	3	79157
263.99333333333334	0.5	nontarget	29	79198
263.99333333333334	0.5	K	12	79198
264.13	0.5	nontarget	29	79239
264.13	0.5	A	2	79239
264.26666666666665	0.5	nontarget	29	79280
264.26666666666665	0.5	M	14	79280
264.4	0.5	nontarget	29	79320
264.4	0.5	V	23	79320
264.5366666666667	0.5	nontarget	29	79361
264.5366666666667	0.5	O	16	79361
264.67333333333335	0.5	nontarget	29	79402
264.67333333333335	0.5	J	11	79402
264.81	0.5	nontarget	29	79443
264.81	0.5	Q	18	79443
264.94666666666666	0.5	nontarget	29	79484
264.94666666666666	0.5	W	24	79484
265.0833333333333	0.5	nontarget	29	79525
265.0833333333333	0.5	T	21	79525
265.22	0.5	nontarget	29	79566
265.22	0.5	D	5	79566
265.35333333333335	0.5	nontarget	29	79606
265.35333333333335	0.5	U	22	79606
265.49	0.5	nontarget	29	79647
265.49	0.5	<	1	79647
265.62666666666667	0.5	nontarget	29	79688
265.62666666666667	0.5	Z	27	79688
271.44666666666666	0.5	nontarget	29	81434
271.44666666666666	0.5	N	15	81434
271.5833333333333	0.5	nontarget	29	81475
271.5833333333333	0.5	V	23	81475
271.72	0.5	nontarget	29	81516
271.72	0.5	Z	27	81516
271.8566666666667	0.5	nontarget	29	81557
271.8566666666667	0.5	M	14	81557
271.99333333333334	0.5	target	30	81598
271.99333333333334	0.5	_	28	81598
272.12666666666667	0.5	nontarget	29	81638
272.12666666666667	0.5	W	24	81638
272.2633333333333	0.5	nontarget	29	81679
272.2633333333333	0.5	L	13	81679
272.4	0.5	nontarget	29	81720
272.4	0.5	Q	18	81720
272.5366666666667	0.5	nontarget	29	81761
272.5366666666667	0.5	U	22	81761
272.67333333333335	0.5	nontarget	29	81802
272.67333333333335	0.5	<	1	81802
272.8066666666667	0.5	nontarget	29	81842
272.8066666666667	0.5	E	6	81842
272.9433333333333	0.5	nontarget	29	81883
272.9433333333333	0.5	O	16	81883
273.08	0.5	nontarget	29	81924
273.08	0.5	C	4	81924
273.21666666666664	0.5	nontarget	29	81965
273.21666666666664	0.5	R	19	81965
273.35	0.5	nontarget	29	82005
273.35	0.5	I	10	82005
273.4866666666667	0.5	nontarget	29	82046
273.4866666666667	0.5	A	2	82046
273.62333333333333	0.5	nontarget	29	82087
273.62333333333333	0.5	F	7	82087
273.76	0.5	nontarget	29	82128
273.76	0.5	D	5	82128
273.89666666666665	0.5	nontarget	29	82169
273.89666666666665	0.5	X	25	82169
274.03333333333336	0.5	nontarget	29	82210
274.03333333333336	0.5	B	3	82210
274.17	0.5	nontarget	29	82251
274.17	0.5	J	11	82251
274.30333333333334	0.5	nontarget	29	82291
274.30333333333334	0.5	P	17	82291
274.44	0.5	nontarget	29	82332
274.44	0.5	G	8	82332
274.58	0.5	nontarget	29	82374
274.58	0.5	K	12	82374
274.7133333333333	0.5	nontarget	29	82414
274.7133333333333	0.5	H	9	82414
274.8466666666667	0.5	nontarget	29	82454
274.8466666666667	0.5	Y	26	82454
274.98333333333335	0.5	nontarget	29	82495
274.98333333333335	0.5	T	21	82495
275.12	0.5	nontarget	29	82536
275.12	0.5	S	20	82536
280.9433333333333	0.5	nontarget	29	84283
280.9433333333333	0.5	O	16	84283
281.08	0.5	nontarget	29	84324
281.08	0.5	D	5	84324
281.21666666666664	0.5	nontarget	29	84365
281.21666666666664	0.5	I	10	84365
281.35	0.5	nontarget	29	84405
281.35	0.5	V	23	84405
281.4866666666667	0.5	nontarget	29	84446
281.4866666666667	0.5	M	14	84446
281.62333333333333	0.5	nontarget	29	84487
281.62333333333333	0.5	F	7	84487
281.76	0.5	nontarget	29	84528
281.76	0.5	Z	27	84528
281.8933333333333	0.5	nontarget	29	84568
281.8933333333333	0.5	X	25	84568
282.03	0.5	nontarget	29	84609
282.03	0.5	W	24	84609
282.1666666666667	0.5	nontarget	29	84650
282.1666666666667	0.5	K	12	84650
282.3	0.5	nontarget	29	84690
282.3	0.5	H	9	84690
282.44	0.5	nontarget	29	84732
282.44	0.5	P	17	84732
282.5733333333333	0.5	nontarget	29	84772
282.5733333333333	0.5	Q	18	84772
282.71	0.5	nontarget	29	84813
282.71	0.5	A	2	84813
282.8433333333333	0.5	nontarget	29	84853
282.8433333333333	0.5	C	4	84853
282.98	0.5	nontarget	29	84894
282.98	0.5	T	21	84894
283.1166666666667	0.5	nontarget	29	84935
283.1166666666667	0.5	<	1	84935
283.25333333333333	0.5	nontarget	29	84976
283.25333333333333	0.5	B	3	84976
283.38666666666666	0.5	nontarget	29	85016
283.38666666666666	0.5	Y	26	85016
283.5233333333333	0.5	target	30	85057
283.5233333333333	0.5	G	8	85057
283.66	0.5	nontarget	29	85098
283.66	0.5	R	19	85098
283.79333333333335	0.5	nontarget	29	85138
283.79333333333335	0.5	_	28	85138
283.93	0.5	nontarget	29	85179
283.93	0.5	L	13	85179
284.06333333333333	0.5	nontarget	29	85219
284.06333333333333	0.5	J	11	85219
284.2	0.5	nontarget	29	85260
284.2	0.5	N	15	85260
284.33666666666664	0.5	nontarget	29	85301
284.33666666666664	0.5	U	22	85301
284.47333333333336	0.5	nontarget	29	85342
284.47333333333336	0.5	S	20	85342
284.61	0.5	nontarget	29	85383
284.61	0.5	E	6	85383
290.43666666666667	0.5	nontarget	29	87131
290.43666666666667	0.5	R	19	87131
290.5733333333333	0.5	nontarget	29	87172
290.5733333333333	0.5	P	17	87172
290.70666666666665	0.5	nontarget	29	87212
290.70666666666665	0.5	X	25	87212
290.8433333333333	0.5	nontarget	29	87253
290.8433333333333	0.5	L	13	87253
290.98	0.5	nontarget	29	87294
290.98	0.5	O	16	87294
291.1166666666667	0.5	nontarget	29	87335
291.1166666666667	0.5	G	8	87335
291.25	0.5	nontarget	29	87375
291.25	0.5	C	4	87375
291.38666666666666	0.5	nontarget	29	87416
291.38666666666666	0.5	B	3	87416
291.5233333333333	0.5	nontarget	29	87457
291.5233333333333	0.5	Y	26	87457
291.66333333333336	0.5	nontarget	29	87499
291.66333333333336	0.5	Q	18	87499
291.8	0.5	nontarget	29	87540
291.8	0.5	W	24	87540
291.93333333333334	0.5	nontarget	29	87580
291.93333333333334	0.5	T	21	87580
292.07	0.5	nontarget	29	87621
292.07	0.5	D	5	87621
292.20666666666665	0.5	nontarget	29	87662
292.20666666666665	0.5	H	9	87662
292.34	0.5	nontarget	29	87702
292.34	0.5	F	7	87702
292.4766666666667	0.5	nontarget	29	87743
292.4766666666667	0.5	E	6	87743
292.61	0.5	nontarget	29	87783
292.61	0.5	N	15	87783
292.74666666666667	0.5	target	30	87824
292.74666666666667	0.5	V	23	87824
292.8833333333333	0.5	nontarget	29	87865
292.8833333333333	0.5	S	20	87865
293.02	0.5	nontarget	29	87906
293.02	0.5	Z	27	87906
293.1566666666667	0.5	nontarget	29	87947
293.1566666666667	0.5	A	2	87947
293.29333333333335	0.5	nontarget	29	87988
293.29333333333335	0.5	U	22	87988
293.43	0.5	nontarget	29	88029
293.43	0.5	K	12	88029
293.56666666666666	0.5	nontarget	29	88070
293.56666666666666	0.5	_	28	88070
293.7033333333333	0.5	nontarget	29	88111
293.7033333333333	0.5	J	11	88111
293.83666666666664	0.5	nontarget	29	88151
293.83666666666664	0.5	M	14	88151
293.97333333333336	0.5	nontarget	29	88192
293.97333333333336	0.5	<	1	88192
294.11	0.5	nontarget	29	88233
294.11	0.5	I	10	88233
299.94666666666666	0.5	nontarget	29	89984
299.94666666666666	0.5	J	11	89984
300.0833333333333	0.5	nontarget	29	90025
300.0833333333333	0.5	Q	18	90025
300.22	0.5	nontarget	29	90066
300.22	0.5	P	17	90066
300.3566666666667	0.5	nontarget	29	90107
300.3566666666667	0.5	X	25	90107
300.49	0.5	nontarget	29	90147
300.49	0.5	W	24	90147
300.62666666666667	0.5	nontarget	29	90188
300.62666666666667	0.5	T	21	90188
300.7633333333333	0.5	nontarget	29	90229
300.7633333333333	0.5	<	1	90229
300.9	0.5	target	30	90270
300.9	0.5	B	3	90270
301.0366666666667	0.5	nontarget	29	90311
301.0366666666667	0.5	E	6	90311
301.17333333333335	0.5	nontarget	29	90352
301.17333333333335	0.5	F	7	90352
301.31	0.5	nontarget	29	90393
301.31	0.5	D	5	90393
301.4433333333333	0.5	nontarget	29	90433
301.4433333333333	0.5	_	28	90433
301.58	0.5	nontarget	29	90474
301.58	0.5	O	16	90474
301.71666666666664	0.5	nontarget	29	90515
301.71666666666664	0.5	S	20	90515
301.85333333333335	0.5	nontarget	29	90556
301.85333333333335	0.5	Z	27	90556
301.99	0.5	nontarget	29	90597
301.99	0.5	A	2	90597
302.12333333333333	0.5	nontarget	29	90637
302.12333333333333	0.5	V	23	90637
302.26	0.5	nontarget	29	90678
302.26	0.5	H	9	90678
302.3933333333333	0.5	nontarget	29	90718
302.3933333333333	0.5	N	15	90718
302.53	0.5	nontarget	29	90759
302.53	0.5	G	8	90759
302.6666666666667	0.5	nontarget	29	90800
302.6666666666667	0.5	C	4	90800
302.80333333333334	0.5	nontarget	29	90841
302.80333333333334	0.5	M	14	90841
302.94	0.5	nontarget	29	90882
302.94	0.5	Y	26	90882
303.07666666666665	0.5	nontarget	29	90923
303.07666666666665	0.5	U	22	90923
303.2133333333333	0.5	nontarget	29	90964
303.2133333333333	0.5	R	19	90964
303.3466666666667	0.5	nontarget	29	91004
303.3466666666667	0.5	K	12	91004
303.48333333333335	0.5	nontarget	29	91045
303.48333333333335	0.5	I	10	91045
303.62	0.5	nontarget	29	91086
303.62	0.5	L	13	91086
309.44	0.5	nontarget	29	92832
309.44	0.5	J	11	92832
309.57666666666665	0.5	nontarget	29	92873
309.57666666666665	0.5	N	15	92873
309.7133333333333	0.5	nontarget	29	92914
309.7133333333333	0.5	R	19	92914
309.85	0.5	nontarget	29	92955
309.85	0.5	M	14	92955
309.98333333333335	0.5	nontarget	29	92995
309.98333333333335	0.5	Z	27	92995
310.12	0.5	nontarget	29	93036
310.12	0.5	Q	18	93036
310.25666666666666	0.5	nontarget	29	93077
310.25666666666666	0.5	C	4	93077
310.39	0.5	nontarget	29	93117
310.39	0.5	_	28	93117
310.52666666666664	0.5	nontarget	29	93158
310.52666666666664	0.5	A	2	93158
310.66333333333336	0.5	nontarget	29	93199
310.66333333333336	0.5	O	16	93199
310.8	0.5	nontarget	29	93240
310.8	0.5	H	9	93240
310.93666666666667	0.5	nontarget	29	93281
310.93666666666667	0.5	I	10	93281
311.0733333333333	0.5	nontarget	29	93322
311.0733333333333	0.5	U	22	93322
311.20666666666665	0.5	nontarget	29	93362
311.20666666666665	0.5	X	25	93362
311.3433333333333	0.5	nontarget	29	93403
311.3433333333333	0.5	Y	26	93403
311.4766666666667	0.5	nontarget	29	93443
311.4766666666667	0.5	V	23	93443
311.61333333333334	0.5	nontarget	29	93484
311.61333333333334	0.5	K	12	93484
311.75	0.5	nontarget	29	93525
311.75	0.5	B	3	93525
311.88666666666666	0.5	nontarget	29	93566
311.88666666666666	0.5	L	13	93566
312.02	0.5	nontarget	29	93606
312.02	0.5	E	6	93606
312.1566666666667	0.5	nontarget	29	93647
312.1566666666667	0.5	G	8	93647
312.29	0.5	nontarget	29	93687
312.29	0.5	W	24	93687
312.4266666666667	0.5	nontarget	29	93728
312.4266666666667	0.5	D	5	93728
312.56333333333333	0.5	target	30	93769
312.56333333333333	0.5	F	7	93769
312.7	0.5	nontarget	29	93810
312.7	0.5	<	1	93810
312.8333333333333	0.5	nontarget	29	93850
312.8333333333333	0.5	S	20	93850
312.97	0.5	nontarget	29	93891
312.97	0.5	T	21	93891
313.1066666666667	0.5	nontarget	29	93932
313.1066666666667	0.5	P	17	93932
318.92333333333335	0.5	nontarget	29	95677
318.92333333333335	0.5	R	19	95677
319.06	0.5	nontarget	29	95718
319.06	0.5	A	2	95718
319.19666666666666	0.5	nontarget	29	95759
319.19666666666666	0.5	Q	18	95759
319.3333333333333	0.5	nontarget	29	95800
319.3333333333333	0.5	Y	26	95800
319.47	0.5	nontarget	29	95841
319.47	0.5	Z	27	95841
319.60333333333335	0.5	nontarget	29	95881
319.60333333333335	0.5	V	23	95881
319.74	0.5	nontarget	29	95922
319.74	0.5	E	6	95922
319.87666666666667	0.5	nontarget	29	95963
319.87666666666667	0.5	B	3	95963
320.0133333333333	0.5	nontarget	29	96004
320.0133333333333	0.5	H	9	96004
320.15	0.5	nontarget	29	96045
320.15	0.5	L	13	96045
320.28333333333336	0.5	nontarget	29	96085
320.28333333333336	0.5	W	24	96085
320.42	0.5	nontarget	29	96126
320.42	0.5	U	22	96126
320.55333333333334	0.5	nontarget	29	96166
320.55333333333334	0.5	G	8	96166
320.69	0.5	nontarget	29	96207
320.69	0.5	_	28	96207
320.82666666666665	0.5	nontarget	29	96248
320.82666666666665	0.5	P	17	96248
320.9633333333333	0.5	nontarget	29	96289
320.9633333333333	0.5	K	12	96289
321.1	0.5	nontarget	29	96330
321.1	0.5	I	10	96330
321.2366666666667	0.5	nontarget	29	96371
321.2366666666667	0.5	D	5	96371
321.37	0.5	target	30	96411
321.37	0.5	X	25	96411
321.50666666666666	0.5	nontarget	29	96452
321.50666666666666	0.5	F	7	96452
321.6433333333333	0.5	nontarget	29	96493
321.6433333333333	0.5	J	11	96493
321.78	0.5	nontarget	29	96534
321.78	0.5	T	21	96534
321.9166666666667	0.5	nontarget	29	96575
321.9166666666667	0.5	N	15	96575
322.05	0.5	nontarget	29	96615
322.05	0.5	S	20	96615
322.18666666666667	0.5	nontarget	29	96656
322.18666666666667	0.5	<	1	96656
322.3233333333333	0.5	nontarget	29	96697
322.3233333333333	0.5	M	14	96697
322.46	0.5	nontarget	29	96738
322.46	0.5	O	16	96738
322.5933333333333	0.5	nontarget	29	96778
322.5933333333333	0.5	C	4	96778
328.41333333333336	0.5	nontarget	29	98524
328.41333333333336	0.5	N	15	98524
328.55	0.5	nontarget	29	98565
328.55	0.5	U	22	98565
328.68333333333334	0.5	nontarget	29	98605
328.68333333333334	0.5	G	8	98605
328.82	0.5	nontarget	29	98646
328.82	0.5	M	14	98646
328.95666666666665	0.5	nontarget	29	98687
328.95666666666665	0.5	<	1	98687
329.0966666666667	0.5	nontarget	29	98729
329.0966666666667	0.5	J	11	98729
329.23333333333335	0.5	nontarget	29	98770
329.23333333333335	0.5	B	3	98770
329.3666666666667	0.5	nontarget	29	98810
329.3666666666667	0.5	Y	26	98810
329.50333333333333	0.5	nontarget	29	98851
329.50333333333333	0.5	P	17	98851
329.64	0.5	nontarget	29	98892
329.64	0.5	Q	18	98892
329.77666666666664	0.5	nontarget	29	98933
329.77666666666664	0.5	A	2	98933
329.91333333333336	0.5	nontarget	29	98974
329.91333333333336	0.5	C	4	98974
330.05	0.5	nontarget	29	99015
330.05	0.5	H	9	99015
330.18333333333334	0.5	nontarget	29	99055
330.18333333333334	0.5	F	7	99055
330.32	0.5	nontarget	29	99096
330.32	0.5	Z	27	99096
330.4533333333333	0.5	nontarget	29	99136
330.4533333333333	0.5	L	13	99136
330.59	0.5	nontarget	29	99177
330.59	0.5	V	23	99177
330.72333333333336	0.5	nontarget	29	99217
330.72333333333336	0.5	K	12	99217
330.86	0.5	nontarget	29	99258
330.86	0.5	I	10	99258
330.99666666666667	0.5	nontarget	29	99299
330.99666666666667	0.5	E	6	99299
331.13	0.5	target	30	99339
331.13	0.5	X	25	99339
331.26666666666665	0.5	nontarget	29	99380
331.26666666666665	0.5	R	19	99380
331.4033333333333	0.5	nontarget	29	99421
331.4033333333333	0.5	T	21	99421
331.5366666666667	0.5	nontarget	29	99461
331.5366666666667	0.5	D	5	99461
331.67333333333335	0.5	nontarget	29	99502
331.67333333333335	0.5	O	16	99502
331.8066666666667	0.5	nontarget	29	99542
331.8066666666667	0.5	S	20	99542
331.9433333333333	0.5	nontarget	29	99583
331.9433333333333	0.5	_	28	99583
332.07666666666665	0.5	nontarget	29	99623
332.07666666666665	0.5	W	24	99623
337.8933333333333	0.5	nontarget	29	101368
337.8933333333333	0.5	V	23	101368
338.03333333333336	0.5	nontarget	29	101410
338.03333333333336	0.5	Y	26	101410
338.1666666666667	0.5	nontarget	29	101450
338.1666666666667	0.5	L	13	101450
338.30333333333334	0.5	nontarget	29	101491
338.30333333333334	0.5	G	8	101491
338.44	0.5	nontarget	29	101532
338.44	0.5	I	10	101532
338.5733333333333	0.5	nontarget	29	101572
338.5733333333333	0.5	K	12	101572
338.71	0.5	nontarget	29	101613
338.71	0.5	S	20	101613
338.8466666666667	0.5	nontarget	29	101654
338.8466666666667	0.5	M	14	101654
338.98333333333335	0.5	nontarget	29	101695
338.98333333333335	0.5	H	9	101695
339.18333333333334	0.5	target	30	101755
339.18333333333334	0.5	A	2	101755
339.31666666666666	0.5	nontarget	29	101795
339.31666666666666	0.5	N	15	101795
339.4533333333333	0.5	nontarget	29	101836
339.4533333333333	0.5	X	25	101836
339.59	0.5	nontarget	29	101877
339.59	0.5	U	22	101877
339.7266666666667	0.5	nontarget	29	101918
339.7266666666667	0.5	T	21	101918
339.86	0.5	nontarget	29	101958
339.86	0.5	R	19	101958
339.99666666666667	0.5	nontarget	29	101999
339.99666666666667	0.5	C	4	101999
340.1333333333333	0.5	nontarget	29	102040
340.1333333333333	0.5	E	6	102040
340.27	0.5	nontarget	29	102081
340.27	0.5	P	17	102081
340.4066666666667	0.5	nontarget	29	102122
340.4066666666667	0.5	B	3	102122
340.54333333333335	0.5	nontarget	29	102163
340.54333333333335	0.5	Z	27	102163
340.68	0.5	nontarget	29	102204
340.68	0.5	Q	18	102204
340.81666666666666	0.5	nontarget	29	102245
340.81666666666666	0.5	D	5	102245
340.95	0.5	nontarget	29	102285
340.95	0.5	O	16	102285
341.09	0.5	nontarget	29	102327
341.09	0.5	W	24	102327
341.22333333333336	0.5	nontarget	29	102367
341.22333333333336	0.5	_	28	102367
341.36	0.5	nontarget	29	102408
341.36	0.5	J	11	102408
341.49333333333334	0.5	nontarget	29	102448
341.49333333333334	0.5	F	7	102448
341.63	0.5	nontarget	29	102489
341.63	0.5	<	1	102489
347.45	0.5	nontarget	29	104235
347.45	0.5	S	20	104235
347.58666666666664	0.5	nontarget	29	104276
347.58666666666664	0.5	J	11	104276
347.72333333333336	0.5	nontarget	29	104317
347.72333333333336	0.5	M	14	104317
347.86	0.5	nontarget	29	104358
347.86	0.5	B	3	104358
347.99666666666667	0.5	nontarget	29	104399
347.99666666666667	0.5	<	1	104399
348.13	0.5	nontarget	29	104439
348.13	0.5	_	28	104439
348.26666666666665	0.5	nontarget	29	104480
348.26666666666665	0.5	K	12	104480
348.4033333333333	0.5	nontarget	29	104521
348.4033333333333	0.5	X	25	104521
348.54	0.5	nontarget	29	104562
348.54	0.5	E	6	104562
348.6766666666667	0.5	nontarget	29	104603
348.6766666666667	0.5	P	17	104603
348.81333333333333	0.5	nontarget	29	104644
348.81333333333333	0.5	C	4	104644
348.95	0.5	nontarget	29	104685
348.95	0.5	H	9	104685
349.0833333333333	0.5	nontarget	29	104725
349.0833333333333	0.5	W	24	104725
349.22	0.5	nontarget	29	104766
349.22	0.5	Y	26	104766
349.35333333333335	0.5	nontarget	29	104806
349.35333333333335	0.5	G	8	104806
349.49	0.5	nontarget	29	104847
349.49	0.5	F	7	104847
349.62333333333333	0.5	nontarget	29	104887
349.62333333333333	0.5	I	10	104887
349.76	0.5	nontarget	29	104928
349.76	0.5	Z	27	104928
349.89666666666665	0.5	target	30	104969
349.89666666666665	0.5	Q	18	104969
350.03	0.5	nontarget	29	105009
350.03	0.5	D	5	105009
350.1666666666667	0.5	nontarget	29	105050
350.1666666666667	0.5	L	13	105050
350.3	0.5	nontarget	29	105090
350.3	0.5	A	2	105090
350.43666666666667	0.5	nontarget	29	105131
350.43666666666667	0.5	R	19	105131
350.5733333333333	0.5	nontarget	29	105172
350.5733333333333	0.5	O	16	105172
350.71	0.5	nontarget	29	105213
350.71	0.5	N	15	105213
350.8466666666667	0.5	nontarget	29	105254
350.8466666666667	0.5	V	23	105254
350.98	0.5	nontarget	29	105294
350.98	0.5	T	21	105294
351.12	0.5	nontarget	29	105336
351.12	0.5	U	22	105336
356.9433333333333	0.5	nontarget	29	107083
356.9433333333333	0.5	B	3	107083
357.08	0.5	nontarget	29	107124
357.08	0.5	G	8	107124
357.21666666666664	0.5	nontarget	29	107165
357.21666666666664	0.5	Y	26	107165
357.35	0.5	nontarget	29	107205
357.35	0.5	U	22	107205
357.4866666666667	0.5	nontarget	29	107246
357.4866666666667	0.5	E	6	107246
357.62	0.5	nontarget	29	107286
357.62	0.5	R	19	107286
357.75666666666666	0.5	nontarget	29	107327
357.75666666666666	0.5	<	1	107327
357.89	0.5	nontarget	29	107367
357.89	0.5	N	15	107367
358.02666666666664	0.5	nontarget	29	107408
358.02666666666664	0.5	H	9	107408
358.16	0.5	nontarget	29	107448
358.16	0.5	X	25	107448
358.2966666666667	0.5	nontarget	29	107489
358.2966666666667	0.5	Z	27	107489
358.43333333333334	0.5	nontarget	29	107530
358.43333333333334	0.5	P	17	107530
358.56666666666666	0.5	target	30	107570
358.56666666666666	0.5	V	23	107570
358.7033333333333	0.5	nontarget	29	107611
358.7033333333333	0.5	W	24	107611
358.84	0.5	nontarget	29	107652
358.84	0.5	A	2	107652
358.9766666666667	0.5	nontarget	29	107693
358.9766666666667	0.5	M	14	107693
359.11333333333334	0.5	nontarget	29	107734
359.11333333333334	0.5	I	10	107734
359.25	0.5	nontarget	29	107775
359.25	0.5	J	11	107775
359.3833333333333	0.5	nontarget	29	107815
359.3833333333333	0.5	T	21	107815
359.52	0.5	nontarget	29	107856
359.52	0.5	Q	18	107856
359.66	0.5	nontarget	29	107898
359.66	0.5	D	5	107898
359.7966666666667	0.5	nontarget	29	107939
359.7966666666667	0.5	L	13	107939
359.93333333333334	0.5	nontarget	29	107980
359.93333333333334	0.5	O	16	107980
360.06666666666666	0.5	nontarget	29	108020
360.06666666666666	0.5	S	20	108020
360.2033333333333	0.5	nontarget	29	108061
360.2033333333333	0.5	F	7	108061
360.34	0.5	nontarget	29	108102
360.34	0.5	C	4	108102
360.4766666666667	0.5	nontarget	29	108143
360.4766666666667	0.5	_	28	108143
360.61333333333334	0.5	nontarget	29	108184
360.61333333333334	0.5	K	12	108184
366.43	0.5	nontarget	29	109929
366.43	0.5	U	22	109929
366.56666666666666	0.5	nontarget	29	109970
366.56666666666666	0.5	L	13	109970
366.7033333333333	0.5	nontarget	29	110011
366.7033333333333	0.5	I	10	110011
366.84	0.5	nontarget	29	110052
366.84	0.5	N	15	110052
366.9766666666667	0.5	nontarget	29	110093
366.9766666666667	0.5	J	11	110093
367.11333333333334	0.5	nontarget	29	110134
367.11333333333334	0.5	W	24	110134
367.25	0.5	nontarget	29	110175
367.25	0.5	X	25	110175
367.3833333333333	0.5	nontarget	29	110215
367.3833333333333	0.5	B	3	110215
367.52	0.5	nontarget	29	110256
367.52	0.5	H	9	110256
367.6566666666667	0.5	nontarget	29	110297
367.6566666666667	0.5	M	14	110297
367.79333333333335	0.5	nontarget	29	110338
367.79333333333335	0.5	G	8	110338
367.93	0.5	nontarget	29	110379
367.93	0.5	D	5	110379
368.06666666666666	0.5	nontarget	29	110420
368.06666666666666	0.5	Z	27	110420
368.2033333333333	0.5	nontarget	29	110461
368.2033333333333	0.5	Y	26	110461
368.34	0.5	nontarget	29	110502
368.34	0.5	O	16	110502
368.4766666666667	0.5	nontarget	29	110543
368.4766666666667	0.5	A	2	110543
368.61333333333334	0.5	nontarget	29	110584
368.61333333333334	0.5	F	7	110584
368.75	0.5	nontarget	29	110625
368.75	0.5	T	21	110625
368.8833333333333	0.5	nontarget	29	110665
368.8833333333333	0.5	C	4	110665
369.02	0.5	nontarget	29	110706
369.02	0.5	V	23	110706
369.1566666666667	0.5	nontarget	29	110747
369.1566666666667	0.5	K	12	110747
369.29333333333335	0.5	nontarget	29	110788
369.29333333333335	0.5	P	17	110788
369.43	0.5	target	30	110829
369.43	0.5	E	6	110829
369.56333333333333	0.5	nontarget	29	110869
369.56333333333333	0.5	Q	18	110869
369.7	0.5	nontarget	29	110910
369.7	0.5	_	28	110910
369.83666666666664	0.5	nontarget	29	110951
369.83666666666664	0.5	S	20	110951
369.97	0.5	nontarget	29	110991
369.97	0.5	R	19	110991
370.1066666666667	0.5	nontarget	29	111032
370.1066666666667	0.5	<	1	111032
375.93	0.5	nontarget	29	112779
375.93	0.5	_	28	112779
376.06666666666666	0.5	nontarget	29	112820
376.06666666666666	0.5	P	17	112820
376.2033333333333	0.5	nontarget	29	112861
376.2033333333333	0.5	L	13	112861
376.33666666666664	0.5	nontarget	29	112901
376.33666666666664	0.5	A	2	112901
376.47333333333336	0.5	nontarget	29	112942
376.47333333333336	0.5	E	6	112942
376.61	0.5	nontarget	29	112983
376.61	0.5	V	23	112983
376.74666666666667	0.5	nontarget	29	113024
376.74666666666667	0.5	Y	26	113024
376.88	0.5	nontarget	29	113064
376.88	0.5	O	16	113064
377.01666666666665	0.5	nontarget	29	113105
377.01666666666665	0.5	Z	27	113105
377.15	0.5	nontarget	29	113145
377.15	0.5	W	24	113145
377.2866666666667	0.5	nontarget	29	113186
377.2866666666667	0.5	Q	18	113186
377.42	0.5	nontarget	29	113226
377.42	0.5	J	11	113226
377.5566666666667	0.5	nontarget	29	113267
377.5566666666667	0.5	M	14	113267
377.6933333333333	0.5	nontarget	29	113308
377.6933333333333	0.5	K	12	113308
377.82666666666665	0.5	nontarget	29	113348
377.82666666666665	0.5	<	1	113348
377.96666666666664	0.5	target	30	113390
377.96666666666664	0.5	U	22	113390
378.1	0.5	nontarget	29	113430
378.1	0.5	B	3	113430
378.2366666666667	0.5	nontarget	29	113471
378.2366666666667	0.5	F	7	113471
378.37	0.5	nontarget	29	113511
378.37	0.5	X	25	113511
378.50666666666666	0.5	nontarget	29	113552
378.50666666666666	0.5	C	4	113552
378.6433333333333	0.5	nontarget	29	113593
378.6433333333333	0.5	R	19	113593
378.77666666666664	0.5	nontarget	29	113633
378.77666666666664	0.5	N	15	113633
378.91333333333336	0.5	nontarget	29	113674
378.91333333333336	0.5	T	21	113674
379.05	0.5	nontarget	29	113715
379.05	0.5	G	8	113715
379.18666666666667	0.5	nontarget	29	113756
379.18666666666667	0.5	H	9	113756
379.3233333333333	0.5	nontarget	29	113797
379.3233333333333	0.5	D	5	113797
379.46	0.5	nontarget	29	113838
379.46	0.5	I	10	113838
379.5966666666667	0.5	nontarget	29	113879
379.5966666666667	0.5	S	20	113879
385.4166666666667	0.5	nontarget	29	115625
385.4166666666667	0.5	_	28	115625
385.55333333333334	0.5	nontarget	29	115666
385.55333333333334	0.5	W	24	115666
385.68666666666667	0.5	nontarget	29	115706
385.68666666666667	0.5	Z	27	115706
385.8233333333333	0.5	nontarget	29	115747
385.8233333333333	0.5	E	6	115747
385.96	0.5	nontarget	29	115788
385.96	0.5	A	2	115788
386.0933333333333	0.5	nontarget	29	115828
386.0933333333333	0.5	J	11	115828
386.23	0.5	nontarget	29	115869
386.23	0.5	M	14	115869
386.3666666666667	0.5	nontarget	29	115910
386.3666666666667	0.5	Y	26	115910
386.50333333333333	0.5	nontarget	29	115951
386.50333333333333	0.5	I	10	115951
386.64	0.5	nontarget	29	115992
386.64	0.5	B	3	115992
386.7733333333333	0.5	nontarget	29	116032
386.7733333333333	0.5	V	23	116032
386.91	0.5	nontarget	29	116073
386.91	0.5	L	13	116073
387.0466666666667	0.5	nontarget	29	116114
387.0466666666667	0.5	C	4	116114
387.18333333333334	0.5	nontarget	29	116155
387.18333333333334	0.5	N	15	116155
387.32	0.5	nontarget	29	116196
387.32	0.5	K	12	116196
387.45666666666665	0.5	nontarget	29	116237
387.45666666666665	0.5	<	1	116237
387.59	0.5	nontarget	29	116277
387.59	0.5	H	9	116277
387.7266666666667	0.5	nontarget	29	116318
387.7266666666667	0.5	S	20	116318
387.86333333333334	0.5	nontarget	29	116359
387.86333333333334	0.5	D	5	116359
388.0	0.5	nontarget	29	116400
388.0	0.5	F	7	116400
388.13666666666666	0.5	nontarget	29	116441
388.13666666666666	0.5	Q	18	116441
388.2733333333333	0.5	target	30	116482
388.2733333333333	0.5	P	17	116482
388.41	0.5	nontarget	29	116523
388.41	0.5	G	8	116523
388.5466666666667	0.5	nontarget	29	116564
388.5466666666667	0.5	X	25	116564
388.68333333333334	0.5	nontarget	29	116605
388.68333333333334	0.5	U	22	116605
388.81666666666666	0.5	nontarget	29	116645
388.81666666666666	0.5	O	16	116645
388.9533333333333	0.5	nontarget	29	116686
388.9533333333333	0.5	R	19	116686
389.09	0.5	nontarget	29	116727
389.09	0.5	T	21	116727
394.91333333333336	0.5	nontarget	29	118474
394.91333333333336	0.5	I	10	118474
395.05	0.5	nontarget	29	118515
395.05	0.5	J	11	118515
395.18666666666667	0.5	nontarget	29	118556
395.18666666666667	0.5	B	3	118556
395.3233333333333	0.5	nontarget	29	118597
395.3233333333333	0.5	S	20	118597
395.45666666666665	0.5	nontarget	29	118637
395.45666666666665	0.5	V	23	118637
395.5933333333333	0.5	nontarget	29	118678
395.5933333333333	0.5	Y	26	118678
395.73	0.5	nontarget	29	118719
395.73	0.5	E	6	118719
395.8666666666667	0.5	nontarget	29	118760
395.8666666666667	0.5	K	12	118760
396.00333333333333	0.5	nontarget	29	118801
396.00333333333333	0.5	F	7	118801
396.13666666666666	0.5	nontarget	29	118841
396.13666666666666	0.5	Q	18	118841
396.2733333333333	0.5	nontarget	29	118882
396.2733333333333	0.5	C	4	118882
396.41	0.5	nontarget	29	118923
396.41	0.5	P	17	118923
396.5466666666667	0.5	nontarget	29	118964
396.5466666666667	0.5	N	15	118964
396.68	0.5	nontarget	29	119004
396.68	0.5	H	9	119004
396.81666666666666	0.5	nontarget	29	119045
396.81666666666666	0.5	X	25	119045
396.9533333333333	0.5	nontarget	29	119086
396.9533333333333	0.5	Z	27	119086
397.08666666666664	0.5	nontarget	29	119126
397.08666666666664	0.5	_	28	119126
397.22333333333336	0.5	nontarget	29	119167
397.22333333333336	0.5	A	2	119167
397.3566666666667	0.5	nontarget	29	119207
397.3566666666667	0.5	U	22	119207
397.49333333333334	0.5	nontarget	29	119248
397.49333333333334	0.5	L	13	119248
397.63	0.5	nontarget	29	119289
397.63	0.5	T	21	119289
397.7633333333333	0.5	target	30	119329
397.7633333333333	0.5	W	24	119329
397.89666666666665	0.5	nontarget	29	119369
397.89666666666665	0.5	<	1	119369
398.03333333333336	0.5	nontarget	29	119410
398.03333333333336	0.5	M	14	119410
398.17	0.5	nontarget	29	119451
398.17	0.5	O	16	119451
398.3066666666667	0.5	nontarget	29	119492
398.3066666666667	0.5	D	5	119492
398.44	0.5	nontarget	29	119532
398.44	0.5	R	19	119532
398.57666666666665	0.5	nontarget	29	119573
398.57666666666665	0.5	G	8	119573
404.42	0.5	nontarget	29	121326
404.42	0.5	Y	26	121326
404.55333333333334	0.5	nontarget	29	121366
404.55333333333334	0.5	T	21	121366
404.69	0.5	nontarget	29	121407
404.69	0.5	M	14	121407
404.8233333333333	0.5	nontarget	29	121447
404.8233333333333	0.5	E	6	121447
404.96	0.5	nontarget	29	121488
404.96	0.5	<	1	121488
405.0933333333333	0.5	nontarget	29	121528
405.0933333333333	0.5	O	16	121528
405.23	0.5	nontarget	29	121569
405.23	0.5	N	15	121569
405.36333333333334	0.5	nontarget	29	121609
405.36333333333334	0.5	B	3	121609
405.5	0.5	target	30	121650
405.5	0.5	V	23	121650
405.63666666666666	0.5	nontarget	29	121691
405.63666666666666	0.5	I	10	121691
405.77	0.5	nontarget	29	121731
405.77	0.5	_	28	121731
405.9066666666667	0.5	nontarget	29	121772
405.9066666666667	0.5	X	25	121772
406.04333333333335	0.5	nontarget	29	121813
406.04333333333335	0.5	Q	18	121813
406.18	0.5	nontarget	29	121854
406.18	0.5	D	5	121854
406.31666666666666	0.5	nontarget	29	121895
406.31666666666666	0.5	Z	27	121895
406.45	0.5	nontarget	29	121935
406.45	0.5	L	13	121935
406.5833333333333	0.5	nontarget	29	121975
406.5833333333333	0.5	U	22	121975
406.72	0.5	nontarget	29	122016
406.72	0.5	A	2	122016
406.8566666666667	0.5	nontarget	29	122057
406.8566666666667	0.5	H	9	122057
406.99333333333334	0.5	nontarget	29	122098
406.99333333333334	0.5	S	20	122098
407.12666666666667	0.5	nontarget	29	122138
407.12666666666667	0.5	K	12	122138
407.26666666666665	0.5	nontarget	29	122180
407.26666666666665	0.5	P	17	122180
407.4033333333333	0.5	nontarget	29	122221
407.4033333333333	0.5	G	8	122221
407.54	0.5	nontarget	29	122262
407.54	0.5	W	24	122262
407.6766666666667	0.5	nontarget	29	122303
407.6766666666667	0.5	F	7	122303
407.81333333333333	0.5	nontarget	29	122344
407.81333333333333	0.5	J	11	122344
407.94666666666666	0.5	nontarget	29	122384
407.94666666666666	0.5	R	19	122384
408.0833333333333	0.5	nontarget	29	122425
408.0833333333333	0.5	C	4	122425
413.9033333333333	0.5	nontarget	29	124171
413.9033333333333	0.5	N	15	124171
414.04	0.5	nontarget	29	124212
414.04	0.5	B	3	124212
414.1766666666667	0.5	nontarget	29	124253
414.1766666666667	0.5	Z	27	124253
414.31333333333333	0.5	nontarget	29	124294
414.31333333333333	0.5	I	10	124294
414.44666666666666	0.5	nontarget	29	124334
414.44666666666666	0.5	U	22	124334
414.5833333333333	0.5	nontarget	29	124375
414.5833333333333	0.5	W	24	124375
414.72	0.5	nontarget	29	124416
414.72	0.5	V	23	124416
414.8566666666667	0.5	nontarget	29	124457
414.8566666666667	0.5	O	16	124457
414.99333333333334	0.5	nontarget	29	124498
414.99333333333334	0.5	D	5	124498
415.13	0.5	nontarget	29	124539
415.13	0.5	H	9	124539
415.27	0.5	nontarget	29	124581
415.27	0.5	A	2	124581
415.4033333333333	0.5	nontarget	29	124621
415.4033333333333	0.5	G	8	124621
415.54333333333335	0.5	nontarget	29	124663
415.54333333333335	0.5	R	19	124663
415.68	0.5	nontarget	29	124704
415.68	0.5	X	25	124704
415.81333333333333	0.5	nontarget	29	124744
415.81333333333333	0.5	S	20	124744
415.95	0.5	nontarget	29	124785
415.95	0.5	_	28	124785
416.08666666666664	0.5	nontarget	29	124826
416.08666666666664	0.5	P	17	124826
416.22333333333336	0.5	nontarget	29	124867
416.22333333333336	0.5	K	12	124867
416.36	0.5	nontarget	29	124908
416.36	0.5	F	7	124908
416.49333333333334	0.5	nontarget	29	124948
416.49333333333334	0.5	Y	26	124948
416.63	0.5	target	30	124989
416.63	0.5	T	21	124989
416.7633333333333	0.5	nontarget	29	125029
416.7633333333333	0.5	E	6	125029
416.9	0.5	nontarget	29	125070
416.9	0.5	J	11	125070
417.0366666666667	0.5	nontarget	29	125111
417.0366666666667	0.5	M	14	125111
417.17333333333335	0.5	nontarget	29	125152
417.17333333333335	0.5	<	1	125152
417.3066666666667	0.5	nontarget	29	125192
417.3066666666667	0.5	Q	18	125192
417.4433333333333	0.5	nontarget	29	125233
417.4433333333333	0.5	L	13	125233
417.58	0.5	nontarget	29	125274
417.58	0.5	C	4	125274
423.4	0.5	nontarget	29	127020
423.4	0.5	U	22	127020
423.5366666666667	0.5	target	30	127061
423.5366666666667	0.5	S	20	127061
423.67	0.5	nontarget	29	127101
423.67	0.5	Z	27	127101
423.8066666666667	0.5	nontarget	29	127142
423.8066666666667	0.5	V	23	127142
423.9433333333333	0.5	nontarget	29	127183
423.9433333333333	0.5	Y	26	127183
424.0833333333333	0.5	nontarget	29	127225
424.0833333333333	0.5	R	19	127225
424.21666666666664	0.5	nontarget	29	127265
424.21666666666664	0.5	Q	18	127265
424.35333333333335	0.5	nontarget	29	127306
424.35333333333335	0.5	E	6	127306
424.4866666666667	0.5	nontarget	29	127346
424.4866666666667	0.5	W	24	127346
424.62333333333333	0.5	nontarget	29	127387
424.62333333333333	0.5	C	4	127387
424.76	0.5	nontarget	29	127428
424.76	0.5	F	7	127428
424.89666666666665	0.5	nontarget	29	127469
424.89666666666665	0.5	J	11	127469
425.03333333333336	0.5	nontarget	29	127510
425.03333333333336	0.5	K	12	127510
425.17	0.5	nontarget	29	127551
425.17	0.5	X	25	127551
425.3066666666667	0.5	nontarget	29	127592
425.3066666666667	0.5	I	10	127592
425.44	0.5	nontarget	29	127632
425.44	0.5	L	13	127632
425.57666666666665	0.5	nontarget	29	127673
425.57666666666665	0.5	B	3	127673
425.7133333333333	0.5	nontarget	29	127714
425.7133333333333	0.5	T	21	127714
425.85	0.5	nontarget	29	127755
425.85	0.5	P	17	127755
425.9866666666667	0.5	nontarget	29	127796
425.9866666666667	0.5	H	9	127796
426.12333333333333	0.5	nontarget	29	127837
426.12333333333333	0.5	A	2	127837
426.26	0.5	nontarget	29	127878
426.26	0.5	N	15	127878
426.39666666666665	0.5	nontarget	29	127919
426.39666666666665	0.5	G	8	127919
426.53	0.5	nontarget	29	127959
426.53	0.5	_	28	127959
426.6666666666667	0.5	nontarget	29	128000
426.6666666666667	0.5	M	14	128000
426.80333333333334	0.5	nontarget	29	128041
426.80333333333334	0.5	O	16	128041
426.93666666666667	0.5	nontarget	29	128081
426.93666666666667	0.5	D	5	128081
427.0733333333333	0.5	nontarget	29	128122
427.0733333333333	0.5	<	1	128122
432.8933333333333	0.5	nontarget	29	129868
432.8933333333333	0.5	C	4	129868
433.03	0.5	nontarget	29	129909
433.03	0.5	<	1	129909
433.1666666666667	0.5	nontarget	29	129950
433.1666666666667	0.5	P	17	129950
433.31	0.5	nontarget	29	129993
433.31	0.5	I	10	129993
433.44666666666666	0.5	nontarget	29	130034
433.44666666666666	0.5	H	9	130034
433.58	0.5	nontarget	29	130074
433.58	0.5	Z	27	130074
433.71666666666664	0.5	nontarget	29	130115
433.71666666666664	0.5	K	12	130115
433.85333333333335	0.5	nontarget	29	130156
433.85333333333335	0.5	T	21	130156
433.99	0.5	nontarget	29	130197
433.99	0.5	J	11	130197
434.12333333333333	0.5	nontarget	29	130237
434.12333333333333	0.5	G	8	130237
434.26	0.5	nontarget	29	130278
434.26	0.5	X	25	130278
434.4	0.5	nontarget	29	130320
434.4	0.5	Q	18	130320
434.5366666666667	0.5	nontarget	29	130361
434.5366666666667	0.5	M	14	130361
434.67	0.5	target	30	130401
434.67	0.5	N	15	130401
434.8066666666667	0.5	nontarget	29	130442
434.8066666666667	0.5	W	24	130442
434.9433333333333	0.5	nontarget	29	130483
434.9433333333333	0.5	F	7	130483
435.08	0.5	nontarget	29	130524
435.08	0.5	R	19	130524
435.2133333333333	0.5	nontarget	29	130564
435.2133333333333	0.5	S	20	130564
435.35	0.5	nontarget	29	130605
435.35	0.5	A	2	130605
435.48333333333335	0.5	nontarget	29	130645
435.48333333333335	0.5	Y	26	130645
435.62	0.5	nontarget	29	130686
435.62	0.5	O	16	130686
435.75333333333333	0.5	nontarget	29	130726
435.75333333333333	0.5	_	28	130726
435.89	0.5	nontarget	29	130767
435.89	0.5	V	23	130767
436.02666666666664	0.5	nontarget	29	130808
436.02666666666664	0.5	U	22	130808
436.16	0.5	nontarget	29	130848
436.16	0.5	B	3	130848
436.2966666666667	0.5	nontarget	29	130889
436.2966666666667	0.5	D	5	130889
436.43333333333334	0.5	nontarget	29	130930
436.43333333333334	0.5	E	6	130930
436.57	0.5	nontarget	29	130971
436.57	0.5	L	13	130971
442.39	0.5	nontarget	29	132717
442.39	0.5	Q	18	132717
442.5233333333333	0.5	nontarget	29	132757
442.5233333333333	0.5	K	12	132757
442.66	0.5	nontarget	29	132798
442.66	0.5	T	21	132798
442.7966666666667	0.5	nontarget	29	132839
442.7966666666667	0.5	G	8	132839
442.93333333333334	0.5	nontarget	29	132880
442.93333333333334	0.5	U	22	132880
443.07	0.5	nontarget	29	132921
443.07	0.5	S	20	132921
443.20666666666665	0.5	nontarget	29	132962
443.20666666666665	0.5	L	13	132962
443.3433333333333	0.5	nontarget	29	133003
443.3433333333333	0.5	C	4	133003
443.48	0.5	nontarget	29	133044
443.48	0.5	A	2	133044
443.61333333333334	0.5	nontarget	29	133084
443.61333333333334	0.5	E	6	133084
443.75	0.5	nontarget	29	133125
443.75	0.5	J	11	133125
443.88666666666666	0.5	nontarget	29	133166
443.88666666666666	0.5	D	5	133166
444.0233333333333	0.5	target	30	133207
444.0233333333333	0.5	X	25	133207
444.16	0.5	nontarget	29	133248
444.16	0.5	<	1	133248
444.29333333333335	0.5	nontarget	29	133288
444.29333333333335	0.5	H	9	133288
444.43	0.5	nontarget	29	133329
444.43	0.5	Y	26	133329
444.56666666666666	0.5	nontarget	29	133370
444.56666666666666	0.5	V	23	133370
444.7033333333333	0.5	nontarget	29	133411
444.7033333333333	0.5	R	19	133411
444.84	0.5	nontarget	29	133452
444.84	0.5	O	16	133452
444.97333333333336	0.5	nontarget	29	133492
444.97333333333336	0.5	W	24	133492
445.11	0.5	nontarget	29	133533
445.11	0.5	N	15	133533
445.24666666666667	0.5	nontarget	29	133574
445.24666666666667	0.5	_	28	133574
445.38666666666666	0.5	nontarget	29	133616
445.38666666666666	0.5	M	14	133616
445.5233333333333	0.5	nontarget	29	133657
445.5233333333333	0.5	B	3	133657
445.66	0.5	nontarget	29	133698
445.66	0.5	Z	27	133698
445.7966666666667	0.5	nontarget	29	133739
445.7966666666667	0.5	P	17	133739
445.93	0.5	nontarget	29	133779
445.93	0.5	I	10	133779
446.06666666666666	0.5	nontarget	29	133820
446.06666666666666	0.5	F	7	133820
451.89	0.5	nontarget	29	135567
451.89	0.5	N	15	135567
452.0233333333333	0.5	nontarget	29	135607
452.0233333333333	0.5	<	1	135607
452.16	0.5	nontarget	29	135648
452.16	0.5	Y	26	135648
452.2966666666667	0.5	nontarget	29	135689
452.2966666666667	0.5	F	7	135689
452.43333333333334	0.5	nontarget	29	135730
452.43333333333334	0.5	S	20	135730
452.57	0.5	nontarget	29	135771
452.57	0.5	P	17	135771
452.70666666666665	0.5	target	30	135812
452.70666666666665	0.5	E	6	135812
452.84	0.5	nontarget	29	135852
452.84	0.5	X	25	135852
452.9766666666667	0.5	nontarget	29	135893
452.9766666666667	0.5	W	24	135893
453.11333333333334	0.5	nontarget	29	135934
453.11333333333334	0.5	G	8	135934
453.25	0.5	nontarget	29	135975
453.25	0.5	I	10	135975
453.38666666666666	0.5	nontarget	29	136016
453.38666666666666	0.5	T	21	136016
453.52	0.5	nontarget	29	136056
453.52	0.5	J	11	136056
453.6566666666667	0.5	nontarget	29	136097
453.6566666666667	0.5	U	22	136097
453.79333333333335	0.5	nontarget	29	136138
453.79333333333335	0.5	K	12	136138
453.93	0.5	nontarget	29	136179
453.93	0.5	Z	27	136179
454.06666666666666	0.5	nontarget	29	136220
454.06666666666666	0.5	A	2	136220
454.2	0.5	nontarget	29	136260
454.2	0.5	_	28	136260
454.33666666666664	0.5	nontarget	29	136301
454.33666666666664	0.5	L	13	136301
454.47333333333336	0.5	nontarget	29	136342
454.47333333333336	0.5	O	16	136342
454.6066666666667	0.5	nontarget	29	136382
454.6066666666667	0.5	C	4	136382
454.74333333333334	0.5	nontarget	29	136423
454.74333333333334	0.5	R	19	136423
454.88	0.5	nontarget	29	136464
454.88	0.5	M	14	136464
455.0133333333333	0.5	nontarget	29	136504
455.0133333333333	0.5	B	3	136504
455.15	0.5	nontarget	29	136545
455.15	0.5	Q	18	136545
455.2866666666667	0.5	nontarget	29	136586
455.2866666666667	0.5	V	23	136586
455.42	0.5	nontarget	29	136626
455.42	0.5	H	9	136626
455.5566666666667	0.5	nontarget	29	136667
455.5566666666667	0.5	D	5	136667
461.38	0.5	nontarget	29	138414
461.38	0.5	_	28	138414
461.51666666666665	0.5	nontarget	29	138455
461.51666666666665	0.5	B	3	138455
461.6566666666667	0.5	target	30	138497
461.6566666666667	0.5	G	8	138497
461.79333333333335	0.5	nontarget	29	138538
461.79333333333335	0.5	F	7	138538
461.93	0.5	nontarget	29	138579
461.93	0.5	L	13	138579
462.06333333333333	0.5	nontarget	29	138619
462.06333333333333	0.5	K	12	138619
462.2	0.5	nontarget	29	138660
462.2	0.5	X	25	138660
462.33666666666664	0.5	nontarget	29	138701
462.33666666666664	0.5	T	21	138701
462.47333333333336	0.5	nontarget	29	138742
462.47333333333336	0.5	Y	26	138742
462.61	0.5	nontarget	29	138783
462.61	0.5	W	24	138783
462.74333333333334	0.5	nontarget	29	138823
462.74333333333334	0.5	I	10	138823
462.87666666666667	0.5	nontarget	29	138863
462.87666666666667	0.5	R	19	138863
463.0133333333333	0.5	nontarget	29	138904
463.0133333333333	0.5	Q	18	138904
463.15	0.5	nontarget	29	138945
463.15	0.5	H	9	138945
463.28333333333336	0.5	nontarget	29	138985
463.28333333333336	0.5	P	17	138985
463.42333333333335	0.5	nontarget	29	139027
463.42333333333335	0.5	M	14	139027
463.56	0.5	nontarget	29	139068
463.56	0.5	N	15	139068
463.69666666666666	0.5	nontarget	29	139109
463.69666666666666	0.5	A	2	139109
463.83	0.5	nontarget	29	139149
463.83	0.5	S	20	139149
463.96666666666664	0.5	nontarget	29	139190
463.96666666666664	0.5	U	22	139190
464.17333333333335	0.5	nontarget	29	139252
464.17333333333335	0.5	E	6	139252
464.31	0.5	nontarget	29	139293
464.31	0.5	Z	27	139293
464.4433333333333	0.5	nontarget	29	139333
464.4433333333333	0.5	D	5	139333
464.58	0.5	nontarget	29	139374
464.58	0.5	C	4	139374
464.71666666666664	0.5	nontarget	29	139415
464.71666666666664	0.5	<	1	139415
464.85333333333335	0.5	nontarget	29	139456
464.85333333333335	0.5	V	23	139456
464.99	0.5	nontarget	29	139497
464.99	0.5	O	16	139497
465.12666666666667	0.5	nontarget	29	139538
465.12666666666667	0.5	J	11	139538
470.95	0.5	nontarget	29	141285
470.95	0.5	P	17	141285
471.0833333333333	0.5	nontarget	29	141325
471.0833333333333	0.5	Y	26	141325
471.22333333333336	0.5	nontarget	29	141367
471.22333333333336	0.5	<	1	141367
471.36	0.5	nontarget	29	141408
471.36	0.5	L	13	141408
471.49666666666667	0.5	nontarget	29	141449
471.49666666666667	0.5	B	3	141449
471.63	0.5	nontarget	29	141489
471.63	0.5	N	15	141489
471.76666666666665	0.5	nontarget	29	141530
471.76666666666665	0.5	O	16	141530
471.9033333333333	0.5	target	30	141571
471.9033333333333	0.5	R	19	141571
472.04	0.5	nontarget	29	141612
472.04	0.5	Q	18	141612
472.1766666666667	0.5	nontarget	29	141653
472.1766666666667	0.5	X	25	141653
472.31	0.5	nontarget	29	141693
472.31	0.5	W	24	141693
472.44666666666666	0.5	nontarget	29	141734
472.44666666666666	0.5	S	20	141734
472.5833333333333	0.5	nontarget	29	141775
472.5833333333333	0.5	I	10	141775
472.72	0.5	nontarget	29	141816
472.72	0.5	M	14	141816
472.85333333333335	0.5	nontarget	29	141856
472.85333333333335	0.5	U	22	141856
472.99	0.5	nontarget	29	141897
472.99	0.5	T	21	141897
473.12666666666667	0.5	nontarget	29	141938
473.12666666666667	0.5	D	5	141938
473.26	0.5	nontarget	29	141978
473.26	0.5	A	2	141978
473.4	0.5	nontarget	29	142020
473.4	0.5	Z	27	142020
473.5366666666667	0.5	nontarget	29	142061
473.5366666666667	0.5	K	12	142061
473.67333333333335	0.5	nontarget	29	142102
473.67333333333335	0.5	_	28	142102
473.81	0.5	nontarget	29	142143
473.81	0.5	G	8	142143
473.94666666666666	0.5	nontarget	29	142184
473.94666666666666	0.5	F	7	142184
474.08	0.5	nontarget	29	142224
474.08	0.5	H	9	142224
474.2133333333333	0.5	nontarget	29	142264
474.2133333333333	0.5	C	4	142264
474.35	0.5	nontarget	29	142305
474.35	0.5	E	6	142305
474.4866666666667	0.5	nontarget	29	142346
474.4866666666667	0.5	V	23	142346
474.62	0.5	nontarget	29	142386
474.62	0.5	J	11	142386
480.44	0.5	target	30	144132
480.44	0.5	D	5	144132
480.57666666666665	0.5	nontarget	29	144173
480.57666666666665	0.5	L	13	144173
480.7133333333333	0.5	nontarget	29	144214
480.7133333333333	0.5	M	14	144214
480.85	0.5	nontarget	29	144255
480.85	0.5	O	16	144255
480.98333333333335	0.5	nontarget	29	144295
480.98333333333335	0.5	U	22	144295
481.12	0.5	nontarget	29	144336
481.12	0.5	Y	26	144336
481.25666666666666	0.5	nontarget	29	144377
481.25666666666666	0.5	E	6	144377
481.3933333333333	0.5	nontarget	29	144418
481.3933333333333	0.5	_	28	144418
481.53	0.5	nontarget	29	144459
481.53	0.5	R	19	144459
481.6666666666667	0.5	nontarget	29	144500
481.6666666666667	0.5	J	11	144500
481.80333333333334	0.5	nontarget	29	144541
481.80333333333334	0.5	I	10	144541
481.94	0.5	nontarget	29	144582
481.94	0.5	F	7	144582
482.0733333333333	0.5	nontarget	29	144622
482.0733333333333	0.5	Z	27	144622
482.2133333333333	0.5	nontarget	29	144664
482.2133333333333	0.5	A	2	144664
482.3466666666667	0.5	nontarget	29	144704
482.3466666666667	0.5	S	20	144704
482.48333333333335	0.5	nontarget	29	144745
482.48333333333335	0.5	X	25	144745
482.62	0.5	nontarget	29	144786
482.62	0.5	T	21	144786
482.75333333333333	0.5	nontarget	29	144826
482.75333333333333	0.5	V	23	144826
482.89	0.5	nontarget	29	144867
482.89	0.5	P	17	144867
483.02666666666664	0.5	nontarget	29	144908
483.02666666666664	0.5	B	3	144908
483.16333333333336	0.5	nontarget	29	144949
483.16333333333336	0.5	H	9	144949
483.3	0.5	nontarget	29	144990
483.3	0.5	N	15	144990
483.44	0.5	nontarget	29	145032
483.44	0.5	Q	18	145032
483.5733333333333	0.5	nontarget	29	145072
483.5733333333333	0.5	<	1	145072
483.71	0.5	nontarget	29	145113
483.71	0.5	W	24	145113
483.8466666666667	0.5	nontarget	29	145154
483.8466666666667	0.5	C	4	145154
483.98333333333335	0.5	nontarget	29	145195
483.98333333333335	0.5	K	12	145195
484.12	0.5	nontarget	29	145236
484.12	0.5	G	8	145236
489.9433333333333	0.5	nontarget	29	146983
489.9433333333333	0.5	T	21	146983
490.08	0.5	nontarget	29	147024
490.08	0.5	_	28	147024
490.21666666666664	0.5	nontarget	29	147065
490.21666666666664	0.5	D	5	147065
490.35333333333335	0.5	nontarget	29	147106
490.35333333333335	0.5	<	1	147106
490.4866666666667	0.5	nontarget	29	147146
490.4866666666667	0.5	H	9	147146
490.62333333333333	0.5	nontarget	29	147187
490.62333333333333	0.5	F	7	147187
490.75666666666666	0.5	nontarget	29	147227
490.75666666666666	0.5	M	14	147227
490.8933333333333	0.5	nontarget	29	147268
490.8933333333333	0.5	G	8	147268
491.02666666666664	0.5	nontarget	29	147308
491.02666666666664	0.5	E	6	147308
491.16333333333336	0.5	nontarget	29	147349
491.16333333333336	0.5	K	12	147349
491.3	0.5	nontarget	29	147390
491.3	0.5	B	3	147390
491.43333333333334	0.5	nontarget	29	147430
491.43333333333334	0.5	J	11	147430
491.57	0.5	nontarget	29	147471
491.57	0.5	L	13	147471
491.70666666666665	0.5	nontarget	29	147512
491.70666666666665	0.5	U	22	147512
491.8433333333333	0.5	target	30	147553
491.8433333333333	0.5	Y	26	147553
491.98	0.5	nontarget	29	147594
491.98	0.5	O	16	147594
492.11333333333334	0.5	nontarget	29	147634
492.11333333333334	0.5	W	24	147634
492.25	0.5	nontarget	29	147675
492.25	0.5	X	25	147675
492.38666666666666	0.5	nontarget	29	147716
492.38666666666666	0.5	S	20	147716
492.5233333333333	0.5	nontarget	29	147757
492.5233333333333	0.5	V	23	147757
492.66	0.5	nontarget	29	147798
492.66	0.5	P	17	147798
492.7966666666667	0.5	nontarget	29	147839
492.7966666666667	0.5	I	10	147839
492.93333333333334	0.5	nontarget	29	147880
492.93333333333334	0.5	N	15	147880
493.07	0.5	nontarget	29	147921
493.07	0.5	C	4	147921
493.2033333333333	0.5	nontarget	29	147961
493.2033333333333	0.5	Z	27	147961
493.34	0.5	nontarget	29	148002
493.34	0.5	R	19	148002
493.4766666666667	0.5	nontarget	29	148043
493.4766666666667	0.5	A	2	148043
493.61333333333334	0.5	nontarget	29	148084
493.61333333333334	0.5	Q	18	148084
499.43	0.5	nontarget	29	149829
499.43	0.5	B	3	149829
499.57	0.5	nontarget	29	149871
499.57	0.5	T	21	149871
499.7033333333333	0.5	nontarget	29	149911
499.7033333333333	0.5	S	20	149911
499.84	0.5	nontarget	29	149952
499.84	0.5	K	12	149952
499.9766666666667	0.5	nontarget	29	149993
499.9766666666667	0.5	H	9	149993
500.11	0.5	nontarget	29	150033
500.11	0.5	G	8	150033
500.24666666666667	0.5	nontarget	29	150074
500.24666666666667	0.5	C	4	150074
500.3833333333333	0.5	nontarget	29	150115
500.3833333333333	0.5	V	23	150115
500.52	0.5	nontarget	29	150156
500.52	0.5	A	2	150156
500.6566666666667	0.5	nontarget	29	150197
500.6566666666667	0.5	D	5	150197
500.79333333333335	0.5	nontarget	29	150238
500.79333333333335	0.5	R	19	150238
500.93	0.5	nontarget	29	150279
500.93	0.5	N	15	150279
501.06666666666666	0.5	nontarget	29	150320
501.06666666666666	0.5	I	10	150320
501.2	0.5	nontarget	29	150360
501.2	0.5	Y	26	150360
501.33666666666664	0.5	nontarget	29	150401
501.33666666666664	0.5	X	25	150401
501.4766666666667	0.5	nontarget	29	150443
501.4766666666667	0.5	U	22	150443
501.61333333333334	0.5	nontarget	29	150484
501.61333333333334	0.5	L	13	150484
501.75	0.5	nontarget	29	150525
501.75	0.5	E	6	150525
501.88666666666666	0.5	nontarget	29	150566
501.88666666666666	0.5	J	11	150566
502.0233333333333	0.5	nontarget	29	150607
502.0233333333333	0.5	<	1	150607
502.16	0.5	nontarget	29	150648
502.16	0.5	Z	27	150648
502.3	0.5	nontarget	29	150690
502.3	0.5	F	7	150690
502.43333333333334	0.5	nontarget	29	150730
502.43333333333334	0.5	P	17	150730
502.57	0.5	nontarget	29	150771
502.57	0.5	M	14	150771
502.70666666666665	0.5	nontarget	29	150812
502.70666666666665	0.5	O	16	150812
502.8433333333333	0.5	target	30	150853
502.8433333333333	0.5	W	24	150853
502.98	0.5	nontarget	29	150894
502.98	0.5	Q	18	150894
503.11333333333334	0.5	nontarget	29	150934
503.11333333333334	0.5	_	28	150934
508.94	0.5	nontarget	29	152682
508.94	0.5	C	4	152682
509.0733333333333	0.5	nontarget	29	152722
509.0733333333333	0.5	J	11	152722
509.21	0.5	nontarget	29	152763
509.21	0.5	L	13	152763
509.3466666666667	0.5	nontarget	29	152804
509.3466666666667	0.5	K	12	152804
509.48333333333335	0.5	nontarget	29	152845
509.48333333333335	0.5	M	14	152845
509.62	0.5	nontarget	29	152886
509.62	0.5	P	17	152886
509.75666666666666	0.5	nontarget	29	152927
509.75666666666666	0.5	V	23	152927
509.8933333333333	0.5	nontarget	29	152968
509.8933333333333	0.5	<	1	152968
510.03333333333336	0.5	target	30	153010
510.03333333333336	0.5	Q	18	153010
510.1666666666667	0.5	nontarget	29	153050
510.1666666666667	0.5	R	19	153050
510.30333333333334	0.5	nontarget	29	153091
510.30333333333334	0.5	H	9	153091
510.44	0.5	nontarget	29	153132
510.44	0.5	Z	27	153132
510.57666666666665	0.5	nontarget	29	153173
510.57666666666665	0.5	D	5	153173
510.71	0.5	nontarget	29	153213
510.71	0.5	G	8	153213
510.8466666666667	0.5	nontarget	29	153254
510.8466666666667	0.5	X	25	153254
510.98333333333335	0.5	nontarget	29	153295
510.98333333333335	0.5	E	6	153295
511.12	0.5	nontarget	29	153336
511.12	0.5	T	21	153336
511.25666666666666	0.5	nontarget	29	153377
511.25666666666666	0.5	B	3	153377
511.3933333333333	0.5	nontarget	29	153418
511.3933333333333	0.5	F	7	153418
511.53	0.5	nontarget	29	153459
511.53	0.5	I	10	153459
511.6666666666667	0.5	nontarget	29	153500
511.6666666666667	0.5	A	2	153500
511.80333333333334	0.5	nontarget	29	153541
511.80333333333334	0.5	_	28	153541
511.94	0.5	nontarget	29	153582
511.94	0.5	O	16	153582
512.0733333333334	0.5	nontarget	29	153622
512.0733333333334	0.5	S	20	153622
512.21	0.5	nontarget	29	153663
512.21	0.5	Y	26	153663
512.3466666666667	0.5	nontarget	29	153704
512.3466666666667	0.5	W	24	153704
512.4833333333333	0.5	nontarget	29	153745
512.4833333333333	0.5	N	15	153745
512.62	0.5	nontarget	29	153786
512.62	0.5	U	22	153786
518.44	0.5	nontarget	29	155532
518.44	0.5	C	4	155532
518.5766666666667	0.5	nontarget	29	155573
518.5766666666667	0.5	R	19	155573
518.7133333333334	0.5	nontarget	29	155614
518.7133333333334	0.5	N	15	155614
518.8466666666667	0.5	nontarget	29	155654
518.8466666666667	0.5	<	1	155654
518.9833333333333	0.5	nontarget	29	155695
518.9833333333333	0.5	F	7	155695
519.12	0.5	nontarget	29	155736
519.12	0.5	Z	27	155736
519.2566666666667	0.5	nontarget	29	155777
519.2566666666667	0.5	T	21	155777
519.3933333333333	0.5	nontarget	29	155818
519.3933333333333	0.5	O	16	155818
519.5266666666666	0.5	nontarget	29	155858
519.5266666666666	0.5	I	10	155858
519.6666666666666	0.5	nontarget	29	155900
519.6666666666666	0.5	L	13	155900
519.8	0.5	nontarget	29	155940
519.8	0.5	V	23	155940
519.9366666666666	0.5	nontarget	29	155981
519.9366666666666	0.5	Y	26	155981
520.0733333333334	0.5	nontarget	29	156022
520.0733333333334	0.5	E	6	156022
520.21	0.5	nontarget	29	156063
520.21	0.5	M	14	156063
520.3466666666667	0.5	nontarget	29	156104
520.3466666666667	0.5	W	24	156104
520.4833333333333	0.5	nontarget	29	156145
520.4833333333333	0.5	K	12	156145
520.62	0.5	nontarget	29	156186
520.62	0.5	Q	18	156186
520.7566666666667	0.5	nontarget	29	156227
520.7566666666667	0.5	H	9	156227
520.8933333333333	0.5	nontarget	29	156268
520.8933333333333	0.5	_	28	156268
521.0266666666666	0.5	nontarget	29	156308
521.0266666666666	0.5	G	8	156308
521.1666666666666	0.5	nontarget	29	156350
521.1666666666666	0.5	J	11	156350
521.3	0.5	nontarget	29	156390
521.3	0.5	P	17	156390
521.4366666666666	0.5	nontarget	29	156431
521.4366666666666	0.5	B	3	156431
521.57	0.5	nontarget	29	156471
521.57	0.5	U	22	156471
521.7066666666667	0.5	target	30	156512
521.7066666666667	0.5	D	5	156512
521.84	0.5	nontarget	29	156552
521.84	0.5	X	25	156552
521.9766666666667	0.5	nontarget	29	156593
521.9766666666667	0.5	A	2	156593
522.1133333333333	0.5	nontarget	29	156634
522.1133333333333	0.5	S	20	156634
527.9333333333333	0.5	nontarget	29	158380
527.9333333333333	0.5	N	15	158380
528.07	0.5	nontarget	29	158421
528.07	0.5	C	4	158421
528.2066666666667	0.5	nontarget	29	158462
528.2066666666667	0.5	P	17	158462
528.3433333333334	0.5	nontarget	29	158503
528.3433333333334	0.5	I	10	158503
528.48	0.5	nontarget	29	158544
528.48	0.5	T	21	158544
528.6166666666667	0.5	nontarget	29	158585
528.6166666666667	0.5	_	28	158585
528.7533333333333	0.5	nontarget	29	158626
528.7533333333333	0.5	J	11	158626
528.89	0.5	nontarget	29	158667
528.89	0.5	X	25	158667
529.0266666666666	0.5	nontarget	29	158708
529.0266666666666	0.5	<	1	158708
529.16	0.5	nontarget	29	158748
529.16	0.5	Z	27	158748
529.2966666666666	0.5	nontarget	29	158789
529.2966666666666	0.5	F	7	158789
529.4333333333333	0.5	nontarget	29	158830
529.4333333333333	0.5	O	16	158830
529.5666666666667	0.5	nontarget	29	158870
529.5666666666667	0.5	D	5	158870
529.7033333333334	0.5	nontarget	29	158911
529.7033333333334	0.5	S	20	158911
529.84	0.5	nontarget	29	158952
529.84	0.5	M	14	158952
529.9733333333334	0.5	nontarget	29	158992
529.9733333333334	0.5	W	24	158992
530.11	0.5	target	30	159033
530.11	0.5	E	6	159033
530.2466666666667	0.5	nontarget	29	159074
530.2466666666667	0.5	Y	26	159074
530.3833333333333	0.5	nontarget	29	159115
530.3833333333333	0.5	V	23	159115
530.52	0.5	nontarget	29	159156
530.52	0.5	L	13	159156
530.6566666666666	0.5	nontarget	29	159197
530.6566666666666	0.5	H	9	159197
530.7933333333333	0.5	nontarget	29	159238
530.7933333333333	0.5	R	19	159238
530.9266666666666	0.5	nontarget	29	159278
530.9266666666666	0.5	U	22	159278
531.0633333333334	0.5	nontarget	29	159319
531.0633333333334	0.5	K	12	159319
531.2	0.5	nontarget	29	159360
531.2	0.5	G	8	159360
531.3366666666667	0.5	nontarget	29	159401
531.3366666666667	0.5	Q	18	159401
531.4733333333334	0.5	nontarget	29	159442
531.4733333333334	0.5	B	3	159442
531.61	0.5	nontarget	29	159483
531.61	0.5	A	2	159483
