onset	duration	trial_type	value	sample
12.66	0.5	nontarget	29	3798
12.66	0.5	_	28	3798
12.793333333333333	0.5	nontarget	29	3838
12.793333333333333	0.5	Z	27	3838
12.93	0.5	nontarget	29	3879
12.93	0.5	W	24	3879
13.07	0.5	nontarget	29	3921
13.07	0.5	<	1	3921
13.206666666666667	0.5	nontarget	29	3962
13.206666666666667	0.5	K	12	3962
13.343333333333334	0.5	nontarget	29	4003
13.343333333333334	0.5	Q	18	4003
13.48	0.5	nontarget	29	4044
13.48	0.5	V	23	4044
13.613333333333333	0.5	nontarget	29	4084
13.613333333333333	0.5	X	25	4084
13.75	0.5	nontarget	29	4125
13.75	0.5	G	8	4125
13.886666666666667	0.5	nontarget	29	4166
13.886666666666667	0.5	T	21	4166
14.02	0.5	target	30	4206
14.02	0.5	B	3	4206
14.153333333333334	0.5	nontarget	29	4246
14.153333333333334	0.5	D	5	4246
14.29	0.5	nontarget	29	4287
14.29	0.5	N	15	4287
14.426666666666666	0.5	nontarget	29	4328
14.426666666666666	0.5	E	6	4328
14.563333333333333	0.5	nontarget	29	4369
14.563333333333333	0.5	L	13	4369
14.696666666666667	0.5	nontarget	29	4409
14.696666666666667	0.5	H	9	4409
14.833333333333334	0.5	nontarget	29	4450
14.833333333333334	0.5	Y	26	4450
14.97	0.5	nontarget	29	4491
14.97	0.5	S	20	4491
15.11	0.5	nontarget	29	4533
15.11	0.5	A	2	4533
15.243333333333334	0.5	nontarget	29	4573
15.243333333333334	0.5	R	19	4573
15.38	0.5	nontarget	29	4614
15.38	0.5	P	17	4614
15.516666666666667	0.5	nontarget	29	4655
15.516666666666667	0.5	U	22	4655
15.653333333333334	0.5	nontarget	29	4696
15.653333333333334	0.5	I	10	4696
15.786666666666667	0.5	nontarget	29	4736
15.786666666666667	0.5	J	11	4736
15.923333333333334	0.5	nontarget	29	4777
15.923333333333334	0.5	M	14	4777
16.06	0.5	nontarget	29	4818
16.06	0.5	O	16	4818
16.19333333333333	0.5	nontarget	29	4858
16.19333333333333	0.5	F	7	4858
16.33	0.5	nontarget	29	4899
16.33	0.5	C	4	4899
22.153333333333332	0.5	nontarget	29	6646
22.153333333333332	0.5	X	25	6646
22.286666666666665	0.5	nontarget	29	6686
22.286666666666665	0.5	<	1	6686
22.423333333333332	0.5	nontarget	29	6727
22.423333333333332	0.5	V	23	6727
22.56	0.5	nontarget	29	6768
22.56	0.5	B	3	6768
22.696666666666665	0.5	nontarget	29	6809
22.696666666666665	0.5	N	15	6809
22.83	0.5	nontarget	29	6849
22.83	0.5	T	21	6849
22.966666666666665	0.5	nontarget	29	6890
22.966666666666665	0.5	K	12	6890
23.10333333333333	0.5	nontarget	29	6931
23.10333333333333	0.5	E	6	6931
23.24	0.5	nontarget	29	6972
23.24	0.5	D	5	6972
23.376666666666665	0.5	nontarget	29	7013
23.376666666666665	0.5	H	9	7013
23.513333333333332	0.5	nontarget	29	7054
23.513333333333332	0.5	W	24	7054
23.64666666666667	0.5	nontarget	29	7094
23.64666666666667	0.5	A	2	7094
23.783333333333335	0.5	nontarget	29	7135
23.783333333333335	0.5	O	16	7135
23.92	0.5	target	30	7176
23.92	0.5	_	28	7176
24.053333333333335	0.5	nontarget	29	7216
24.053333333333335	0.5	U	22	7216
24.19	0.5	nontarget	29	7257
24.19	0.5	Q	18	7257
24.323333333333334	0.5	nontarget	29	7297
24.323333333333334	0.5	G	8	7297
24.46	0.5	nontarget	29	7338
24.46	0.5	S	20	7338
24.593333333333334	0.5	nontarget	29	7378
24.593333333333334	0.5	M	14	7378
24.75	0.5	nontarget	29	7425
24.75	0.5	Y	26	7425
24.886666666666667	0.5	nontarget	29	7466
24.886666666666667	0.5	C	4	7466
25.02	0.5	nontarget	29	7506
25.02	0.5	R	19	7506
25.156666666666666	0.5	nontarget	29	7547
25.156666666666666	0.5	F	7	7547
25.29	0.5	nontarget	29	7587
25.29	0.5	P	17	7587
25.426666666666666	0.5	nontarget	29	7628
25.426666666666666	0.5	I	10	7628
25.563333333333333	0.5	nontarget	29	7669
25.563333333333333	0.5	Z	27	7669
25.7	0.5	nontarget	29	7710
25.7	0.5	J	11	7710
25.833333333333332	0.5	nontarget	29	7750
25.833333333333332	0.5	L	13	7750
31.65	0.5	nontarget	29	9495
31.65	0.5	K	12	9495
31.786666666666665	0.5	nontarget	29	9536
31.786666666666665	0.5	_	28	9536
31.92	0.5	nontarget	29	9576
31.92	0.5	E	6	9576
32.056666666666665	0.5	nontarget	29	9617
32.056666666666665	0.5	Z	27	9617
32.193333333333335	0.5	nontarget	29	9658
32.193333333333335	0.5	X	25	9658
32.32666666666667	0.5	nontarget	29	9698
32.32666666666667	0.5	A	2	9698
32.46333333333333	0.5	nontarget	29	9739
32.46333333333333	0.5	T	21	9739
32.60333333333333	0.5	nontarget	29	9781
32.60333333333333	0.5	C	4	9781
32.736666666666665	0.5	nontarget	29	9821
32.736666666666665	0.5	J	11	9821
32.873333333333335	0.5	nontarget	29	9862
32.873333333333335	0.5	G	8	9862
33.01	0.5	nontarget	29	9903
33.01	0.5	S	20	9903
33.14333333333333	0.5	nontarget	29	9943
33.14333333333333	0.5	F	7	9943
33.276666666666664	0.5	nontarget	29	9983
33.276666666666664	0.5	W	24	9983
33.416666666666664	0.5	nontarget	29	10025
33.416666666666664	0.5	I	10	10025
33.55	0.5	nontarget	29	10065
33.55	0.5	<	1	10065
33.68666666666667	0.5	nontarget	29	10106
33.68666666666667	0.5	V	23	10106
33.82333333333333	0.5	nontarget	29	10147
33.82333333333333	0.5	M	14	10147
33.95666666666666	0.5	nontarget	29	10187
33.95666666666666	0.5	L	13	10187
34.09	0.5	nontarget	29	10227
34.09	0.5	B	3	10227
34.223333333333336	0.5	nontarget	29	10267
34.223333333333336	0.5	Q	18	10267
34.36	0.5	target	30	10308
34.36	0.5	P	17	10308
34.49333333333333	0.5	nontarget	29	10348
34.49333333333333	0.5	D	5	10348
34.63	0.5	nontarget	29	10389
34.63	0.5	R	19	10389
34.763333333333335	0.5	nontarget	29	10429
34.763333333333335	0.5	U	22	10429
34.9	0.5	nontarget	29	10470
34.9	0.5	O	16	10470
35.03333333333333	0.5	nontarget	29	10510
35.03333333333333	0.5	N	15	10510
35.17	0.5	nontarget	29	10551
35.17	0.5	Y	26	10551
35.306666666666665	0.5	nontarget	29	10592
35.306666666666665	0.5	H	9	10592
41.123333333333335	0.5	nontarget	29	12337
41.123333333333335	0.5	B	3	12337
41.26	0.5	nontarget	29	12378
41.26	0.5	T	21	12378
41.39666666666667	0.5	target	30	12419
41.39666666666667	0.5	Y	26	12419
41.53	0.5	nontarget	29	12459
41.53	0.5	W	24	12459
41.666666666666664	0.5	nontarget	29	12500
41.666666666666664	0.5	N	15	12500
41.803333333333335	0.5	nontarget	29	12541
41.803333333333335	0.5	D	5	12541
41.94	0.5	nontarget	29	12582
41.94	0.5	H	9	12582
42.07666666666667	0.5	nontarget	29	12623
42.07666666666667	0.5	Q	18	12623
42.21333333333333	0.5	nontarget	29	12664
42.21333333333333	0.5	Z	27	12664
42.35	0.5	nontarget	29	12705
42.35	0.5	E	6	12705
42.486666666666665	0.5	nontarget	29	12746
42.486666666666665	0.5	O	16	12746
42.623333333333335	0.5	nontarget	29	12787
42.623333333333335	0.5	J	11	12787
42.75666666666667	0.5	nontarget	29	12827
42.75666666666667	0.5	U	22	12827
42.89333333333333	0.5	nontarget	29	12868
42.89333333333333	0.5	I	10	12868
43.026666666666664	0.5	nontarget	29	12908
43.026666666666664	0.5	R	19	12908
43.163333333333334	0.5	nontarget	29	12949
43.163333333333334	0.5	C	4	12949
43.3	0.5	nontarget	29	12990
43.3	0.5	S	20	12990
43.43666666666667	0.5	nontarget	29	13031
43.43666666666667	0.5	P	17	13031
43.57333333333333	0.5	nontarget	29	13072
43.57333333333333	0.5	M	14	13072
43.71333333333333	0.5	nontarget	29	13114
43.71333333333333	0.5	G	8	13114
43.85	0.5	nontarget	29	13155
43.85	0.5	K	12	13155
43.986666666666665	0.5	nontarget	29	13196
43.986666666666665	0.5	X	25	13196
44.123333333333335	0.5	nontarget	29	13237
44.123333333333335	0.5	_	28	13237
44.26	0.5	nontarget	29	13278
44.26	0.5	<	1	13278
44.39333333333333	0.5	nontarget	29	13318
44.39333333333333	0.5	A	2	13318
44.53	0.5	nontarget	29	13359
44.53	0.5	F	7	13359
44.666666666666664	0.5	nontarget	29	13400
44.666666666666664	0.5	V	23	13400
44.8	0.5	nontarget	29	13440
44.8	0.5	L	13	13440
50.62	0.5	nontarget	29	15186
50.62	0.5	J	11	15186
50.75666666666667	0.5	nontarget	29	15227
50.75666666666667	0.5	R	19	15227
50.89333333333333	0.5	nontarget	29	15268
50.89333333333333	0.5	V	23	15268
51.03	0.5	nontarget	29	15309
51.03	0.5	X	25	15309
51.163333333333334	0.5	nontarget	29	15349
51.163333333333334	0.5	S	20	15349
51.3	0.5	nontarget	29	15390
51.3	0.5	U	22	15390
51.43666666666667	0.5	target	30	15431
51.43666666666667	0.5	G	8	15431
51.57333333333333	0.5	nontarget	29	15472
51.57333333333333	0.5	Z	27	15472
51.71	0.5	nontarget	29	15513
51.71	0.5	<	1	15513
51.846666666666664	0.5	nontarget	29	15554
51.846666666666664	0.5	A	2	15554
51.983333333333334	0.5	nontarget	29	15595
51.983333333333334	0.5	E	6	15595
52.11666666666667	0.5	nontarget	29	15635
52.11666666666667	0.5	Y	26	15635
52.25666666666667	0.5	nontarget	29	15677
52.25666666666667	0.5	K	12	15677
52.39	0.5	nontarget	29	15717
52.39	0.5	N	15	15717
52.526666666666664	0.5	nontarget	29	15758
52.526666666666664	0.5	C	4	15758
52.66	0.5	nontarget	29	15798
52.66	0.5	_	28	15798
52.79666666666667	0.5	nontarget	29	15839
52.79666666666667	0.5	H	9	15839
52.93333333333333	0.5	nontarget	29	15880
52.93333333333333	0.5	B	3	15880
53.06666666666667	0.5	nontarget	29	15920
53.06666666666667	0.5	D	5	15920
53.2	0.5	nontarget	29	15960
53.2	0.5	Q	18	15960
53.336666666666666	0.5	nontarget	29	16001
53.336666666666666	0.5	O	16	16001
53.47666666666667	0.5	nontarget	29	16043
53.47666666666667	0.5	W	24	16043
53.61333333333334	0.5	nontarget	29	16084
53.61333333333334	0.5	T	21	16084
53.75	0.5	nontarget	29	16125
53.75	0.5	I	10	16125
53.88666666666666	0.5	nontarget	29	16166
53.88666666666666	0.5	F	7	16166
54.02333333333333	0.5	nontarget	29	16207
54.02333333333333	0.5	M	14	16207
54.156666666666666	0.5	nontarget	29	16247
54.156666666666666	0.5	L	13	16247
54.29333333333334	0.5	nontarget	29	16288
54.29333333333334	0.5	P	17	16288
60.11666666666667	0.5	nontarget	29	18035
60.11666666666667	0.5	H	9	18035
60.25333333333333	0.5	nontarget	29	18076
60.25333333333333	0.5	B	3	18076
60.38666666666666	0.5	nontarget	29	18116
60.38666666666666	0.5	W	24	18116
60.526666666666664	0.5	nontarget	29	18158
60.526666666666664	0.5	L	13	18158
60.66	0.5	nontarget	29	18198
60.66	0.5	U	22	18198
60.79666666666667	0.5	nontarget	29	18239
60.79666666666667	0.5	R	19	18239
60.93333333333333	0.5	nontarget	29	18280
60.93333333333333	0.5	P	17	18280
61.07	0.5	nontarget	29	18321
61.07	0.5	<	1	18321
61.20666666666666	0.5	nontarget	29	18362
61.20666666666666	0.5	N	15	18362
61.343333333333334	0.5	nontarget	29	18403
61.343333333333334	0.5	O	16	18403
61.48	0.5	nontarget	29	18444
61.48	0.5	I	10	18444
61.61666666666667	0.5	nontarget	29	18485
61.61666666666667	0.5	E	6	18485
61.75	0.5	nontarget	29	18525
61.75	0.5	Y	26	18525
61.89	0.5	nontarget	29	18567
61.89	0.5	K	12	18567
62.02333333333333	0.5	nontarget	29	18607
62.02333333333333	0.5	Q	18	18607
62.16	0.5	nontarget	29	18648
62.16	0.5	C	4	18648
62.29666666666667	0.5	nontarget	29	18689
62.29666666666667	0.5	S	20	18689
62.43333333333333	0.5	nontarget	29	18730
62.43333333333333	0.5	J	11	18730
62.57	0.5	nontarget	29	18771
62.57	0.5	_	28	18771
62.70666666666666	0.5	target	30	18812
62.70666666666666	0.5	A	2	18812
62.843333333333334	0.5	nontarget	29	18853
62.843333333333334	0.5	D	5	18853
62.98	0.5	nontarget	29	18894
62.98	0.5	X	25	18894
63.11333333333334	0.5	nontarget	29	18934
63.11333333333334	0.5	F	7	18934
63.25	0.5	nontarget	29	18975
63.25	0.5	T	21	18975
63.38666666666666	0.5	nontarget	29	19016
63.38666666666666	0.5	V	23	19016
63.52333333333333	0.5	nontarget	29	19057
63.52333333333333	0.5	Z	27	19057
63.66	0.5	nontarget	29	19098
63.66	0.5	M	14	19098
63.79666666666667	0.5	nontarget	29	19139
63.79666666666667	0.5	G	8	19139
69.62	0.5	nontarget	29	20886
69.62	0.5	<	1	20886
69.75333333333333	0.5	nontarget	29	20926
69.75333333333333	0.5	N	15	20926
69.89	0.5	nontarget	29	20967
69.89	0.5	B	3	20967
70.02666666666667	0.5	nontarget	29	21008
70.02666666666667	0.5	E	6	21008
70.16333333333333	0.5	nontarget	29	21049
70.16333333333333	0.5	Y	26	21049
70.3	0.5	nontarget	29	21090
70.3	0.5	Z	27	21090
70.43333333333334	0.5	nontarget	29	21130
70.43333333333334	0.5	Q	18	21130
70.57	0.5	nontarget	29	21171
70.57	0.5	R	19	21171
70.70666666666666	0.5	nontarget	29	21212
70.70666666666666	0.5	X	25	21212
70.84333333333333	0.5	nontarget	29	21253
70.84333333333333	0.5	G	8	21253
70.97666666666667	0.5	nontarget	29	21293
70.97666666666667	0.5	T	21	21293
71.11333333333333	0.5	nontarget	29	21334
71.11333333333333	0.5	_	28	21334
71.25	0.5	nontarget	29	21375
71.25	0.5	V	23	21375
71.38666666666667	0.5	nontarget	29	21416
71.38666666666667	0.5	J	11	21416
71.52666666666667	0.5	nontarget	29	21458
71.52666666666667	0.5	L	13	21458
71.66333333333333	0.5	nontarget	29	21499
71.66333333333333	0.5	W	24	21499
71.79666666666667	0.5	nontarget	29	21539
71.79666666666667	0.5	K	12	21539
71.93333333333334	0.5	nontarget	29	21580
71.93333333333334	0.5	H	9	21580
72.06666666666666	0.5	nontarget	29	21620
72.06666666666666	0.5	M	14	21620
72.20333333333333	0.5	nontarget	29	21661
72.20333333333333	0.5	S	20	21661
72.34	0.5	nontarget	29	21702
72.34	0.5	U	22	21702
72.47666666666667	0.5	target	30	21743
72.47666666666667	0.5	O	16	21743
72.61333333333333	0.5	nontarget	29	21784
72.61333333333333	0.5	I	10	21784
72.74666666666667	0.5	nontarget	29	21824
72.74666666666667	0.5	F	7	21824
72.88333333333334	0.5	nontarget	29	21865
72.88333333333334	0.5	C	4	21865
73.02	0.5	nontarget	29	21906
73.02	0.5	D	5	21906
73.15666666666667	0.5	nontarget	29	21947
73.15666666666667	0.5	A	2	21947
73.29333333333334	0.5	nontarget	29	21988
73.29333333333334	0.5	P	17	21988
79.12	0.5	nontarget	29	23736
79.12	0.5	E	6	23736
79.25333333333333	0.5	nontarget	29	23776
79.25333333333333	0.5	F	7	23776
79.39	0.5	nontarget	29	23817
79.39	0.5	H	9	23817
79.53	0.5	nontarget	29	23859
79.53	0.5	Z	27	23859
79.66333333333333	0.5	nontarget	29	23899
79.66333333333333	0.5	J	11	23899
79.8	0.5	nontarget	29	23940
79.8	0.5	X	25	23940
79.94	0.5	nontarget	29	23982
79.94	0.5	B	3	23982
80.07333333333334	0.5	nontarget	29	24022
80.07333333333334	0.5	<	1	24022
80.21	0.5	nontarget	29	24063
80.21	0.5	S	20	24063
80.34666666666666	0.5	nontarget	29	24104
80.34666666666666	0.5	L	13	24104
80.48333333333333	0.5	nontarget	29	24145
80.48333333333333	0.5	T	21	24145
80.61666666666666	0.5	nontarget	29	24185
80.61666666666666	0.5	I	10	24185
80.75333333333333	0.5	nontarget	29	24226
80.75333333333333	0.5	W	24	24226
80.88666666666667	0.5	nontarget	29	24266
80.88666666666667	0.5	D	5	24266
81.02333333333333	0.5	nontarget	29	24307
81.02333333333333	0.5	M	14	24307
81.15666666666667	0.5	nontarget	29	24347
81.15666666666667	0.5	G	8	24347
81.29333333333334	0.5	nontarget	29	24388
81.29333333333334	0.5	Y	26	24388
81.43	0.5	nontarget	29	24429
81.43	0.5	O	16	24429
81.56666666666666	0.5	nontarget	29	24470
81.56666666666666	0.5	C	4	24470
81.77	0.5	target	30	24531
81.77	0.5	V	23	24531
81.90333333333334	0.5	nontarget	29	24571
81.90333333333334	0.5	A	2	24571
82.04	0.5	nontarget	29	24612
82.04	0.5	U	22	24612
82.17666666666666	0.5	nontarget	29	24653
82.17666666666666	0.5	N	15	24653
82.31333333333333	0.5	nontarget	29	24694
82.31333333333333	0.5	R	19	24694
82.45	0.5	nontarget	29	24735
82.45	0.5	K	12	24735
82.58666666666667	0.5	nontarget	29	24776
82.58666666666667	0.5	Q	18	24776
82.72333333333333	0.5	nontarget	29	24817
82.72333333333333	0.5	P	17	24817
82.86	0.5	nontarget	29	24858
82.86	0.5	_	28	24858
88.68333333333334	0.5	nontarget	29	26605
88.68333333333334	0.5	F	7	26605
88.82	0.5	nontarget	29	26646
88.82	0.5	D	5	26646
88.95666666666666	0.5	nontarget	29	26687
88.95666666666666	0.5	Y	26	26687
89.09333333333333	0.5	nontarget	29	26728
89.09333333333333	0.5	N	15	26728
89.23	0.5	nontarget	29	26769
89.23	0.5	V	23	26769
89.36666666666666	0.5	nontarget	29	26810
89.36666666666666	0.5	E	6	26810
89.50333333333333	0.5	nontarget	29	26851
89.50333333333333	0.5	L	13	26851
89.64	0.5	nontarget	29	26892
89.64	0.5	B	3	26892
89.77666666666667	0.5	nontarget	29	26933
89.77666666666667	0.5	A	2	26933
89.91333333333333	0.5	nontarget	29	26974
89.91333333333333	0.5	M	14	26974
90.04666666666667	0.5	nontarget	29	27014
90.04666666666667	0.5	G	8	27014
90.18333333333334	0.5	target	30	27055
90.18333333333334	0.5	T	21	27055
90.32	0.5	nontarget	29	27096
90.32	0.5	_	28	27096
90.45666666666666	0.5	nontarget	29	27137
90.45666666666666	0.5	C	4	27137
90.59333333333333	0.5	nontarget	29	27178
90.59333333333333	0.5	H	9	27178
90.73	0.5	nontarget	29	27219
90.73	0.5	<	1	27219
90.86666666666666	0.5	nontarget	29	27260
90.86666666666666	0.5	J	11	27260
91.00333333333333	0.5	nontarget	29	27301
91.00333333333333	0.5	Z	27	27301
91.13666666666667	0.5	nontarget	29	27341
91.13666666666667	0.5	K	12	27341
91.27333333333333	0.5	nontarget	29	27382
91.27333333333333	0.5	R	19	27382
91.41	0.5	nontarget	29	27423
91.41	0.5	S	20	27423
91.54666666666667	0.5	nontarget	29	27464
91.54666666666667	0.5	Q	18	27464
91.68333333333334	0.5	nontarget	29	27505
91.68333333333334	0.5	X	25	27505
91.81666666666666	0.5	nontarget	29	27545
91.81666666666666	0.5	O	16	27545
91.95333333333333	0.5	nontarget	29	27586
91.95333333333333	0.5	W	24	27586
92.09333333333333	0.5	nontarget	29	27628
92.09333333333333	0.5	I	10	27628
92.22666666666667	0.5	nontarget	29	27668
92.22666666666667	0.5	U	22	27668
92.36333333333333	0.5	nontarget	29	27709
92.36333333333333	0.5	P	17	27709
98.18333333333334	0.5	nontarget	29	29455
98.18333333333334	0.5	I	10	29455
98.32	0.5	nontarget	29	29496
98.32	0.5	H	9	29496
98.45666666666666	0.5	nontarget	29	29537
98.45666666666666	0.5	T	21	29537
98.59	0.5	nontarget	29	29577
98.59	0.5	G	8	29577
98.73	0.5	nontarget	29	29619
98.73	0.5	_	28	29619
98.86333333333333	0.5	nontarget	29	29659
98.86333333333333	0.5	A	2	29659
99.0	0.5	nontarget	29	29700
99.0	0.5	K	12	29700
99.13666666666667	0.5	nontarget	29	29741
99.13666666666667	0.5	O	16	29741
99.27	0.5	nontarget	29	29781
99.27	0.5	F	7	29781
99.41	0.5	nontarget	29	29823
99.41	0.5	P	17	29823
99.54666666666667	0.5	nontarget	29	29864
99.54666666666667	0.5	Y	26	29864
99.68333333333334	0.5	nontarget	29	29905
99.68333333333334	0.5	R	19	29905
99.82	0.5	nontarget	29	29946
99.82	0.5	D	5	29946
99.95666666666666	0.5	nontarget	29	29987
99.95666666666666	0.5	Q	18	29987
100.09	0.5	nontarget	29	30027
100.09	0.5	S	20	30027
100.22666666666667	0.5	nontarget	29	30068
100.22666666666667	0.5	W	24	30068
100.36333333333333	0.5	nontarget	29	30109
100.36333333333333	0.5	C	4	30109
100.5	0.5	nontarget	29	30150
100.5	0.5	<	1	30150
100.63666666666667	0.5	target	30	30191
100.63666666666667	0.5	L	13	30191
100.77333333333333	0.5	nontarget	29	30232
100.77333333333333	0.5	J	11	30232
100.91	0.5	nontarget	29	30273
100.91	0.5	V	23	30273
101.04666666666667	0.5	nontarget	29	30314
101.04666666666667	0.5	N	15	30314
101.18333333333334	0.5	nontarget	29	30355
101.18333333333334	0.5	E	6	30355
101.31666666666666	0.5	nontarget	29	30395
101.31666666666666	0.5	B	3	30395
101.45333333333333	0.5	nontarget	29	30436
101.45333333333333	0.5	U	22	30436
101.59	0.5	nontarget	29	30477
101.59	0.5	X	25	30477
101.72666666666667	0.5	nontarget	29	30518
101.72666666666667	0.5	M	14	30518
101.86333333333333	0.5	nontarget	29	30559
101.86333333333333	0.5	Z	27	30559
107.68	0.5	nontarget	29	32304
107.68	0.5	T	21	32304
107.81666666666666	0.5	nontarget	29	32345
107.81666666666666	0.5	B	3	32345
107.95333333333333	0.5	target	30	32386
107.95333333333333	0.5	C	4	32386
108.09	0.5	nontarget	29	32427
108.09	0.5	F	7	32427
108.22666666666667	0.5	nontarget	29	32468
108.22666666666667	0.5	Y	26	32468
108.36333333333333	0.5	nontarget	29	32509
108.36333333333333	0.5	O	16	32509
108.49666666666667	0.5	nontarget	29	32549
108.49666666666667	0.5	S	20	32549
108.63333333333334	0.5	nontarget	29	32590
108.63333333333334	0.5	W	24	32590
108.77	0.5	nontarget	29	32631
108.77	0.5	P	17	32631
108.90666666666667	0.5	nontarget	29	32672
108.90666666666667	0.5	I	10	32672
109.04	0.5	nontarget	29	32712
109.04	0.5	D	5	32712
109.17666666666666	0.5	nontarget	29	32753
109.17666666666666	0.5	K	12	32753
109.31333333333333	0.5	nontarget	29	32794
109.31333333333333	0.5	Q	18	32794
109.45	0.5	nontarget	29	32835
109.45	0.5	J	11	32835
109.58666666666667	0.5	nontarget	29	32876
109.58666666666667	0.5	R	19	32876
109.72333333333333	0.5	nontarget	29	32917
109.72333333333333	0.5	<	1	32917
109.86	0.5	nontarget	29	32958
109.86	0.5	X	25	32958
109.99333333333334	0.5	nontarget	29	32998
109.99333333333334	0.5	V	23	32998
110.13	0.5	nontarget	29	33039
110.13	0.5	_	28	33039
110.26666666666667	0.5	nontarget	29	33080
110.26666666666667	0.5	M	14	33080
110.40333333333334	0.5	nontarget	29	33121
110.40333333333334	0.5	N	15	33121
110.53666666666666	0.5	nontarget	29	33161
110.53666666666666	0.5	H	9	33161
110.67333333333333	0.5	nontarget	29	33202
110.67333333333333	0.5	E	6	33202
110.81	0.5	nontarget	29	33243
110.81	0.5	A	2	33243
110.94333333333333	0.5	nontarget	29	33283
110.94333333333333	0.5	Z	27	33283
111.08	0.5	nontarget	29	33324
111.08	0.5	G	8	33324
111.21666666666667	0.5	nontarget	29	33365
111.21666666666667	0.5	U	22	33365
111.35333333333334	0.5	nontarget	29	33406
111.35333333333334	0.5	L	13	33406
117.17333333333333	0.5	nontarget	29	35152
117.17333333333333	0.5	D	5	35152
117.30666666666667	0.5	nontarget	29	35192
117.30666666666667	0.5	K	12	35192
117.44333333333333	0.5	nontarget	29	35233
117.44333333333333	0.5	P	17	35233
117.58	0.5	nontarget	29	35274
117.58	0.5	O	16	35274
117.71666666666667	0.5	nontarget	29	35315
117.71666666666667	0.5	J	11	35315
117.85333333333334	0.5	nontarget	29	35356
117.85333333333334	0.5	I	10	35356
117.99	0.5	nontarget	29	35397
117.99	0.5	H	9	35397
118.12666666666667	0.5	nontarget	29	35438
118.12666666666667	0.5	Q	18	35438
118.26333333333334	0.5	nontarget	29	35479
118.26333333333334	0.5	Z	27	35479
118.39666666666666	0.5	nontarget	29	35519
118.39666666666666	0.5	C	4	35519
118.53333333333333	0.5	nontarget	29	35560
118.53333333333333	0.5	L	13	35560
118.67	0.5	nontarget	29	35601
118.67	0.5	G	8	35601
118.80666666666667	0.5	nontarget	29	35642
118.80666666666667	0.5	<	1	35642
118.94333333333333	0.5	nontarget	29	35683
118.94333333333333	0.5	U	22	35683
119.08	0.5	target	30	35724
119.08	0.5	E	6	35724
119.21666666666667	0.5	nontarget	29	35765
119.21666666666667	0.5	X	25	35765
119.35333333333334	0.5	nontarget	29	35806
119.35333333333334	0.5	_	28	35806
119.48666666666666	0.5	nontarget	29	35846
119.48666666666666	0.5	A	2	35846
119.62333333333333	0.5	nontarget	29	35887
119.62333333333333	0.5	V	23	35887
119.76	0.5	nontarget	29	35928
119.76	0.5	W	24	35928
119.89666666666666	0.5	nontarget	29	35969
119.89666666666666	0.5	B	3	35969
120.03666666666666	0.5	nontarget	29	36011
120.03666666666666	0.5	T	21	36011
120.17333333333333	0.5	nontarget	29	36052
120.17333333333333	0.5	Y	26	36052
120.30666666666667	0.5	nontarget	29	36092
120.30666666666667	0.5	F	7	36092
120.44333333333333	0.5	nontarget	29	36133
120.44333333333333	0.5	M	14	36133
120.58	0.5	nontarget	29	36174
120.58	0.5	N	15	36174
120.71333333333334	0.5	nontarget	29	36214
120.71333333333334	0.5	R	19	36214
120.85	0.5	nontarget	29	36255
120.85	0.5	S	20	36255
126.66666666666667	0.5	nontarget	29	38000
126.66666666666667	0.5	G	8	38000
126.80333333333333	0.5	nontarget	29	38041
126.80333333333333	0.5	D	5	38041
126.94	0.5	nontarget	29	38082
126.94	0.5	N	15	38082
127.07666666666667	0.5	nontarget	29	38123
127.07666666666667	0.5	M	14	38123
127.21333333333334	0.5	nontarget	29	38164
127.21333333333334	0.5	T	21	38164
127.34666666666666	0.5	nontarget	29	38204
127.34666666666666	0.5	J	11	38204
127.48333333333333	0.5	nontarget	29	38245
127.48333333333333	0.5	A	2	38245
127.62	0.5	nontarget	29	38286
127.62	0.5	Q	18	38286
127.75666666666666	0.5	nontarget	29	38327
127.75666666666666	0.5	K	12	38327
127.89333333333333	0.5	nontarget	29	38368
127.89333333333333	0.5	R	19	38368
128.02666666666667	0.5	nontarget	29	38408
128.02666666666667	0.5	X	25	38408
128.16333333333333	0.5	nontarget	29	38449
128.16333333333333	0.5	H	9	38449
128.3	0.5	nontarget	29	38490
128.3	0.5	C	4	38490
128.45333333333335	0.5	nontarget	29	38536
128.45333333333335	0.5	_	28	38536
128.58666666666667	0.5	nontarget	29	38576
128.58666666666667	0.5	U	22	38576
128.72333333333333	0.5	nontarget	29	38617
128.72333333333333	0.5	I	10	38617
128.86	0.5	nontarget	29	38658
128.86	0.5	B	3	38658
128.99666666666667	0.5	nontarget	29	38699
128.99666666666667	0.5	E	6	38699
129.13	0.5	nontarget	29	38739
129.13	0.5	Y	26	38739
129.26666666666668	0.5	nontarget	29	38780
129.26666666666668	0.5	O	16	38780
129.40333333333334	0.5	nontarget	29	38821
129.40333333333334	0.5	L	13	38821
129.54	0.5	nontarget	29	38862
129.54	0.5	S	20	38862
129.67666666666668	0.5	nontarget	29	38903
129.67666666666668	0.5	Z	27	38903
129.81	0.5	target	30	38943
129.81	0.5	F	7	38943
129.94666666666666	0.5	nontarget	29	38984
129.94666666666666	0.5	P	17	38984
130.08333333333334	0.5	nontarget	29	39025
130.08333333333334	0.5	V	23	39025
130.22	0.5	nontarget	29	39066
130.22	0.5	W	24	39066
130.35666666666665	0.5	nontarget	29	39107
130.35666666666665	0.5	<	1	39107
136.18	0.5	nontarget	29	40854
136.18	0.5	_	28	40854
136.31666666666666	0.5	nontarget	29	40895
136.31666666666666	0.5	T	21	40895
136.45	0.5	nontarget	29	40935
136.45	0.5	C	4	40935
136.58666666666667	0.5	nontarget	29	40976
136.58666666666667	0.5	F	7	40976
136.72333333333333	0.5	nontarget	29	41017
136.72333333333333	0.5	A	2	41017
136.86	0.5	nontarget	29	41058
136.86	0.5	X	25	41058
136.99666666666667	0.5	nontarget	29	41099
136.99666666666667	0.5	V	23	41099
137.13	0.5	nontarget	29	41139
137.13	0.5	L	13	41139
137.26666666666668	0.5	nontarget	29	41180
137.26666666666668	0.5	I	10	41180
137.40333333333334	0.5	nontarget	29	41221
137.40333333333334	0.5	S	20	41221
137.54	0.5	nontarget	29	41262
137.54	0.5	G	8	41262
137.67666666666668	0.5	nontarget	29	41303
137.67666666666668	0.5	Q	18	41303
137.81333333333333	0.5	nontarget	29	41344
137.81333333333333	0.5	W	24	41344
137.94666666666666	0.5	nontarget	29	41384
137.94666666666666	0.5	E	6	41384
138.08333333333334	0.5	nontarget	29	41425
138.08333333333334	0.5	M	14	41425
138.22	0.5	nontarget	29	41466
138.22	0.5	O	16	41466
138.35333333333332	0.5	nontarget	29	41506
138.35333333333332	0.5	B	3	41506
138.49	0.5	nontarget	29	41547
138.49	0.5	Y	26	41547
138.62333333333333	0.5	nontarget	29	41587
138.62333333333333	0.5	Z	27	41587
138.75666666666666	0.5	nontarget	29	41627
138.75666666666666	0.5	J	11	41627
138.89333333333335	0.5	nontarget	29	41668
138.89333333333335	0.5	K	12	41668
139.03	0.5	nontarget	29	41709
139.03	0.5	R	19	41709
139.16333333333333	0.5	nontarget	29	41749
139.16333333333333	0.5	<	1	41749
139.3	0.5	nontarget	29	41790
139.3	0.5	N	15	41790
139.43333333333334	0.5	nontarget	29	41830
139.43333333333334	0.5	D	5	41830
139.57	0.5	nontarget	29	41871
139.57	0.5	U	22	41871
139.70666666666668	0.5	nontarget	29	41912
139.70666666666668	0.5	P	17	41912
139.84333333333333	0.5	target	30	41953
139.84333333333333	0.5	H	9	41953
145.66333333333333	0.5	nontarget	29	43699
145.66333333333333	0.5	B	3	43699
145.79666666666665	0.5	target	30	43739
145.79666666666665	0.5	W	24	43739
145.93333333333334	0.5	nontarget	29	43780
145.93333333333334	0.5	S	20	43780
146.06666666666666	0.5	nontarget	29	43820
146.06666666666666	0.5	Z	27	43820
146.20333333333335	0.5	nontarget	29	43861
146.20333333333335	0.5	A	2	43861
146.34	0.5	nontarget	29	43902
146.34	0.5	O	16	43902
146.47666666666666	0.5	nontarget	29	43943
146.47666666666666	0.5	G	8	43943
146.61333333333334	0.5	nontarget	29	43984
146.61333333333334	0.5	M	14	43984
146.74666666666667	0.5	nontarget	29	44024
146.74666666666667	0.5	<	1	44024
146.88333333333333	0.5	nontarget	29	44065
146.88333333333333	0.5	R	19	44065
147.02	0.5	nontarget	29	44106
147.02	0.5	D	5	44106
147.15666666666667	0.5	nontarget	29	44147
147.15666666666667	0.5	N	15	44147
147.29333333333332	0.5	nontarget	29	44188
147.29333333333332	0.5	H	9	44188
147.42666666666668	0.5	nontarget	29	44228
147.42666666666668	0.5	I	10	44228
147.56333333333333	0.5	nontarget	29	44269
147.56333333333333	0.5	P	17	44269
147.70333333333335	0.5	nontarget	29	44311
147.70333333333335	0.5	F	7	44311
147.83666666666667	0.5	nontarget	29	44351
147.83666666666667	0.5	Y	26	44351
147.97333333333333	0.5	nontarget	29	44392
147.97333333333333	0.5	K	12	44392
148.10666666666665	0.5	nontarget	29	44432
148.10666666666665	0.5	L	13	44432
148.24	0.5	nontarget	29	44472
148.24	0.5	J	11	44472
148.37666666666667	0.5	nontarget	29	44513
148.37666666666667	0.5	T	21	44513
148.51333333333332	0.5	nontarget	29	44554
148.51333333333332	0.5	X	25	44554
148.65	0.5	nontarget	29	44595
148.65	0.5	_	28	44595
148.78333333333333	0.5	nontarget	29	44635
148.78333333333333	0.5	U	22	44635
148.92333333333335	0.5	nontarget	29	44677
148.92333333333335	0.5	E	6	44677
149.05666666666667	0.5	nontarget	29	44717
149.05666666666667	0.5	V	23	44717
149.19333333333333	0.5	nontarget	29	44758
149.19333333333333	0.5	Q	18	44758
149.32666666666665	0.5	nontarget	29	44798
149.32666666666665	0.5	C	4	44798
155.14666666666668	0.5	nontarget	29	46544
155.14666666666668	0.5	N	15	46544
155.28333333333333	0.5	target	30	46585
155.28333333333333	0.5	R	19	46585
155.41666666666666	0.5	nontarget	29	46625
155.41666666666666	0.5	K	12	46625
155.55333333333334	0.5	nontarget	29	46666
155.55333333333334	0.5	D	5	46666
155.69	0.5	nontarget	29	46707
155.69	0.5	A	2	46707
155.82666666666665	0.5	nontarget	29	46748
155.82666666666665	0.5	O	16	46748
155.96	0.5	nontarget	29	46788
155.96	0.5	X	25	46788
156.09666666666666	0.5	nontarget	29	46829
156.09666666666666	0.5	B	3	46829
156.23333333333332	0.5	nontarget	29	46870
156.23333333333332	0.5	H	9	46870
156.36666666666667	0.5	nontarget	29	46910
156.36666666666667	0.5	Z	27	46910
156.50333333333333	0.5	nontarget	29	46951
156.50333333333333	0.5	P	17	46951
156.64	0.5	nontarget	29	46992
156.64	0.5	S	20	46992
156.77333333333334	0.5	nontarget	29	47032
156.77333333333334	0.5	J	11	47032
156.91	0.5	nontarget	29	47073
156.91	0.5	W	24	47073
157.04666666666665	0.5	nontarget	29	47114
157.04666666666665	0.5	I	10	47114
157.18333333333334	0.5	nontarget	29	47155
157.18333333333334	0.5	C	4	47155
157.31666666666666	0.5	nontarget	29	47195
157.31666666666666	0.5	Y	26	47195
157.45333333333335	0.5	nontarget	29	47236
157.45333333333335	0.5	L	13	47236
157.59	0.5	nontarget	29	47277
157.59	0.5	E	6	47277
157.72666666666666	0.5	nontarget	29	47318
157.72666666666666	0.5	M	14	47318
157.86333333333334	0.5	nontarget	29	47359
157.86333333333334	0.5	Q	18	47359
158.0	0.5	nontarget	29	47400
158.0	0.5	U	22	47400
158.13333333333333	0.5	nontarget	29	47440
158.13333333333333	0.5	F	7	47440
158.27333333333334	0.5	nontarget	29	47482
158.27333333333334	0.5	G	8	47482
158.40666666666667	0.5	nontarget	29	47522
158.40666666666667	0.5	<	1	47522
158.54333333333332	0.5	nontarget	29	47563
158.54333333333332	0.5	V	23	47563
158.68	0.5	nontarget	29	47604
158.68	0.5	_	28	47604
158.81333333333333	0.5	nontarget	29	47644
158.81333333333333	0.5	T	21	47644
164.63333333333333	0.5	nontarget	29	49390
164.63333333333333	0.5	<	1	49390
164.77333333333334	0.5	nontarget	29	49432
164.77333333333334	0.5	T	21	49432
164.90666666666667	0.5	nontarget	29	49472
164.90666666666667	0.5	L	13	49472
165.04333333333332	0.5	nontarget	29	49513
165.04333333333332	0.5	U	22	49513
165.18	0.5	nontarget	29	49554
165.18	0.5	S	20	49554
165.31333333333333	0.5	nontarget	29	49594
165.31333333333333	0.5	P	17	49594
165.45	0.5	nontarget	29	49635
165.45	0.5	R	19	49635
165.58666666666667	0.5	nontarget	29	49676
165.58666666666667	0.5	E	6	49676
165.72666666666666	0.5	nontarget	29	49718
165.72666666666666	0.5	Z	27	49718
165.86	0.5	nontarget	29	49758
165.86	0.5	_	28	49758
165.99666666666667	0.5	nontarget	29	49799
165.99666666666667	0.5	J	11	49799
166.13333333333333	0.5	nontarget	29	49840
166.13333333333333	0.5	B	3	49840
166.27	0.5	nontarget	29	49881
166.27	0.5	F	7	49881
166.40666666666667	0.5	nontarget	29	49922
166.40666666666667	0.5	X	25	49922
166.54333333333332	0.5	nontarget	29	49963
166.54333333333332	0.5	G	8	49963
166.68	0.5	nontarget	29	50004
166.68	0.5	C	4	50004
166.81666666666666	0.5	nontarget	29	50045
166.81666666666666	0.5	V	23	50045
166.95	0.5	nontarget	29	50085
166.95	0.5	A	2	50085
167.09	0.5	nontarget	29	50127
167.09	0.5	K	12	50127
167.22666666666666	0.5	nontarget	29	50168
167.22666666666666	0.5	I	10	50168
167.36333333333334	0.5	target	30	50209
167.36333333333334	0.5	N	15	50209
167.49666666666667	0.5	nontarget	29	50249
167.49666666666667	0.5	W	24	50249
167.63666666666666	0.5	nontarget	29	50291
167.63666666666666	0.5	O	16	50291
167.77333333333334	0.5	nontarget	29	50332
167.77333333333334	0.5	Q	18	50332
167.91	0.5	nontarget	29	50373
167.91	0.5	D	5	50373
168.04333333333332	0.5	nontarget	29	50413
168.04333333333332	0.5	H	9	50413
168.18	0.5	nontarget	29	50454
168.18	0.5	M	14	50454
168.31666666666666	0.5	nontarget	29	50495
168.31666666666666	0.5	Y	26	50495
174.14	0.5	nontarget	29	52242
174.14	0.5	M	14	52242
174.27666666666667	0.5	nontarget	29	52283
174.27666666666667	0.5	W	24	52283
174.41333333333333	0.5	nontarget	29	52324
174.41333333333333	0.5	I	10	52324
174.55	0.5	nontarget	29	52365
174.55	0.5	X	25	52365
174.68333333333334	0.5	nontarget	29	52405
174.68333333333334	0.5	P	17	52405
174.82	0.5	nontarget	29	52446
174.82	0.5	V	23	52446
174.95666666666668	0.5	nontarget	29	52487
174.95666666666668	0.5	H	9	52487
175.09333333333333	0.5	nontarget	29	52528
175.09333333333333	0.5	U	22	52528
175.23	0.5	nontarget	29	52569
175.23	0.5	F	7	52569
175.36666666666667	0.5	nontarget	29	52610
175.36666666666667	0.5	C	4	52610
175.50333333333333	0.5	nontarget	29	52651
175.50333333333333	0.5	Q	18	52651
175.64	0.5	nontarget	29	52692
175.64	0.5	_	28	52692
175.77333333333334	0.5	nontarget	29	52732
175.77333333333334	0.5	S	20	52732
175.91333333333333	0.5	nontarget	29	52774
175.91333333333333	0.5	O	16	52774
176.05	0.5	nontarget	29	52815
176.05	0.5	N	15	52815
176.18333333333334	0.5	nontarget	29	52855
176.18333333333334	0.5	T	21	52855
176.32	0.5	nontarget	29	52896
176.32	0.5	G	8	52896
176.45666666666668	0.5	target	30	52937
176.45666666666668	0.5	<	1	52937
176.59	0.5	nontarget	29	52977
176.59	0.5	R	19	52977
176.72666666666666	0.5	nontarget	29	53018
176.72666666666666	0.5	K	12	53018
176.86333333333334	0.5	nontarget	29	53059
176.86333333333334	0.5	J	11	53059
177.0	0.5	nontarget	29	53100
177.0	0.5	Z	27	53100
177.13666666666666	0.5	nontarget	29	53141
177.13666666666666	0.5	D	5	53141
177.27333333333334	0.5	nontarget	29	53182
177.27333333333334	0.5	A	2	53182
177.41	0.5	nontarget	29	53223
177.41	0.5	B	3	53223
177.54666666666665	0.5	nontarget	29	53264
177.54666666666665	0.5	Y	26	53264
177.68333333333334	0.5	nontarget	29	53305
177.68333333333334	0.5	L	13	53305
177.82	0.5	nontarget	29	53346
177.82	0.5	E	6	53346
183.64	0.5	nontarget	29	55092
183.64	0.5	P	17	55092
183.77666666666667	0.5	nontarget	29	55133
183.77666666666667	0.5	N	15	55133
183.91333333333333	0.5	nontarget	29	55174
183.91333333333333	0.5	D	5	55174
184.05	0.5	nontarget	29	55215
184.05	0.5	E	6	55215
184.18666666666667	0.5	nontarget	29	55256
184.18666666666667	0.5	Q	18	55256
184.32333333333332	0.5	nontarget	29	55297
184.32333333333332	0.5	S	20	55297
184.46333333333334	0.5	nontarget	29	55339
184.46333333333334	0.5	R	19	55339
184.59666666666666	0.5	nontarget	29	55379
184.59666666666666	0.5	L	13	55379
184.73333333333332	0.5	nontarget	29	55420
184.73333333333332	0.5	C	4	55420
184.86666666666667	0.5	nontarget	29	55460
184.86666666666667	0.5	_	28	55460
185.00333333333333	0.5	nontarget	29	55501
185.00333333333333	0.5	K	12	55501
185.14	0.5	nontarget	29	55542
185.14	0.5	M	14	55542
185.27666666666667	0.5	nontarget	29	55583
185.27666666666667	0.5	B	3	55583
185.41333333333333	0.5	nontarget	29	55624
185.41333333333333	0.5	O	16	55624
185.55	0.5	nontarget	29	55665
185.55	0.5	X	25	55665
185.68666666666667	0.5	nontarget	29	55706
185.68666666666667	0.5	I	10	55706
185.82333333333332	0.5	nontarget	29	55747
185.82333333333332	0.5	Y	26	55747
185.95666666666668	0.5	nontarget	29	55787
185.95666666666668	0.5	T	21	55787
186.09333333333333	0.5	nontarget	29	55828
186.09333333333333	0.5	G	8	55828
186.23	0.5	nontarget	29	55869
186.23	0.5	U	22	55869
186.36666666666667	0.5	nontarget	29	55910
186.36666666666667	0.5	A	2	55910
186.5	0.5	nontarget	29	55950
186.5	0.5	<	1	55950
186.63666666666666	0.5	nontarget	29	55991
186.63666666666666	0.5	V	23	55991
186.77333333333334	0.5	nontarget	29	56032
186.77333333333334	0.5	H	9	56032
186.91	0.5	nontarget	29	56073
186.91	0.5	W	24	56073
187.04333333333332	0.5	nontarget	29	56113
187.04333333333332	0.5	Z	27	56113
187.18	0.5	target	30	56154
187.18	0.5	J	11	56154
187.31666666666666	0.5	nontarget	29	56195
187.31666666666666	0.5	F	7	56195
193.13666666666666	0.5	nontarget	29	57941
193.13666666666666	0.5	K	12	57941
193.27333333333334	0.5	nontarget	29	57982
193.27333333333334	0.5	Z	27	57982
193.41	0.5	nontarget	29	58023
193.41	0.5	J	11	58023
193.54333333333332	0.5	nontarget	29	58063
193.54333333333332	0.5	U	22	58063
193.68	0.5	nontarget	29	58104
193.68	0.5	H	9	58104
193.81666666666666	0.5	nontarget	29	58145
193.81666666666666	0.5	T	21	58145
193.95333333333335	0.5	nontarget	29	58186
193.95333333333335	0.5	F	7	58186
194.09333333333333	0.5	nontarget	29	58228
194.09333333333333	0.5	I	10	58228
194.23	0.5	nontarget	29	58269
194.23	0.5	G	8	58269
194.36333333333334	0.5	nontarget	29	58309
194.36333333333334	0.5	L	13	58309
194.5	0.5	nontarget	29	58350
194.5	0.5	S	20	58350
194.63666666666666	0.5	nontarget	29	58391
194.63666666666666	0.5	M	14	58391
194.77333333333334	0.5	nontarget	29	58432
194.77333333333334	0.5	C	4	58432
194.90666666666667	0.5	nontarget	29	58472
194.90666666666667	0.5	O	16	58472
195.04333333333332	0.5	nontarget	29	58513
195.04333333333332	0.5	D	5	58513
195.18	0.5	nontarget	29	58554
195.18	0.5	A	2	58554
195.31666666666666	0.5	nontarget	29	58595
195.31666666666666	0.5	R	19	58595
195.45333333333335	0.5	nontarget	29	58636
195.45333333333335	0.5	<	1	58636
195.59	0.5	nontarget	29	58677
195.59	0.5	N	15	58677
195.73333333333332	0.5	nontarget	29	58720
195.73333333333332	0.5	P	17	58720
195.86666666666667	0.5	nontarget	29	58760
195.86666666666667	0.5	Y	26	58760
196.00333333333333	0.5	nontarget	29	58801
196.00333333333333	0.5	V	23	58801
196.14	0.5	nontarget	29	58842
196.14	0.5	_	28	58842
196.27666666666667	0.5	nontarget	29	58883
196.27666666666667	0.5	Q	18	58883
196.41333333333333	0.5	nontarget	29	58924
196.41333333333333	0.5	W	24	58924
196.55	0.5	target	30	58965
196.55	0.5	X	25	58965
196.68666666666667	0.5	nontarget	29	59006
196.68666666666667	0.5	B	3	59006
196.82333333333332	0.5	nontarget	29	59047
196.82333333333332	0.5	E	6	59047
202.65	0.5	target	30	60795
202.65	0.5	I	10	60795
202.78333333333333	0.5	nontarget	29	60835
202.78333333333333	0.5	V	23	60835
202.92	0.5	nontarget	29	60876
202.92	0.5	G	8	60876
203.05666666666667	0.5	nontarget	29	60917
203.05666666666667	0.5	B	3	60917
203.19333333333333	0.5	nontarget	29	60958
203.19333333333333	0.5	W	24	60958
203.33	0.5	nontarget	29	60999
203.33	0.5	<	1	60999
203.47	0.5	nontarget	29	61041
203.47	0.5	T	21	61041
203.60666666666665	0.5	nontarget	29	61082
203.60666666666665	0.5	A	2	61082
203.74666666666667	0.5	nontarget	29	61124
203.74666666666667	0.5	Z	27	61124
203.88333333333333	0.5	nontarget	29	61165
203.88333333333333	0.5	U	22	61165
204.02	0.5	nontarget	29	61206
204.02	0.5	R	19	61206
204.15666666666667	0.5	nontarget	29	61247
204.15666666666667	0.5	X	25	61247
204.29333333333332	0.5	nontarget	29	61288
204.29333333333332	0.5	O	16	61288
204.43	0.5	nontarget	29	61329
204.43	0.5	N	15	61329
204.56666666666666	0.5	nontarget	29	61370
204.56666666666666	0.5	K	12	61370
204.70333333333335	0.5	nontarget	29	61411
204.70333333333335	0.5	H	9	61411
204.84	0.5	nontarget	29	61452
204.84	0.5	E	6	61452
204.97666666666666	0.5	nontarget	29	61493
204.97666666666666	0.5	S	20	61493
205.11	0.5	nontarget	29	61533
205.11	0.5	M	14	61533
205.25	0.5	nontarget	29	61575
205.25	0.5	F	7	61575
205.38666666666666	0.5	nontarget	29	61616
205.38666666666666	0.5	Y	26	61616
205.52	0.5	nontarget	29	61656
205.52	0.5	P	17	61656
205.65666666666667	0.5	nontarget	29	61697
205.65666666666667	0.5	C	4	61697
205.79333333333332	0.5	nontarget	29	61738
205.79333333333332	0.5	J	11	61738
205.93	0.5	nontarget	29	61779
205.93	0.5	D	5	61779
206.06666666666666	0.5	nontarget	29	61820
206.06666666666666	0.5	_	28	61820
206.2	0.5	nontarget	29	61860
206.2	0.5	Q	18	61860
206.33666666666667	0.5	nontarget	29	61901
206.33666666666667	0.5	L	13	61901
212.22333333333333	0.5	nontarget	29	63667
212.22333333333333	0.5	C	4	63667
212.36	0.5	nontarget	29	63708
212.36	0.5	_	28	63708
212.49666666666667	0.5	nontarget	29	63749
212.49666666666667	0.5	Q	18	63749
212.63333333333333	0.5	nontarget	29	63790
212.63333333333333	0.5	V	23	63790
212.77	0.5	nontarget	29	63831
212.77	0.5	I	10	63831
212.90333333333334	0.5	nontarget	29	63871
212.90333333333334	0.5	M	14	63871
213.04	0.5	nontarget	29	63912
213.04	0.5	G	8	63912
213.17666666666668	0.5	nontarget	29	63953
213.17666666666668	0.5	W	24	63953
213.31333333333333	0.5	nontarget	29	63994
213.31333333333333	0.5	X	25	63994
213.45	0.5	nontarget	29	64035
213.45	0.5	B	3	64035
213.58333333333334	0.5	nontarget	29	64075
213.58333333333334	0.5	T	21	64075
213.72333333333333	0.5	nontarget	29	64117
213.72333333333333	0.5	R	19	64117
213.86333333333334	0.5	nontarget	29	64159
213.86333333333334	0.5	D	5	64159
213.99666666666667	0.5	nontarget	29	64199
213.99666666666667	0.5	O	16	64199
214.13333333333333	0.5	nontarget	29	64240
214.13333333333333	0.5	L	13	64240
214.27	0.5	target	30	64281
214.27	0.5	K	12	64281
214.40666666666667	0.5	nontarget	29	64322
214.40666666666667	0.5	J	11	64322
214.54333333333332	0.5	nontarget	29	64363
214.54333333333332	0.5	N	15	64363
214.68	0.5	nontarget	29	64404
214.68	0.5	E	6	64404
214.81666666666666	0.5	nontarget	29	64445
214.81666666666666	0.5	F	7	64445
214.95666666666668	0.5	nontarget	29	64487
214.95666666666668	0.5	H	9	64487
215.09333333333333	0.5	nontarget	29	64528
215.09333333333333	0.5	<	1	64528
215.22666666666666	0.5	nontarget	29	64568
215.22666666666666	0.5	U	22	64568
215.36333333333334	0.5	nontarget	29	64609
215.36333333333334	0.5	S	20	64609
215.5	0.5	nontarget	29	64650
215.5	0.5	P	17	64650
215.63666666666666	0.5	nontarget	29	64691
215.63666666666666	0.5	Z	27	64691
215.77333333333334	0.5	nontarget	29	64732
215.77333333333334	0.5	A	2	64732
215.91	0.5	nontarget	29	64773
215.91	0.5	Y	26	64773
221.73666666666668	0.5	nontarget	29	66521
221.73666666666668	0.5	G	8	66521
221.87333333333333	0.5	nontarget	29	66562
221.87333333333333	0.5	I	10	66562
222.00666666666666	0.5	nontarget	29	66602
222.00666666666666	0.5	Y	26	66602
222.14333333333335	0.5	nontarget	29	66643
222.14333333333335	0.5	E	6	66643
222.28	0.5	target	30	66684
222.28	0.5	Q	18	66684
222.41666666666666	0.5	nontarget	29	66725
222.41666666666666	0.5	P	17	66725
222.55	0.5	nontarget	29	66765
222.55	0.5	F	7	66765
222.68666666666667	0.5	nontarget	29	66806
222.68666666666667	0.5	R	19	66806
222.82333333333332	0.5	nontarget	29	66847
222.82333333333332	0.5	U	22	66847
222.96	0.5	nontarget	29	66888
222.96	0.5	_	28	66888
223.09666666666666	0.5	nontarget	29	66929
223.09666666666666	0.5	C	4	66929
223.23333333333332	0.5	nontarget	29	66970
223.23333333333332	0.5	K	12	66970
223.37	0.5	nontarget	29	67011
223.37	0.5	D	5	67011
223.50333333333333	0.5	nontarget	29	67051
223.50333333333333	0.5	T	21	67051
223.64	0.5	nontarget	29	67092
223.64	0.5	A	2	67092
223.77666666666667	0.5	nontarget	29	67133
223.77666666666667	0.5	Z	27	67133
223.91333333333333	0.5	nontarget	29	67174
223.91333333333333	0.5	N	15	67174
224.05	0.5	nontarget	29	67215
224.05	0.5	O	16	67215
224.18333333333334	0.5	nontarget	29	67255
224.18333333333334	0.5	V	23	67255
224.32	0.5	nontarget	29	67296
224.32	0.5	S	20	67296
224.45333333333335	0.5	nontarget	29	67336
224.45333333333335	0.5	J	11	67336
224.59	0.5	nontarget	29	67377
224.59	0.5	M	14	67377
224.72666666666666	0.5	nontarget	29	67418
224.72666666666666	0.5	B	3	67418
224.86333333333334	0.5	nontarget	29	67459
224.86333333333334	0.5	<	1	67459
224.99666666666667	0.5	nontarget	29	67499
224.99666666666667	0.5	W	24	67499
225.13333333333333	0.5	nontarget	29	67540
225.13333333333333	0.5	H	9	67540
225.27	0.5	nontarget	29	67581
225.27	0.5	X	25	67581
225.40666666666667	0.5	nontarget	29	67622
225.40666666666667	0.5	L	13	67622
231.22	0.5	nontarget	29	69366
231.22	0.5	H	9	69366
231.35666666666665	0.5	nontarget	29	69407
231.35666666666665	0.5	X	25	69407
231.49333333333334	0.5	nontarget	29	69448
231.49333333333334	0.5	E	6	69448
231.62666666666667	0.5	nontarget	29	69488
231.62666666666667	0.5	G	8	69488
231.76333333333332	0.5	nontarget	29	69529
231.76333333333332	0.5	_	28	69529
231.9	0.5	nontarget	29	69570
231.9	0.5	R	19	69570
232.03666666666666	0.5	nontarget	29	69611
232.03666666666666	0.5	T	21	69611
232.17333333333335	0.5	nontarget	29	69652
232.17333333333335	0.5	F	7	69652
232.31	0.5	nontarget	29	69693
232.31	0.5	C	4	69693
232.44666666666666	0.5	target	30	69734
232.44666666666666	0.5	U	22	69734
232.58333333333334	0.5	nontarget	29	69775
232.58333333333334	0.5	S	20	69775
232.71666666666667	0.5	nontarget	29	69815
232.71666666666667	0.5	Y	26	69815
232.85333333333332	0.5	nontarget	29	69856
232.85333333333332	0.5	Q	18	69856
232.99	0.5	nontarget	29	69897
232.99	0.5	<	1	69897
233.12666666666667	0.5	nontarget	29	69938
233.12666666666667	0.5	O	16	69938
233.26333333333332	0.5	nontarget	29	69979
233.26333333333332	0.5	P	17	69979
233.39666666666668	0.5	nontarget	29	70019
233.39666666666668	0.5	Z	27	70019
233.53333333333333	0.5	nontarget	29	70060
233.53333333333333	0.5	L	13	70060
233.67	0.5	nontarget	29	70101
233.67	0.5	M	14	70101
233.80333333333334	0.5	nontarget	29	70141
233.80333333333334	0.5	D	5	70141
233.94	0.5	nontarget	29	70182
233.94	0.5	N	15	70182
234.07666666666665	0.5	nontarget	29	70223
234.07666666666665	0.5	I	10	70223
234.21333333333334	0.5	nontarget	29	70264
234.21333333333334	0.5	J	11	70264
234.34666666666666	0.5	nontarget	29	70304
234.34666666666666	0.5	W	24	70304
234.48333333333332	0.5	nontarget	29	70345
234.48333333333332	0.5	K	12	70345
234.62	0.5	nontarget	29	70386
234.62	0.5	B	3	70386
234.75666666666666	0.5	nontarget	29	70427
234.75666666666666	0.5	A	2	70427
234.89333333333335	0.5	nontarget	29	70468
234.89333333333335	0.5	V	23	70468
240.71666666666667	0.5	nontarget	29	72215
240.71666666666667	0.5	E	6	72215
240.85333333333332	0.5	nontarget	29	72256
240.85333333333332	0.5	A	2	72256
240.99	0.5	nontarget	29	72297
240.99	0.5	W	24	72297
241.12333333333333	0.5	nontarget	29	72337
241.12333333333333	0.5	Z	27	72337
241.26	0.5	nontarget	29	72378
241.26	0.5	O	16	72378
241.39333333333335	0.5	nontarget	29	72418
241.39333333333335	0.5	V	23	72418
241.53	0.5	nontarget	29	72459
241.53	0.5	Q	18	72459
241.66666666666666	0.5	nontarget	29	72500
241.66666666666666	0.5	J	11	72500
241.80333333333334	0.5	nontarget	29	72541
241.80333333333334	0.5	L	13	72541
241.94	0.5	nontarget	29	72582
241.94	0.5	Y	26	72582
242.07333333333332	0.5	nontarget	29	72622
242.07333333333332	0.5	K	12	72622
242.21	0.5	nontarget	29	72663
242.21	0.5	U	22	72663
242.34666666666666	0.5	nontarget	29	72704
242.34666666666666	0.5	S	20	72704
242.48333333333332	0.5	nontarget	29	72745
242.48333333333332	0.5	G	8	72745
242.61666666666667	0.5	nontarget	29	72785
242.61666666666667	0.5	<	1	72785
242.75333333333333	0.5	target	30	72826
242.75333333333333	0.5	M	14	72826
242.88666666666666	0.5	nontarget	29	72866
242.88666666666666	0.5	T	21	72866
243.02333333333334	0.5	nontarget	29	72907
243.02333333333334	0.5	D	5	72907
243.16	0.5	nontarget	29	72948
243.16	0.5	H	9	72948
243.29333333333332	0.5	nontarget	29	72988
243.29333333333332	0.5	F	7	72988
243.43	0.5	nontarget	29	73029
243.43	0.5	P	17	73029
243.56666666666666	0.5	nontarget	29	73070
243.56666666666666	0.5	N	15	73070
243.70333333333335	0.5	nontarget	29	73111
243.70333333333335	0.5	I	10	73111
243.84	0.5	nontarget	29	73152
243.84	0.5	C	4	73152
243.97333333333333	0.5	nontarget	29	73192
243.97333333333333	0.5	R	19	73192
244.11	0.5	nontarget	29	73233
244.11	0.5	_	28	73233
244.24333333333334	0.5	nontarget	29	73273
244.24333333333334	0.5	X	25	73273
244.38	0.5	nontarget	29	73314
244.38	0.5	B	3	73314
250.2	0.5	nontarget	29	75060
250.2	0.5	B	3	75060
250.33666666666667	0.5	nontarget	29	75101
250.33666666666667	0.5	L	13	75101
250.47333333333333	0.5	nontarget	29	75142
250.47333333333333	0.5	H	9	75142
250.60666666666665	0.5	target	30	75182
250.60666666666665	0.5	S	20	75182
250.74333333333334	0.5	nontarget	29	75223
250.74333333333334	0.5	N	15	75223
250.88	0.5	nontarget	29	75264
250.88	0.5	T	21	75264
251.01333333333332	0.5	nontarget	29	75304
251.01333333333332	0.5	R	19	75304
251.15	0.5	nontarget	29	75345
251.15	0.5	W	24	75345
251.28666666666666	0.5	nontarget	29	75386
251.28666666666666	0.5	I	10	75386
251.42	0.5	nontarget	29	75426
251.42	0.5	M	14	75426
251.55666666666667	0.5	nontarget	29	75467
251.55666666666667	0.5	F	7	75467
251.69	0.5	nontarget	29	75507
251.69	0.5	X	25	75507
251.82666666666665	0.5	nontarget	29	75548
251.82666666666665	0.5	K	12	75548
251.96333333333334	0.5	nontarget	29	75589
251.96333333333334	0.5	U	22	75589
252.1	0.5	nontarget	29	75630
252.1	0.5	P	17	75630
252.23666666666668	0.5	nontarget	29	75671
252.23666666666668	0.5	V	23	75671
252.37333333333333	0.5	nontarget	29	75712
252.37333333333333	0.5	D	5	75712
252.50666666666666	0.5	nontarget	29	75752
252.50666666666666	0.5	Y	26	75752
252.64333333333335	0.5	nontarget	29	75793
252.64333333333335	0.5	A	2	75793
252.78	0.5	nontarget	29	75834
252.78	0.5	<	1	75834
252.91666666666666	0.5	nontarget	29	75875
252.91666666666666	0.5	G	8	75875
253.05333333333334	0.5	nontarget	29	75916
253.05333333333334	0.5	C	4	75916
253.18666666666667	0.5	nontarget	29	75956
253.18666666666667	0.5	Z	27	75956
253.32333333333332	0.5	nontarget	29	75997
253.32333333333332	0.5	E	6	75997
253.46	0.5	nontarget	29	76038
253.46	0.5	_	28	76038
253.59666666666666	0.5	nontarget	29	76079
253.59666666666666	0.5	O	16	76079
253.73333333333332	0.5	nontarget	29	76120
253.73333333333332	0.5	J	11	76120
253.86666666666667	0.5	nontarget	29	76160
253.86666666666667	0.5	Q	18	76160
259.68666666666667	0.5	nontarget	29	77906
259.68666666666667	0.5	X	25	77906
259.8233333333333	0.5	nontarget	29	77947
259.8233333333333	0.5	O	16	77947
259.95666666666665	0.5	nontarget	29	77987
259.95666666666665	0.5	J	11	77987
260.0933333333333	0.5	nontarget	29	78028
260.0933333333333	0.5	M	14	78028
260.23	0.5	nontarget	29	78069
260.23	0.5	_	28	78069
260.36333333333334	0.5	nontarget	29	78109
260.36333333333334	0.5	P	17	78109
260.49666666666667	0.5	nontarget	29	78149
260.49666666666667	0.5	Z	27	78149
260.6333333333333	0.5	nontarget	29	78190
260.6333333333333	0.5	S	20	78190
260.76666666666665	0.5	nontarget	29	78230
260.76666666666665	0.5	E	6	78230
260.9033333333333	0.5	nontarget	29	78271
260.9033333333333	0.5	L	13	78271
261.04	0.5	nontarget	29	78312
261.04	0.5	B	3	78312
261.17333333333335	0.5	nontarget	29	78352
261.17333333333335	0.5	V	23	78352
261.31	0.5	nontarget	29	78393
261.31	0.5	<	1	78393
261.44666666666666	0.5	nontarget	29	78434
261.44666666666666	0.5	R	19	78434
261.58	0.5	nontarget	29	78474
261.58	0.5	W	24	78474
261.7366666666667	0.5	nontarget	29	78521
261.7366666666667	0.5	A	2	78521
261.87333333333333	0.5	nontarget	29	78562
261.87333333333333	0.5	Y	26	78562
262.01	0.5	nontarget	29	78603
262.01	0.5	U	22	78603
262.14666666666665	0.5	nontarget	29	78644
262.14666666666665	0.5	H	9	78644
262.28	0.5	nontarget	29	78684
262.28	0.5	Q	18	78684
262.4166666666667	0.5	nontarget	29	78725
262.4166666666667	0.5	N	15	78725
262.55	0.5	nontarget	29	78765
262.55	0.5	C	4	78765
262.68666666666667	0.5	nontarget	29	78806
262.68666666666667	0.5	G	8	78806
262.8233333333333	0.5	nontarget	29	78847
262.8233333333333	0.5	K	12	78847
262.95666666666665	0.5	nontarget	29	78887
262.95666666666665	0.5	T	21	78887
263.0933333333333	0.5	target	30	78928
263.0933333333333	0.5	D	5	78928
263.2266666666667	0.5	nontarget	29	78968
263.2266666666667	0.5	F	7	78968
263.36333333333334	0.5	nontarget	29	79009
263.36333333333334	0.5	I	10	79009
269.18333333333334	0.5	nontarget	29	80755
269.18333333333334	0.5	D	5	80755
269.32	0.5	nontarget	29	80796
269.32	0.5	U	22	80796
269.4533333333333	0.5	nontarget	29	80836
269.4533333333333	0.5	O	16	80836
269.59	0.5	nontarget	29	80877
269.59	0.5	A	2	80877
269.73	0.5	nontarget	29	80919
269.73	0.5	Y	26	80919
269.86333333333334	0.5	nontarget	29	80959
269.86333333333334	0.5	_	28	80959
270.0	0.5	nontarget	29	81000
270.0	0.5	V	23	81000
270.1333333333333	0.5	nontarget	29	81040
270.1333333333333	0.5	C	4	81040
270.27	0.5	target	30	81081
270.27	0.5	Z	27	81081
270.4066666666667	0.5	nontarget	29	81122
270.4066666666667	0.5	G	8	81122
270.54333333333335	0.5	nontarget	29	81163
270.54333333333335	0.5	K	12	81163
270.68	0.5	nontarget	29	81204
270.68	0.5	X	25	81204
270.81666666666666	0.5	nontarget	29	81245
270.81666666666666	0.5	P	17	81245
270.95	0.5	nontarget	29	81285
270.95	0.5	B	3	81285
271.08666666666664	0.5	nontarget	29	81326
271.08666666666664	0.5	<	1	81326
271.22333333333336	0.5	nontarget	29	81367
271.22333333333336	0.5	M	14	81367
271.36	0.5	nontarget	29	81408
271.36	0.5	N	15	81408
271.49666666666667	0.5	nontarget	29	81449
271.49666666666667	0.5	T	21	81449
271.63	0.5	nontarget	29	81489
271.63	0.5	I	10	81489
271.7733333333333	0.5	nontarget	29	81532
271.7733333333333	0.5	S	20	81532
271.9066666666667	0.5	nontarget	29	81572
271.9066666666667	0.5	R	19	81572
272.04333333333335	0.5	nontarget	29	81613
272.04333333333335	0.5	J	11	81613
272.18	0.5	nontarget	29	81654
272.18	0.5	E	6	81654
272.31666666666666	0.5	nontarget	29	81695
272.31666666666666	0.5	Q	18	81695
272.4533333333333	0.5	nontarget	29	81736
272.4533333333333	0.5	H	9	81736
272.58666666666664	0.5	nontarget	29	81776
272.58666666666664	0.5	L	13	81776
272.72333333333336	0.5	nontarget	29	81817
272.72333333333336	0.5	W	24	81817
272.86	0.5	nontarget	29	81858
272.86	0.5	F	7	81858
278.68	0.5	nontarget	29	83604
278.68	0.5	<	1	83604
278.81333333333333	0.5	nontarget	29	83644
278.81333333333333	0.5	Q	18	83644
278.95	0.5	nontarget	29	83685
278.95	0.5	I	10	83685
279.0833333333333	0.5	nontarget	29	83725
279.0833333333333	0.5	_	28	83725
279.22	0.5	nontarget	29	83766
279.22	0.5	U	22	83766
279.3566666666667	0.5	nontarget	29	83807
279.3566666666667	0.5	Z	27	83807
279.49	0.5	nontarget	29	83847
279.49	0.5	D	5	83847
279.62666666666667	0.5	nontarget	29	83888
279.62666666666667	0.5	M	14	83888
279.7633333333333	0.5	nontarget	29	83929
279.7633333333333	0.5	T	21	83929
279.9033333333333	0.5	nontarget	29	83971
279.9033333333333	0.5	K	12	83971
280.04	0.5	nontarget	29	84012
280.04	0.5	V	23	84012
280.17333333333335	0.5	nontarget	29	84052
280.17333333333335	0.5	C	4	84052
280.31	0.5	nontarget	29	84093
280.31	0.5	G	8	84093
280.4633333333333	0.5	nontarget	29	84139
280.4633333333333	0.5	X	25	84139
280.6	0.5	nontarget	29	84180
280.6	0.5	J	11	84180
280.7366666666667	0.5	nontarget	29	84221
280.7366666666667	0.5	S	20	84221
280.87	0.5	nontarget	29	84261
280.87	0.5	F	7	84261
281.00666666666666	0.5	nontarget	29	84302
281.00666666666666	0.5	A	2	84302
281.1433333333333	0.5	nontarget	29	84343
281.1433333333333	0.5	E	6	84343
281.28	0.5	nontarget	29	84384
281.28	0.5	P	17	84384
281.4166666666667	0.5	nontarget	29	84425
281.4166666666667	0.5	L	13	84425
281.55333333333334	0.5	nontarget	29	84466
281.55333333333334	0.5	H	9	84466
281.69	0.5	nontarget	29	84507
281.69	0.5	Y	26	84507
281.83	0.5	target	30	84549
281.83	0.5	W	24	84549
281.96666666666664	0.5	nontarget	29	84590
281.96666666666664	0.5	N	15	84590
282.10333333333335	0.5	nontarget	29	84631
282.10333333333335	0.5	B	3	84631
282.24	0.5	nontarget	29	84672
282.24	0.5	O	16	84672
282.37333333333333	0.5	nontarget	29	84712
282.37333333333333	0.5	R	19	84712
288.19666666666666	0.5	nontarget	29	86459
288.19666666666666	0.5	T	21	86459
288.3333333333333	0.5	nontarget	29	86500
288.3333333333333	0.5	N	15	86500
288.47	0.5	nontarget	29	86541
288.47	0.5	I	10	86541
288.60333333333335	0.5	nontarget	29	86581
288.60333333333335	0.5	G	8	86581
288.74	0.5	nontarget	29	86622
288.74	0.5	O	16	86622
288.87666666666667	0.5	nontarget	29	86663
288.87666666666667	0.5	L	13	86663
289.0133333333333	0.5	nontarget	29	86704
289.0133333333333	0.5	A	2	86704
289.15	0.5	nontarget	29	86745
289.15	0.5	Z	27	86745
289.28333333333336	0.5	nontarget	29	86785
289.28333333333336	0.5	S	20	86785
289.42	0.5	nontarget	29	86826
289.42	0.5	Y	26	86826
289.5566666666667	0.5	nontarget	29	86867
289.5566666666667	0.5	M	14	86867
289.6933333333333	0.5	nontarget	29	86908
289.6933333333333	0.5	H	9	86908
289.83	0.5	nontarget	29	86949
289.83	0.5	D	5	86949
289.9633333333333	0.5	target	30	86989
289.9633333333333	0.5	Q	18	86989
290.1	0.5	nontarget	29	87030
290.1	0.5	E	6	87030
290.2366666666667	0.5	nontarget	29	87071
290.2366666666667	0.5	X	25	87071
290.37	0.5	nontarget	29	87111
290.37	0.5	C	4	87111
290.51	0.5	nontarget	29	87153
290.51	0.5	V	23	87153
290.64666666666665	0.5	nontarget	29	87194
290.64666666666665	0.5	F	7	87194
290.78333333333336	0.5	nontarget	29	87235
290.78333333333336	0.5	J	11	87235
290.9166666666667	0.5	nontarget	29	87275
290.9166666666667	0.5	<	1	87275
291.05333333333334	0.5	nontarget	29	87316
291.05333333333334	0.5	P	17	87316
291.19	0.5	nontarget	29	87357
291.19	0.5	R	19	87357
291.33	0.5	nontarget	29	87399
291.33	0.5	_	28	87399
291.4633333333333	0.5	nontarget	29	87439
291.4633333333333	0.5	W	24	87439
291.6	0.5	nontarget	29	87480
291.6	0.5	B	3	87480
291.7366666666667	0.5	nontarget	29	87521
291.7366666666667	0.5	K	12	87521
291.87666666666667	0.5	nontarget	29	87563
291.87666666666667	0.5	U	22	87563
297.69666666666666	0.5	nontarget	29	89309
297.69666666666666	0.5	<	1	89309
297.8333333333333	0.5	nontarget	29	89350
297.8333333333333	0.5	V	23	89350
297.97	0.5	nontarget	29	89391
297.97	0.5	C	4	89391
298.10333333333335	0.5	nontarget	29	89431
298.10333333333335	0.5	T	21	89431
298.24	0.5	nontarget	29	89472
298.24	0.5	M	14	89472
298.37666666666667	0.5	nontarget	29	89513
298.37666666666667	0.5	Q	18	89513
298.5133333333333	0.5	nontarget	29	89554
298.5133333333333	0.5	_	28	89554
298.65	0.5	nontarget	29	89595
298.65	0.5	F	7	89595
298.7866666666667	0.5	nontarget	29	89636
298.7866666666667	0.5	W	24	89636
298.92	0.5	nontarget	29	89676
298.92	0.5	Y	26	89676
299.0566666666667	0.5	nontarget	29	89717
299.0566666666667	0.5	K	12	89717
299.1933333333333	0.5	nontarget	29	89758
299.1933333333333	0.5	A	2	89758
299.33	0.5	nontarget	29	89799
299.33	0.5	E	6	89799
299.46666666666664	0.5	nontarget	29	89840
299.46666666666664	0.5	R	19	89840
299.60333333333335	0.5	nontarget	29	89881
299.60333333333335	0.5	X	25	89881
299.74	0.5	nontarget	29	89922
299.74	0.5	P	17	89922
299.87666666666667	0.5	nontarget	29	89963
299.87666666666667	0.5	U	22	89963
300.0133333333333	0.5	nontarget	29	90004
300.0133333333333	0.5	D	5	90004
300.15	0.5	nontarget	29	90045
300.15	0.5	Z	27	90045
300.2866666666667	0.5	nontarget	29	90086
300.2866666666667	0.5	B	3	90086
300.42333333333335	0.5	nontarget	29	90127
300.42333333333335	0.5	S	20	90127
300.56	0.5	nontarget	29	90168
300.56	0.5	L	13	90168
300.69666666666666	0.5	target	30	90209
300.69666666666666	0.5	I	10	90209
300.8333333333333	0.5	nontarget	29	90250
300.8333333333333	0.5	H	9	90250
300.96666666666664	0.5	nontarget	29	90290
300.96666666666664	0.5	J	11	90290
301.10333333333335	0.5	nontarget	29	90331
301.10333333333335	0.5	G	8	90331
301.24	0.5	nontarget	29	90372
301.24	0.5	N	15	90372
301.37666666666667	0.5	nontarget	29	90413
301.37666666666667	0.5	O	16	90413
307.19666666666666	0.5	nontarget	29	92159
307.19666666666666	0.5	K	12	92159
307.3333333333333	0.5	nontarget	29	92200
307.3333333333333	0.5	D	5	92200
307.47	0.5	nontarget	29	92241
307.47	0.5	P	17	92241
307.60333333333335	0.5	nontarget	29	92281
307.60333333333335	0.5	A	2	92281
307.74333333333334	0.5	nontarget	29	92323
307.74333333333334	0.5	_	28	92323
307.88	0.5	nontarget	29	92364
307.88	0.5	B	3	92364
308.01666666666665	0.5	nontarget	29	92405
308.01666666666665	0.5	Q	18	92405
308.1533333333333	0.5	nontarget	29	92446
308.1533333333333	0.5	G	8	92446
308.2866666666667	0.5	nontarget	29	92486
308.2866666666667	0.5	F	7	92486
308.4266666666667	0.5	nontarget	29	92528
308.4266666666667	0.5	S	20	92528
308.56	0.5	nontarget	29	92568
308.56	0.5	N	15	92568
308.69666666666666	0.5	nontarget	29	92609
308.69666666666666	0.5	Y	26	92609
308.8333333333333	0.5	nontarget	29	92650
308.8333333333333	0.5	E	6	92650
308.96666666666664	0.5	nontarget	29	92690
308.96666666666664	0.5	U	22	92690
309.10333333333335	0.5	nontarget	29	92731
309.10333333333335	0.5	X	25	92731
309.24	0.5	nontarget	29	92772
309.24	0.5	V	23	92772
309.37666666666667	0.5	target	30	92813
309.37666666666667	0.5	I	10	92813
309.5133333333333	0.5	nontarget	29	92854
309.5133333333333	0.5	M	14	92854
309.65	0.5	nontarget	29	92895
309.65	0.5	J	11	92895
309.7866666666667	0.5	nontarget	29	92936
309.7866666666667	0.5	T	21	92936
309.92333333333335	0.5	nontarget	29	92977
309.92333333333335	0.5	H	9	92977
310.06	0.5	nontarget	29	93018
310.06	0.5	W	24	93018
310.1933333333333	0.5	nontarget	29	93058
310.1933333333333	0.5	L	13	93058
310.33	0.5	nontarget	29	93099
310.33	0.5	C	4	93099
310.46666666666664	0.5	nontarget	29	93140
310.46666666666664	0.5	<	1	93140
310.6066666666667	0.5	nontarget	29	93182
310.6066666666667	0.5	R	19	93182
310.74333333333334	0.5	nontarget	29	93223
310.74333333333334	0.5	Z	27	93223
310.88	0.5	nontarget	29	93264
310.88	0.5	O	16	93264
316.7033333333333	0.5	nontarget	29	95011
316.7033333333333	0.5	G	8	95011
316.84	0.5	nontarget	29	95052
316.84	0.5	B	3	95052
316.9766666666667	0.5	nontarget	29	95093
316.9766666666667	0.5	C	4	95093
317.11333333333334	0.5	nontarget	29	95134
317.11333333333334	0.5	<	1	95134
317.24666666666667	0.5	target	30	95174
317.24666666666667	0.5	K	12	95174
317.3833333333333	0.5	nontarget	29	95215
317.3833333333333	0.5	N	15	95215
317.52	0.5	nontarget	29	95256
317.52	0.5	X	25	95256
317.6566666666667	0.5	nontarget	29	95297
317.6566666666667	0.5	_	28	95297
317.79	0.5	nontarget	29	95337
317.79	0.5	I	10	95337
317.9266666666667	0.5	nontarget	29	95378
317.9266666666667	0.5	M	14	95378
318.06666666666666	0.5	nontarget	29	95420
318.06666666666666	0.5	Z	27	95420
318.2033333333333	0.5	nontarget	29	95461
318.2033333333333	0.5	Q	18	95461
318.33666666666664	0.5	nontarget	29	95501
318.33666666666664	0.5	F	7	95501
318.47333333333336	0.5	nontarget	29	95542
318.47333333333336	0.5	W	24	95542
318.61	0.5	nontarget	29	95583
318.61	0.5	A	2	95583
318.74666666666667	0.5	nontarget	29	95624
318.74666666666667	0.5	H	9	95624
318.88666666666666	0.5	nontarget	29	95666
318.88666666666666	0.5	S	20	95666
319.02	0.5	nontarget	29	95706
319.02	0.5	E	6	95706
319.1566666666667	0.5	nontarget	29	95747
319.1566666666667	0.5	J	11	95747
319.29333333333335	0.5	nontarget	29	95788
319.29333333333335	0.5	U	22	95788
319.43	0.5	nontarget	29	95829
319.43	0.5	P	17	95829
319.56666666666666	0.5	nontarget	29	95870
319.56666666666666	0.5	R	19	95870
319.7033333333333	0.5	nontarget	29	95911
319.7033333333333	0.5	V	23	95911
319.84	0.5	nontarget	29	95952
319.84	0.5	T	21	95952
319.9766666666667	0.5	nontarget	29	95993
319.9766666666667	0.5	O	16	95993
320.11333333333334	0.5	nontarget	29	96034
320.11333333333334	0.5	L	13	96034
320.25	0.5	nontarget	29	96075
320.25	0.5	D	5	96075
320.38666666666666	0.5	nontarget	29	96116
320.38666666666666	0.5	Y	26	96116
326.21	0.5	nontarget	29	97863
326.21	0.5	Z	27	97863
326.3466666666667	0.5	nontarget	29	97904
326.3466666666667	0.5	M	14	97904
326.48	0.5	nontarget	29	97944
326.48	0.5	X	25	97944
326.6166666666667	0.5	nontarget	29	97985
326.6166666666667	0.5	J	11	97985
326.75333333333333	0.5	nontarget	29	98026
326.75333333333333	0.5	E	6	98026
326.88666666666666	0.5	nontarget	29	98066
326.88666666666666	0.5	V	23	98066
327.0233333333333	0.5	nontarget	29	98107
327.0233333333333	0.5	S	20	98107
327.1566666666667	0.5	nontarget	29	98147
327.1566666666667	0.5	P	17	98147
327.29333333333335	0.5	nontarget	29	98188
327.29333333333335	0.5	U	22	98188
327.4266666666667	0.5	nontarget	29	98228
327.4266666666667	0.5	L	13	98228
327.56333333333333	0.5	nontarget	29	98269
327.56333333333333	0.5	R	19	98269
327.7	0.5	nontarget	29	98310
327.7	0.5	I	10	98310
327.83666666666664	0.5	nontarget	29	98351
327.83666666666664	0.5	Q	18	98351
327.97333333333336	0.5	nontarget	29	98392
327.97333333333336	0.5	O	16	98392
328.11	0.5	nontarget	29	98433
328.11	0.5	K	12	98433
328.24666666666667	0.5	nontarget	29	98474
328.24666666666667	0.5	W	24	98474
328.38	0.5	nontarget	29	98514
328.38	0.5	H	9	98514
328.51666666666665	0.5	nontarget	29	98555
328.51666666666665	0.5	_	28	98555
328.6533333333333	0.5	nontarget	29	98596
328.6533333333333	0.5	<	1	98596
328.79	0.5	nontarget	29	98637
328.79	0.5	B	3	98637
328.9266666666667	0.5	nontarget	29	98678
328.9266666666667	0.5	D	5	98678
329.06333333333333	0.5	nontarget	29	98719
329.06333333333333	0.5	Y	26	98719
329.2	0.5	nontarget	29	98760
329.2	0.5	G	8	98760
329.33666666666664	0.5	nontarget	29	98801
329.33666666666664	0.5	A	2	98801
329.47333333333336	0.5	target	30	98842
329.47333333333336	0.5	F	7	98842
329.6066666666667	0.5	nontarget	29	98882
329.6066666666667	0.5	T	21	98882
329.74666666666667	0.5	nontarget	29	98924
329.74666666666667	0.5	N	15	98924
329.8833333333333	0.5	nontarget	29	98965
329.8833333333333	0.5	C	4	98965
335.70666666666665	0.5	nontarget	29	100712
335.70666666666665	0.5	S	20	100712
335.8433333333333	0.5	nontarget	29	100753
335.8433333333333	0.5	O	16	100753
335.98	0.5	nontarget	29	100794
335.98	0.5	F	7	100794
336.1166666666667	0.5	nontarget	29	100835
336.1166666666667	0.5	_	28	100835
336.25333333333333	0.5	nontarget	29	100876
336.25333333333333	0.5	Y	26	100876
336.38666666666666	0.5	nontarget	29	100916
336.38666666666666	0.5	G	8	100916
336.5233333333333	0.5	nontarget	29	100957
336.5233333333333	0.5	X	25	100957
336.66	0.5	nontarget	29	100998
336.66	0.5	Q	18	100998
336.7966666666667	0.5	nontarget	29	101039
336.7966666666667	0.5	R	19	101039
336.99333333333334	0.5	nontarget	29	101098
336.99333333333334	0.5	V	23	101098
337.13	0.5	nontarget	29	101139
337.13	0.5	W	24	101139
337.26666666666665	0.5	nontarget	29	101180
337.26666666666665	0.5	P	17	101180
337.4	0.5	nontarget	29	101220
337.4	0.5	T	21	101220
337.5366666666667	0.5	nontarget	29	101261
337.5366666666667	0.5	K	12	101261
337.67333333333335	0.5	nontarget	29	101302
337.67333333333335	0.5	I	10	101302
337.81	0.5	nontarget	29	101343
337.81	0.5	B	3	101343
337.94666666666666	0.5	target	30	101384
337.94666666666666	0.5	C	4	101384
338.0833333333333	0.5	nontarget	29	101425
338.0833333333333	0.5	Z	27	101425
338.22	0.5	nontarget	29	101466
338.22	0.5	J	11	101466
338.3566666666667	0.5	nontarget	29	101507
338.3566666666667	0.5	U	22	101507
338.49333333333334	0.5	nontarget	29	101548
338.49333333333334	0.5	M	14	101548
338.62666666666667	0.5	nontarget	29	101588
338.62666666666667	0.5	D	5	101588
338.76666666666665	0.5	nontarget	29	101630
338.76666666666665	0.5	N	15	101630
338.9033333333333	0.5	nontarget	29	101671
338.9033333333333	0.5	H	9	101671
339.04	0.5	nontarget	29	101712
339.04	0.5	<	1	101712
339.17333333333335	0.5	nontarget	29	101752
339.17333333333335	0.5	L	13	101752
339.31	0.5	nontarget	29	101793
339.31	0.5	E	6	101793
339.44666666666666	0.5	nontarget	29	101834
339.44666666666666	0.5	A	2	101834
345.26666666666665	0.5	nontarget	29	103580
345.26666666666665	0.5	L	13	103580
345.4033333333333	0.5	nontarget	29	103621
345.4033333333333	0.5	E	6	103621
345.54	0.5	nontarget	29	103662
345.54	0.5	A	2	103662
345.67333333333335	0.5	nontarget	29	103702
345.67333333333335	0.5	W	24	103702
345.81333333333333	0.5	nontarget	29	103744
345.81333333333333	0.5	M	14	103744
345.95	0.5	nontarget	29	103785
345.95	0.5	R	19	103785
346.08666666666664	0.5	nontarget	29	103826
346.08666666666664	0.5	S	20	103826
346.22333333333336	0.5	nontarget	29	103867
346.22333333333336	0.5	Y	26	103867
346.3566666666667	0.5	nontarget	29	103907
346.3566666666667	0.5	C	4	103907
346.49333333333334	0.5	nontarget	29	103948
346.49333333333334	0.5	_	28	103948
346.62666666666667	0.5	nontarget	29	103988
346.62666666666667	0.5	J	11	103988
346.7633333333333	0.5	target	30	104029
346.7633333333333	0.5	N	15	104029
346.9	0.5	nontarget	29	104070
346.9	0.5	Q	18	104070
347.03333333333336	0.5	nontarget	29	104110
347.03333333333336	0.5	P	17	104110
347.17	0.5	nontarget	29	104151
347.17	0.5	Z	27	104151
347.3066666666667	0.5	nontarget	29	104192
347.3066666666667	0.5	V	23	104192
347.44	0.5	nontarget	29	104232
347.44	0.5	T	21	104232
347.57666666666665	0.5	nontarget	29	104273
347.57666666666665	0.5	<	1	104273
347.7133333333333	0.5	nontarget	29	104314
347.7133333333333	0.5	O	16	104314
347.85	0.5	nontarget	29	104355
347.85	0.5	D	5	104355
347.9866666666667	0.5	nontarget	29	104396
347.9866666666667	0.5	X	25	104396
348.12333333333333	0.5	nontarget	29	104437
348.12333333333333	0.5	I	10	104437
348.26	0.5	nontarget	29	104478
348.26	0.5	H	9	104478
348.39666666666665	0.5	nontarget	29	104519
348.39666666666665	0.5	K	12	104519
348.53333333333336	0.5	nontarget	29	104560
348.53333333333336	0.5	U	22	104560
348.6666666666667	0.5	nontarget	29	104600
348.6666666666667	0.5	B	3	104600
348.80333333333334	0.5	nontarget	29	104641
348.80333333333334	0.5	F	7	104641
348.93666666666667	0.5	nontarget	29	104681
348.93666666666667	0.5	G	8	104681
354.76	0.5	nontarget	29	106428
354.76	0.5	R	19	106428
354.8933333333333	0.5	nontarget	29	106468
354.8933333333333	0.5	X	25	106468
355.03	0.5	nontarget	29	106509
355.03	0.5	Q	18	106509
355.1666666666667	0.5	nontarget	29	106550
355.1666666666667	0.5	S	20	106550
355.30333333333334	0.5	nontarget	29	106591
355.30333333333334	0.5	C	4	106591
355.44	0.5	nontarget	29	106632
355.44	0.5	H	9	106632
355.5733333333333	0.5	nontarget	29	106672
355.5733333333333	0.5	Y	26	106672
355.71	0.5	nontarget	29	106713
355.71	0.5	O	16	106713
355.8466666666667	0.5	nontarget	29	106754
355.8466666666667	0.5	L	13	106754
355.98333333333335	0.5	nontarget	29	106795
355.98333333333335	0.5	G	8	106795
356.12	0.5	nontarget	29	106836
356.12	0.5	<	1	106836
356.25666666666666	0.5	nontarget	29	106877
356.25666666666666	0.5	I	10	106877
356.39	0.5	nontarget	29	106917
356.39	0.5	U	22	106917
356.52666666666664	0.5	nontarget	29	106958
356.52666666666664	0.5	V	23	106958
356.66333333333336	0.5	nontarget	29	106999
356.66333333333336	0.5	E	6	106999
356.8	0.5	nontarget	29	107040
356.8	0.5	K	12	107040
356.93333333333334	0.5	nontarget	29	107080
356.93333333333334	0.5	D	5	107080
357.07	0.5	nontarget	29	107121
357.07	0.5	A	2	107121
357.20666666666665	0.5	nontarget	29	107162
357.20666666666665	0.5	P	17	107162
357.34	0.5	nontarget	29	107202
357.34	0.5	W	24	107202
357.4766666666667	0.5	nontarget	29	107243
357.4766666666667	0.5	F	7	107243
357.61333333333334	0.5	nontarget	29	107284
357.61333333333334	0.5	J	11	107284
357.75	0.5	nontarget	29	107325
357.75	0.5	M	14	107325
357.88666666666666	0.5	nontarget	29	107366
357.88666666666666	0.5	_	28	107366
358.0233333333333	0.5	nontarget	29	107407
358.0233333333333	0.5	Z	27	107407
358.16	0.5	nontarget	29	107448
358.16	0.5	T	21	107448
358.29333333333335	0.5	nontarget	29	107488
358.29333333333335	0.5	N	15	107488
358.43	0.5	target	30	107529
358.43	0.5	B	3	107529
364.25666666666666	0.5	nontarget	29	109277
364.25666666666666	0.5	G	8	109277
364.3933333333333	0.5	nontarget	29	109318
364.3933333333333	0.5	P	17	109318
364.53	0.5	nontarget	29	109359
364.53	0.5	Y	26	109359
364.6666666666667	0.5	target	30	109400
364.6666666666667	0.5	S	20	109400
364.80333333333334	0.5	nontarget	29	109441
364.80333333333334	0.5	N	15	109441
364.93666666666667	0.5	nontarget	29	109481
364.93666666666667	0.5	X	25	109481
365.0733333333333	0.5	nontarget	29	109522
365.0733333333333	0.5	<	1	109522
365.21	0.5	nontarget	29	109563
365.21	0.5	W	24	109563
365.3466666666667	0.5	nontarget	29	109604
365.3466666666667	0.5	T	21	109604
365.48333333333335	0.5	nontarget	29	109645
365.48333333333335	0.5	O	16	109645
365.6166666666667	0.5	nontarget	29	109685
365.6166666666667	0.5	R	19	109685
365.75333333333333	0.5	nontarget	29	109726
365.75333333333333	0.5	J	11	109726
365.89	0.5	nontarget	29	109767
365.89	0.5	Z	27	109767
366.02666666666664	0.5	nontarget	29	109808
366.02666666666664	0.5	V	23	109808
366.16333333333336	0.5	nontarget	29	109849
366.16333333333336	0.5	D	5	109849
366.3	0.5	nontarget	29	109890
366.3	0.5	I	10	109890
366.43666666666667	0.5	nontarget	29	109931
366.43666666666667	0.5	K	12	109931
366.5733333333333	0.5	nontarget	29	109972
366.5733333333333	0.5	L	13	109972
366.71	0.5	nontarget	29	110013
366.71	0.5	E	6	110013
366.8466666666667	0.5	nontarget	29	110054
366.8466666666667	0.5	_	28	110054
366.98333333333335	0.5	nontarget	29	110095
366.98333333333335	0.5	U	22	110095
367.12	0.5	nontarget	29	110136
367.12	0.5	H	9	110136
367.25333333333333	0.5	nontarget	29	110176
367.25333333333333	0.5	A	2	110176
367.39	0.5	nontarget	29	110217
367.39	0.5	M	14	110217
367.5233333333333	0.5	nontarget	29	110257
367.5233333333333	0.5	B	3	110257
367.66	0.5	nontarget	29	110298
367.66	0.5	C	4	110298
367.7966666666667	0.5	nontarget	29	110339
367.7966666666667	0.5	Q	18	110339
367.93333333333334	0.5	nontarget	29	110380
367.93333333333334	0.5	F	7	110380
373.75333333333333	0.5	nontarget	29	112126
373.75333333333333	0.5	U	22	112126
373.88666666666666	0.5	nontarget	29	112166
373.88666666666666	0.5	E	6	112166
374.0233333333333	0.5	nontarget	29	112207
374.0233333333333	0.5	B	3	112207
374.16	0.5	nontarget	29	112248
374.16	0.5	N	15	112248
374.2966666666667	0.5	nontarget	29	112289
374.2966666666667	0.5	Z	27	112289
374.43333333333334	0.5	nontarget	29	112330
374.43333333333334	0.5	M	14	112330
374.56666666666666	0.5	nontarget	29	112370
374.56666666666666	0.5	J	11	112370
374.70666666666665	0.5	nontarget	29	112412
374.70666666666665	0.5	O	16	112412
374.8433333333333	0.5	nontarget	29	112453
374.8433333333333	0.5	R	19	112453
374.9766666666667	0.5	nontarget	29	112493
374.9766666666667	0.5	D	5	112493
375.11333333333334	0.5	nontarget	29	112534
375.11333333333334	0.5	Y	26	112534
375.25	0.5	nontarget	29	112575
375.25	0.5	X	25	112575
375.3833333333333	0.5	target	30	112615
375.3833333333333	0.5	S	20	112615
375.52	0.5	nontarget	29	112656
375.52	0.5	G	8	112656
375.6533333333333	0.5	nontarget	29	112696
375.6533333333333	0.5	<	1	112696
375.79	0.5	nontarget	29	112737
375.79	0.5	K	12	112737
375.9266666666667	0.5	nontarget	29	112778
375.9266666666667	0.5	I	10	112778
376.06333333333333	0.5	nontarget	29	112819
376.06333333333333	0.5	F	7	112819
376.2	0.5	nontarget	29	112860
376.2	0.5	Q	18	112860
376.33666666666664	0.5	nontarget	29	112901
376.33666666666664	0.5	P	17	112901
376.47333333333336	0.5	nontarget	29	112942
376.47333333333336	0.5	A	2	112942
376.61	0.5	nontarget	29	112983
376.61	0.5	H	9	112983
376.74666666666667	0.5	nontarget	29	113024
376.74666666666667	0.5	W	24	113024
376.8833333333333	0.5	nontarget	29	113065
376.8833333333333	0.5	T	21	113065
377.02	0.5	nontarget	29	113106
377.02	0.5	L	13	113106
377.1533333333333	0.5	nontarget	29	113146
377.1533333333333	0.5	C	4	113146
377.29333333333335	0.5	nontarget	29	113188
377.29333333333335	0.5	V	23	113188
377.4266666666667	0.5	nontarget	29	113228
377.4266666666667	0.5	_	28	113228
383.24666666666667	0.5	nontarget	29	114974
383.24666666666667	0.5	C	4	114974
383.3833333333333	0.5	nontarget	29	115015
383.3833333333333	0.5	X	25	115015
383.52	0.5	nontarget	29	115056
383.52	0.5	A	2	115056
383.6566666666667	0.5	nontarget	29	115097
383.6566666666667	0.5	L	13	115097
383.79	0.5	nontarget	29	115137
383.79	0.5	E	6	115137
383.9266666666667	0.5	target	30	115178
383.9266666666667	0.5	F	7	115178
384.06333333333333	0.5	nontarget	29	115219
384.06333333333333	0.5	V	23	115219
384.2	0.5	nontarget	29	115260
384.2	0.5	B	3	115260
384.3333333333333	0.5	nontarget	29	115300
384.3333333333333	0.5	H	9	115300
384.47	0.5	nontarget	29	115341
384.47	0.5	G	8	115341
384.6066666666667	0.5	nontarget	29	115382
384.6066666666667	0.5	Z	27	115382
384.74333333333334	0.5	nontarget	29	115423
384.74333333333334	0.5	M	14	115423
384.88	0.5	nontarget	29	115464
384.88	0.5	D	5	115464
385.01666666666665	0.5	nontarget	29	115505
385.01666666666665	0.5	T	21	115505
385.1533333333333	0.5	nontarget	29	115546
385.1533333333333	0.5	Q	18	115546
385.2866666666667	0.5	nontarget	29	115586
385.2866666666667	0.5	N	15	115586
385.42333333333335	0.5	nontarget	29	115627
385.42333333333335	0.5	J	11	115627
385.5566666666667	0.5	nontarget	29	115667
385.5566666666667	0.5	_	28	115667
385.6933333333333	0.5	nontarget	29	115708
385.6933333333333	0.5	K	12	115708
385.83	0.5	nontarget	29	115749
385.83	0.5	O	16	115749
385.96666666666664	0.5	nontarget	29	115790
385.96666666666664	0.5	<	1	115790
386.10333333333335	0.5	nontarget	29	115831
386.10333333333335	0.5	Y	26	115831
386.24	0.5	nontarget	29	115872
386.24	0.5	P	17	115872
386.37333333333333	0.5	nontarget	29	115912
386.37333333333333	0.5	U	22	115912
386.51	0.5	nontarget	29	115953
386.51	0.5	R	19	115953
386.64666666666665	0.5	nontarget	29	115994
386.64666666666665	0.5	I	10	115994
386.78333333333336	0.5	nontarget	29	116035
386.78333333333336	0.5	S	20	116035
386.92	0.5	nontarget	29	116076
386.92	0.5	W	24	116076
392.74	0.5	nontarget	29	117822
392.74	0.5	X	25	117822
392.87666666666667	0.5	nontarget	29	117863
392.87666666666667	0.5	O	16	117863
393.0133333333333	0.5	nontarget	29	117904
393.0133333333333	0.5	G	8	117904
393.14666666666665	0.5	nontarget	29	117944
393.14666666666665	0.5	W	24	117944
393.28333333333336	0.5	nontarget	29	117985
393.28333333333336	0.5	A	2	117985
393.42	0.5	nontarget	29	118026
393.42	0.5	C	4	118026
393.5566666666667	0.5	nontarget	29	118067
393.5566666666667	0.5	Z	27	118067
393.6933333333333	0.5	nontarget	29	118108
393.6933333333333	0.5	F	7	118108
393.83	0.5	nontarget	29	118149
393.83	0.5	<	1	118149
393.9633333333333	0.5	nontarget	29	118189
393.9633333333333	0.5	I	10	118189
394.1	0.5	nontarget	29	118230
394.1	0.5	M	14	118230
394.2366666666667	0.5	nontarget	29	118271
394.2366666666667	0.5	R	19	118271
394.37333333333333	0.5	nontarget	29	118312
394.37333333333333	0.5	_	28	118312
394.50666666666666	0.5	nontarget	29	118352
394.50666666666666	0.5	P	17	118352
394.6433333333333	0.5	target	30	118393
394.6433333333333	0.5	L	13	118393
394.78	0.5	nontarget	29	118434
394.78	0.5	S	20	118434
394.9166666666667	0.5	nontarget	29	118475
394.9166666666667	0.5	E	6	118475
395.05333333333334	0.5	nontarget	29	118516
395.05333333333334	0.5	H	9	118516
395.18666666666667	0.5	nontarget	29	118556
395.18666666666667	0.5	J	11	118556
395.3233333333333	0.5	nontarget	29	118597
395.3233333333333	0.5	D	5	118597
395.45666666666665	0.5	nontarget	29	118637
395.45666666666665	0.5	K	12	118637
395.5933333333333	0.5	nontarget	29	118678
395.5933333333333	0.5	U	22	118678
395.73333333333335	0.5	nontarget	29	118720
395.73333333333335	0.5	Q	18	118720
395.8666666666667	0.5	nontarget	29	118760
395.8666666666667	0.5	T	21	118760
396.00666666666666	0.5	nontarget	29	118802
396.00666666666666	0.5	Y	26	118802
396.14	0.5	nontarget	29	118842
396.14	0.5	N	15	118842
396.27666666666664	0.5	nontarget	29	118883
396.27666666666664	0.5	V	23	118883
396.41	0.5	nontarget	29	118923
396.41	0.5	B	3	118923
402.2366666666667	0.5	nontarget	29	120671
402.2366666666667	0.5	U	22	120671
402.37333333333333	0.5	nontarget	29	120712
402.37333333333333	0.5	H	9	120712
402.51	0.5	nontarget	29	120753
402.51	0.5	T	21	120753
402.64666666666665	0.5	nontarget	29	120794
402.64666666666665	0.5	B	3	120794
402.78333333333336	0.5	nontarget	29	120835
402.78333333333336	0.5	_	28	120835
402.92	0.5	nontarget	29	120876
402.92	0.5	<	1	120876
403.0566666666667	0.5	nontarget	29	120917
403.0566666666667	0.5	Q	18	120917
403.1933333333333	0.5	nontarget	29	120958
403.1933333333333	0.5	X	25	120958
403.32666666666665	0.5	nontarget	29	120998
403.32666666666665	0.5	R	19	120998
403.4633333333333	0.5	target	30	121039
403.4633333333333	0.5	C	4	121039
403.6	0.5	nontarget	29	121080
403.6	0.5	N	15	121080
403.7366666666667	0.5	nontarget	29	121121
403.7366666666667	0.5	M	14	121121
403.87333333333333	0.5	nontarget	29	121162
403.87333333333333	0.5	J	11	121162
404.01	0.5	nontarget	29	121203
404.01	0.5	S	20	121203
404.14666666666665	0.5	nontarget	29	121244
404.14666666666665	0.5	L	13	121244
404.28333333333336	0.5	nontarget	29	121285
404.28333333333336	0.5	Z	27	121285
404.42	0.5	nontarget	29	121326
404.42	0.5	W	24	121326
404.5566666666667	0.5	nontarget	29	121367
404.5566666666667	0.5	O	16	121367
404.6933333333333	0.5	nontarget	29	121408
404.6933333333333	0.5	D	5	121408
404.83	0.5	nontarget	29	121449
404.83	0.5	I	10	121449
404.96666666666664	0.5	nontarget	29	121490
404.96666666666664	0.5	K	12	121490
405.10333333333335	0.5	nontarget	29	121531
405.10333333333335	0.5	A	2	121531
405.24	0.5	nontarget	29	121572
405.24	0.5	V	23	121572
405.37666666666667	0.5	nontarget	29	121613
405.37666666666667	0.5	G	8	121613
405.5133333333333	0.5	nontarget	29	121654
405.5133333333333	0.5	Y	26	121654
405.65	0.5	nontarget	29	121695
405.65	0.5	F	7	121695
405.7866666666667	0.5	nontarget	29	121736
405.7866666666667	0.5	P	17	121736
405.92333333333335	0.5	nontarget	29	121777
405.92333333333335	0.5	E	6	121777
411.74666666666667	0.5	target	30	123524
411.74666666666667	0.5	H	9	123524
411.8833333333333	0.5	nontarget	29	123565
411.8833333333333	0.5	Q	18	123565
412.0233333333333	0.5	nontarget	29	123607
412.0233333333333	0.5	C	4	123607
412.16	0.5	nontarget	29	123648
412.16	0.5	R	19	123648
412.2966666666667	0.5	nontarget	29	123689
412.2966666666667	0.5	A	2	123689
412.43333333333334	0.5	nontarget	29	123730
412.43333333333334	0.5	Y	26	123730
412.57	0.5	nontarget	29	123771
412.57	0.5	L	13	123771
412.7033333333333	0.5	nontarget	29	123811
412.7033333333333	0.5	O	16	123811
412.84	0.5	nontarget	29	123852
412.84	0.5	M	14	123852
412.9766666666667	0.5	nontarget	29	123893
412.9766666666667	0.5	I	10	123893
413.11333333333334	0.5	nontarget	29	123934
413.11333333333334	0.5	D	5	123934
413.25	0.5	nontarget	29	123975
413.25	0.5	W	24	123975
413.38666666666666	0.5	nontarget	29	124016
413.38666666666666	0.5	N	15	124016
413.5233333333333	0.5	nontarget	29	124057
413.5233333333333	0.5	F	7	124057
413.66	0.5	nontarget	29	124098
413.66	0.5	Z	27	124098
413.7966666666667	0.5	nontarget	29	124139
413.7966666666667	0.5	U	22	124139
413.93333333333334	0.5	nontarget	29	124180
413.93333333333334	0.5	E	6	124180
414.07	0.5	nontarget	29	124221
414.07	0.5	G	8	124221
414.20666666666665	0.5	nontarget	29	124262
414.20666666666665	0.5	J	11	124262
414.3433333333333	0.5	nontarget	29	124303
414.3433333333333	0.5	S	20	124303
414.4766666666667	0.5	nontarget	29	124343
414.4766666666667	0.5	B	3	124343
414.61333333333334	0.5	nontarget	29	124384
414.61333333333334	0.5	T	21	124384
414.75	0.5	nontarget	29	124425
414.75	0.5	<	1	124425
414.88666666666666	0.5	nontarget	29	124466
414.88666666666666	0.5	X	25	124466
415.0233333333333	0.5	nontarget	29	124507
415.0233333333333	0.5	K	12	124507
415.16	0.5	nontarget	29	124548
415.16	0.5	_	28	124548
415.2966666666667	0.5	nontarget	29	124589
415.2966666666667	0.5	P	17	124589
415.43333333333334	0.5	nontarget	29	124630
415.43333333333334	0.5	V	23	124630
421.25666666666666	0.5	nontarget	29	126377
421.25666666666666	0.5	N	15	126377
421.3933333333333	0.5	nontarget	29	126418
421.3933333333333	0.5	M	14	126418
421.53	0.5	nontarget	29	126459
421.53	0.5	Z	27	126459
421.6666666666667	0.5	nontarget	29	126500
421.6666666666667	0.5	_	28	126500
421.80333333333334	0.5	nontarget	29	126541
421.80333333333334	0.5	T	21	126541
421.94	0.5	nontarget	29	126582
421.94	0.5	J	11	126582
422.08	0.5	target	30	126624
422.08	0.5	G	8	126624
422.21666666666664	0.5	nontarget	29	126665
422.21666666666664	0.5	K	12	126665
422.35333333333335	0.5	nontarget	29	126706
422.35333333333335	0.5	I	10	126706
422.49	0.5	nontarget	29	126747
422.49	0.5	O	16	126747
422.62666666666667	0.5	nontarget	29	126788
422.62666666666667	0.5	A	2	126788
422.76	0.5	nontarget	29	126828
422.76	0.5	F	7	126828
422.89666666666665	0.5	nontarget	29	126869
422.89666666666665	0.5	<	1	126869
423.03333333333336	0.5	nontarget	29	126910
423.03333333333336	0.5	C	4	126910
423.17333333333335	0.5	nontarget	29	126952
423.17333333333335	0.5	Y	26	126952
423.31	0.5	nontarget	29	126993
423.31	0.5	E	6	126993
423.4433333333333	0.5	nontarget	29	127033
423.4433333333333	0.5	R	19	127033
423.58	0.5	nontarget	29	127074
423.58	0.5	S	20	127074
423.71666666666664	0.5	nontarget	29	127115
423.71666666666664	0.5	W	24	127115
423.85333333333335	0.5	nontarget	29	127156
423.85333333333335	0.5	Q	18	127156
423.99	0.5	nontarget	29	127197
423.99	0.5	L	13	127197
424.12666666666667	0.5	nontarget	29	127238
424.12666666666667	0.5	P	17	127238
424.2633333333333	0.5	nontarget	29	127279
424.2633333333333	0.5	H	9	127279
424.4	0.5	nontarget	29	127320
424.4	0.5	B	3	127320
424.5366666666667	0.5	nontarget	29	127361
424.5366666666667	0.5	X	25	127361
424.67333333333335	0.5	nontarget	29	127402
424.67333333333335	0.5	U	22	127402
424.81	0.5	nontarget	29	127443
424.81	0.5	D	5	127443
424.94666666666666	0.5	nontarget	29	127484
424.94666666666666	0.5	V	23	127484
430.7733333333333	0.5	nontarget	29	129232
430.7733333333333	0.5	K	12	129232
430.9066666666667	0.5	nontarget	29	129272
430.9066666666667	0.5	U	22	129272
431.0466666666667	0.5	nontarget	29	129314
431.0466666666667	0.5	Z	27	129314
431.18333333333334	0.5	nontarget	29	129355
431.18333333333334	0.5	G	8	129355
431.31666666666666	0.5	nontarget	29	129395
431.31666666666666	0.5	J	11	129395
431.45666666666665	0.5	nontarget	29	129437
431.45666666666665	0.5	T	21	129437
431.5933333333333	0.5	nontarget	29	129478
431.5933333333333	0.5	O	16	129478
431.73	0.5	target	30	129519
431.73	0.5	H	9	129519
431.8666666666667	0.5	nontarget	29	129560
431.8666666666667	0.5	<	1	129560
432.00333333333333	0.5	nontarget	29	129601
432.00333333333333	0.5	I	10	129601
432.14	0.5	nontarget	29	129642
432.14	0.5	S	20	129642
432.27666666666664	0.5	nontarget	29	129683
432.27666666666664	0.5	L	13	129683
432.41333333333336	0.5	nontarget	29	129724
432.41333333333336	0.5	F	7	129724
432.55	0.5	nontarget	29	129765
432.55	0.5	W	24	129765
432.68666666666667	0.5	nontarget	29	129806
432.68666666666667	0.5	D	5	129806
432.8233333333333	0.5	nontarget	29	129847
432.8233333333333	0.5	V	23	129847
432.96	0.5	nontarget	29	129888
432.96	0.5	E	6	129888
433.0966666666667	0.5	nontarget	29	129929
433.0966666666667	0.5	P	17	129929
433.23	0.5	nontarget	29	129969
433.23	0.5	B	3	129969
433.3666666666667	0.5	nontarget	29	130010
433.3666666666667	0.5	_	28	130010
433.50666666666666	0.5	nontarget	29	130052
433.50666666666666	0.5	R	19	130052
433.6433333333333	0.5	nontarget	29	130093
433.6433333333333	0.5	M	14	130093
433.78	0.5	nontarget	29	130134
433.78	0.5	Y	26	130134
433.91333333333336	0.5	nontarget	29	130174
433.91333333333336	0.5	X	25	130174
434.05	0.5	nontarget	29	130215
434.05	0.5	C	4	130215
434.19	0.5	nontarget	29	130257
434.19	0.5	A	2	130257
434.32666666666665	0.5	nontarget	29	130298
434.32666666666665	0.5	Q	18	130298
434.4633333333333	0.5	nontarget	29	130339
434.4633333333333	0.5	N	15	130339
440.2866666666667	0.5	nontarget	29	132086
440.2866666666667	0.5	<	1	132086
440.4266666666667	0.5	nontarget	29	132128
440.4266666666667	0.5	H	9	132128
440.56	0.5	nontarget	29	132168
440.56	0.5	N	15	132168
440.69666666666666	0.5	nontarget	29	132209
440.69666666666666	0.5	V	23	132209
440.8333333333333	0.5	nontarget	29	132250
440.8333333333333	0.5	Z	27	132250
440.97	0.5	nontarget	29	132291
440.97	0.5	_	28	132291
441.1066666666667	0.5	nontarget	29	132332
441.1066666666667	0.5	R	19	132332
441.24333333333334	0.5	nontarget	29	132373
441.24333333333334	0.5	Y	26	132373
441.38	0.5	nontarget	29	132414
441.38	0.5	P	17	132414
441.51666666666665	0.5	nontarget	29	132455
441.51666666666665	0.5	L	13	132455
441.6533333333333	0.5	nontarget	29	132496
441.6533333333333	0.5	J	11	132496
441.7866666666667	0.5	nontarget	29	132536
441.7866666666667	0.5	I	10	132536
441.92333333333335	0.5	nontarget	29	132577
441.92333333333335	0.5	F	7	132577
442.0566666666667	0.5	nontarget	29	132617
442.0566666666667	0.5	T	21	132617
442.1933333333333	0.5	nontarget	29	132658
442.1933333333333	0.5	E	6	132658
442.32666666666665	0.5	nontarget	29	132698
442.32666666666665	0.5	K	12	132698
442.4633333333333	0.5	nontarget	29	132739
442.4633333333333	0.5	D	5	132739
442.6	0.5	nontarget	29	132780
442.6	0.5	Q	18	132780
442.73333333333335	0.5	nontarget	29	132820
442.73333333333335	0.5	B	3	132820
442.87	0.5	nontarget	29	132861
442.87	0.5	A	2	132861
443.00666666666666	0.5	nontarget	29	132902
443.00666666666666	0.5	C	4	132902
443.1433333333333	0.5	nontarget	29	132943
443.1433333333333	0.5	M	14	132943
443.28	0.5	target	30	132984
443.28	0.5	X	25	132984
443.4166666666667	0.5	nontarget	29	133025
443.4166666666667	0.5	W	24	133025
443.55333333333334	0.5	nontarget	29	133066
443.55333333333334	0.5	G	8	133066
443.69	0.5	nontarget	29	133107
443.69	0.5	S	20	133107
443.82666666666665	0.5	nontarget	29	133148
443.82666666666665	0.5	O	16	133148
443.9633333333333	0.5	nontarget	29	133189
443.9633333333333	0.5	U	22	133189
449.7866666666667	0.5	nontarget	29	134936
449.7866666666667	0.5	U	22	134936
449.92333333333335	0.5	nontarget	29	134977
449.92333333333335	0.5	D	5	134977
450.06	0.5	nontarget	29	135018
450.06	0.5	M	14	135018
450.19666666666666	0.5	nontarget	29	135059
450.19666666666666	0.5	R	19	135059
450.3333333333333	0.5	nontarget	29	135100
450.3333333333333	0.5	F	7	135100
450.46666666666664	0.5	nontarget	29	135140
450.46666666666664	0.5	G	8	135140
450.6066666666667	0.5	nontarget	29	135182
450.6066666666667	0.5	C	4	135182
450.74333333333334	0.5	nontarget	29	135223
450.74333333333334	0.5	L	13	135223
450.8833333333333	0.5	nontarget	29	135265
450.8833333333333	0.5	P	17	135265
451.01666666666665	0.5	nontarget	29	135305
451.01666666666665	0.5	S	20	135305
451.1566666666667	0.5	nontarget	29	135347
451.1566666666667	0.5	K	12	135347
451.29333333333335	0.5	nontarget	29	135388
451.29333333333335	0.5	B	3	135388
451.43	0.5	nontarget	29	135429
451.43	0.5	W	24	135429
451.56666666666666	0.5	nontarget	29	135470
451.56666666666666	0.5	Y	26	135470
451.7033333333333	0.5	nontarget	29	135511
451.7033333333333	0.5	<	1	135511
451.84	0.5	nontarget	29	135552
451.84	0.5	O	16	135552
451.9766666666667	0.5	nontarget	29	135593
451.9766666666667	0.5	N	15	135593
452.11	0.5	nontarget	29	135633
452.11	0.5	E	6	135633
452.24666666666667	0.5	target	30	135674
452.24666666666667	0.5	X	25	135674
452.3833333333333	0.5	nontarget	29	135715
452.3833333333333	0.5	Q	18	135715
452.51666666666665	0.5	nontarget	29	135755
452.51666666666665	0.5	V	23	135755
452.6533333333333	0.5	nontarget	29	135796
452.6533333333333	0.5	J	11	135796
452.79	0.5	nontarget	29	135837
452.79	0.5	T	21	135837
452.92333333333335	0.5	nontarget	29	135877
452.92333333333335	0.5	_	28	135877
453.06333333333333	0.5	nontarget	29	135919
453.06333333333333	0.5	A	2	135919
453.2	0.5	nontarget	29	135960
453.2	0.5	Z	27	135960
453.33666666666664	0.5	nontarget	29	136001
453.33666666666664	0.5	I	10	136001
453.47333333333336	0.5	nontarget	29	136042
453.47333333333336	0.5	H	9	136042
459.3	0.5	nontarget	29	137790
459.3	0.5	_	28	137790
459.43666666666667	0.5	nontarget	29	137831
459.43666666666667	0.5	V	23	137831
459.5733333333333	0.5	nontarget	29	137872
459.5733333333333	0.5	N	15	137872
459.71	0.5	nontarget	29	137913
459.71	0.5	O	16	137913
459.8466666666667	0.5	nontarget	29	137954
459.8466666666667	0.5	Q	18	137954
459.9866666666667	0.5	nontarget	29	137996
459.9866666666667	0.5	X	25	137996
460.12	0.5	nontarget	29	138036
460.12	0.5	A	2	138036
460.26	0.5	nontarget	29	138078
460.26	0.5	B	3	138078
460.39666666666665	0.5	target	30	138119
460.39666666666665	0.5	S	20	138119
460.53	0.5	nontarget	29	138159
460.53	0.5	H	9	138159
460.6666666666667	0.5	nontarget	29	138200
460.6666666666667	0.5	P	17	138200
460.8066666666667	0.5	nontarget	29	138242
460.8066666666667	0.5	I	10	138242
460.94	0.5	nontarget	29	138282
460.94	0.5	C	4	138282
461.07666666666665	0.5	nontarget	29	138323
461.07666666666665	0.5	M	14	138323
461.2133333333333	0.5	nontarget	29	138364
461.2133333333333	0.5	Z	27	138364
461.35	0.5	nontarget	29	138405
461.35	0.5	U	22	138405
461.48333333333335	0.5	nontarget	29	138445
461.48333333333335	0.5	K	12	138445
461.62	0.5	nontarget	29	138486
461.62	0.5	W	24	138486
461.75666666666666	0.5	nontarget	29	138527
461.75666666666666	0.5	F	7	138527
461.8933333333333	0.5	nontarget	29	138568
461.8933333333333	0.5	D	5	138568
462.1	0.5	nontarget	29	138630
462.1	0.5	E	6	138630
462.2366666666667	0.5	nontarget	29	138671
462.2366666666667	0.5	G	8	138671
462.37333333333333	0.5	nontarget	29	138712
462.37333333333333	0.5	J	11	138712
462.51	0.5	nontarget	29	138753
462.51	0.5	Y	26	138753
462.64666666666665	0.5	nontarget	29	138794
462.64666666666665	0.5	T	21	138794
462.78333333333336	0.5	nontarget	29	138835
462.78333333333336	0.5	R	19	138835
462.92	0.5	nontarget	29	138876
462.92	0.5	<	1	138876
463.0566666666667	0.5	nontarget	29	138917
463.0566666666667	0.5	L	13	138917
468.88	0.5	nontarget	29	140664
468.88	0.5	S	20	140664
469.0133333333333	0.5	nontarget	29	140704
469.0133333333333	0.5	K	12	140704
469.15	0.5	nontarget	29	140745
469.15	0.5	D	5	140745
469.2866666666667	0.5	nontarget	29	140786
469.2866666666667	0.5	P	17	140786
469.42333333333335	0.5	nontarget	29	140827
469.42333333333335	0.5	Y	26	140827
469.56	0.5	nontarget	29	140868
469.56	0.5	U	22	140868
469.6933333333333	0.5	nontarget	29	140908
469.6933333333333	0.5	E	6	140908
469.83	0.5	nontarget	29	140949
469.83	0.5	C	4	140949
469.96666666666664	0.5	nontarget	29	140990
469.96666666666664	0.5	G	8	140990
470.10333333333335	0.5	nontarget	29	141031
470.10333333333335	0.5	<	1	141031
470.24	0.5	nontarget	29	141072
470.24	0.5	I	10	141072
470.37666666666667	0.5	nontarget	29	141113
470.37666666666667	0.5	O	16	141113
470.5133333333333	0.5	nontarget	29	141154
470.5133333333333	0.5	W	24	141154
470.64666666666665	0.5	nontarget	29	141194
470.64666666666665	0.5	F	7	141194
470.78333333333336	0.5	nontarget	29	141235
470.78333333333336	0.5	_	28	141235
470.92	0.5	nontarget	29	141276
470.92	0.5	T	21	141276
471.0566666666667	0.5	nontarget	29	141317
471.0566666666667	0.5	R	19	141317
471.1933333333333	0.5	nontarget	29	141358
471.1933333333333	0.5	J	11	141358
471.33	0.5	nontarget	29	141399
471.33	0.5	L	13	141399
471.46666666666664	0.5	nontarget	29	141440
471.46666666666664	0.5	N	15	141440
471.60333333333335	0.5	nontarget	29	141481
471.60333333333335	0.5	H	9	141481
471.74	0.5	nontarget	29	141522
471.74	0.5	Q	18	141522
471.87666666666667	0.5	nontarget	29	141563
471.87666666666667	0.5	X	25	141563
472.0133333333333	0.5	nontarget	29	141604
472.0133333333333	0.5	Z	27	141604
472.15	0.5	target	30	141645
472.15	0.5	B	3	141645
472.28333333333336	0.5	nontarget	29	141685
472.28333333333336	0.5	M	14	141685
472.42	0.5	nontarget	29	141726
472.42	0.5	V	23	141726
472.5566666666667	0.5	nontarget	29	141767
472.5566666666667	0.5	A	2	141767
478.38	0.5	nontarget	29	143514
478.38	0.5	J	11	143514
478.5133333333333	0.5	nontarget	29	143554
478.5133333333333	0.5	G	8	143554
478.65	0.5	nontarget	29	143595
478.65	0.5	Q	18	143595
478.7866666666667	0.5	nontarget	29	143636
478.7866666666667	0.5	X	25	143636
478.92333333333335	0.5	nontarget	29	143677
478.92333333333335	0.5	L	13	143677
479.06	0.5	nontarget	29	143718
479.06	0.5	M	14	143718
479.19666666666666	0.5	nontarget	29	143759
479.19666666666666	0.5	C	4	143759
479.3333333333333	0.5	nontarget	29	143800
479.3333333333333	0.5	U	22	143800
479.47	0.5	nontarget	29	143841
479.47	0.5	V	23	143841
479.60333333333335	0.5	nontarget	29	143881
479.60333333333335	0.5	Y	26	143881
479.74	0.5	nontarget	29	143922
479.74	0.5	K	12	143922
479.87666666666667	0.5	nontarget	29	143963
479.87666666666667	0.5	D	5	143963
480.01	0.5	nontarget	29	144003
480.01	0.5	A	2	144003
480.14666666666665	0.5	nontarget	29	144044
480.14666666666665	0.5	Z	27	144044
480.28333333333336	0.5	nontarget	29	144085
480.28333333333336	0.5	T	21	144085
480.4166666666667	0.5	nontarget	29	144125
480.4166666666667	0.5	H	9	144125
480.55333333333334	0.5	nontarget	29	144166
480.55333333333334	0.5	E	6	144166
480.69	0.5	nontarget	29	144207
480.69	0.5	_	28	144207
480.82666666666665	0.5	nontarget	29	144248
480.82666666666665	0.5	S	20	144248
480.9633333333333	0.5	nontarget	29	144289
480.9633333333333	0.5	R	19	144289
481.0966666666667	0.5	nontarget	29	144329
481.0966666666667	0.5	F	7	144329
481.23333333333335	0.5	nontarget	29	144370
481.23333333333335	0.5	N	15	144370
481.37	0.5	nontarget	29	144411
481.37	0.5	<	1	144411
481.50666666666666	0.5	nontarget	29	144452
481.50666666666666	0.5	I	10	144452
481.64	0.5	nontarget	29	144492
481.64	0.5	W	24	144492
481.77666666666664	0.5	nontarget	29	144533
481.77666666666664	0.5	B	3	144533
481.91333333333336	0.5	target	30	144574
481.91333333333336	0.5	O	16	144574
482.0466666666667	0.5	nontarget	29	144614
482.0466666666667	0.5	P	17	144614
487.87333333333333	0.5	nontarget	29	146362
487.87333333333333	0.5	W	24	146362
488.01	0.5	nontarget	29	146403
488.01	0.5	<	1	146403
488.1433333333333	0.5	nontarget	29	146443
488.1433333333333	0.5	I	10	146443
488.28	0.5	nontarget	29	146484
488.28	0.5	S	20	146484
488.4166666666667	0.5	nontarget	29	146525
488.4166666666667	0.5	R	19	146525
488.55	0.5	target	30	146565
488.55	0.5	M	14	146565
488.68666666666667	0.5	nontarget	29	146606
488.68666666666667	0.5	X	25	146606
488.82	0.5	nontarget	29	146646
488.82	0.5	K	12	146646
488.95666666666665	0.5	nontarget	29	146687
488.95666666666665	0.5	E	6	146687
489.0933333333333	0.5	nontarget	29	146728
489.0933333333333	0.5	V	23	146728
489.23	0.5	nontarget	29	146769
489.23	0.5	L	13	146769
489.3666666666667	0.5	nontarget	29	146810
489.3666666666667	0.5	G	8	146810
489.5	0.5	nontarget	29	146850
489.5	0.5	D	5	146850
489.63666666666666	0.5	nontarget	29	146891
489.63666666666666	0.5	Y	26	146891
489.7733333333333	0.5	nontarget	29	146932
489.7733333333333	0.5	B	3	146932
489.9066666666667	0.5	nontarget	29	146972
489.9066666666667	0.5	Q	18	146972
490.04333333333335	0.5	nontarget	29	147013
490.04333333333335	0.5	U	22	147013
490.18	0.5	nontarget	29	147054
490.18	0.5	J	11	147054
490.31666666666666	0.5	nontarget	29	147095
490.31666666666666	0.5	_	28	147095
490.4533333333333	0.5	nontarget	29	147136
490.4533333333333	0.5	P	17	147136
490.59	0.5	nontarget	29	147177
490.59	0.5	O	16	147177
490.7266666666667	0.5	nontarget	29	147218
490.7266666666667	0.5	T	21	147218
490.86333333333334	0.5	nontarget	29	147259
490.86333333333334	0.5	F	7	147259
491.0	0.5	nontarget	29	147300
491.0	0.5	A	2	147300
491.1333333333333	0.5	nontarget	29	147340
491.1333333333333	0.5	N	15	147340
491.2733333333333	0.5	nontarget	29	147382
491.2733333333333	0.5	C	4	147382
491.4066666666667	0.5	nontarget	29	147422
491.4066666666667	0.5	H	9	147422
491.54333333333335	0.5	nontarget	29	147463
491.54333333333335	0.5	Z	27	147463
497.3666666666667	0.5	nontarget	29	149210
497.3666666666667	0.5	U	22	149210
497.50333333333333	0.5	nontarget	29	149251
497.50333333333333	0.5	I	10	149251
497.63666666666666	0.5	nontarget	29	149291
497.63666666666666	0.5	J	11	149291
497.77666666666664	0.5	nontarget	29	149333
497.77666666666664	0.5	L	13	149333
497.91	0.5	nontarget	29	149373
497.91	0.5	Y	26	149373
498.0466666666667	0.5	nontarget	29	149414
498.0466666666667	0.5	S	20	149414
498.18333333333334	0.5	nontarget	29	149455
498.18333333333334	0.5	G	8	149455
498.3233333333333	0.5	nontarget	29	149497
498.3233333333333	0.5	C	4	149497
498.46	0.5	nontarget	29	149538
498.46	0.5	F	7	149538
498.5933333333333	0.5	nontarget	29	149578
498.5933333333333	0.5	M	14	149578
498.73	0.5	nontarget	29	149619
498.73	0.5	O	16	149619
498.8666666666667	0.5	nontarget	29	149660
498.8666666666667	0.5	W	24	149660
499.0	0.5	nontarget	29	149700
499.0	0.5	Q	18	149700
499.13666666666666	0.5	nontarget	29	149741
499.13666666666666	0.5	V	23	149741
499.27	0.5	nontarget	29	149781
499.27	0.5	B	3	149781
499.4066666666667	0.5	nontarget	29	149822
499.4066666666667	0.5	<	1	149822
499.54333333333335	0.5	nontarget	29	149863
499.54333333333335	0.5	N	15	149863
499.6766666666667	0.5	nontarget	29	149903
499.6766666666667	0.5	R	19	149903
499.81333333333333	0.5	nontarget	29	149944
499.81333333333333	0.5	X	25	149944
499.95	0.5	nontarget	29	149985
499.95	0.5	_	28	149985
500.08666666666664	0.5	nontarget	29	150026
500.08666666666664	0.5	P	17	150026
500.22333333333336	0.5	target	30	150067
500.22333333333336	0.5	D	5	150067
500.36	0.5	nontarget	29	150108
500.36	0.5	H	9	150108
500.49666666666667	0.5	nontarget	29	150149
500.49666666666667	0.5	A	2	150149
500.6333333333333	0.5	nontarget	29	150190
500.6333333333333	0.5	E	6	150190
500.77	0.5	nontarget	29	150231
500.77	0.5	Z	27	150231
500.9033333333333	0.5	nontarget	29	150271
500.9033333333333	0.5	T	21	150271
501.04	0.5	nontarget	29	150312
501.04	0.5	K	12	150312
506.86333333333334	0.5	nontarget	29	152059
506.86333333333334	0.5	K	12	152059
506.99666666666667	0.5	nontarget	29	152099
506.99666666666667	0.5	_	28	152099
507.1333333333333	0.5	nontarget	29	152140
507.1333333333333	0.5	E	6	152140
507.27	0.5	nontarget	29	152181
507.27	0.5	R	19	152181
507.4066666666667	0.5	nontarget	29	152222
507.4066666666667	0.5	<	1	152222
507.54	0.5	nontarget	29	152262
507.54	0.5	C	4	152262
507.6766666666667	0.5	nontarget	29	152303
507.6766666666667	0.5	H	9	152303
507.81333333333333	0.5	nontarget	29	152344
507.81333333333333	0.5	O	16	152344
507.95	0.5	nontarget	29	152385
507.95	0.5	G	8	152385
508.08666666666664	0.5	nontarget	29	152426
508.08666666666664	0.5	V	23	152426
508.22333333333336	0.5	nontarget	29	152467
508.22333333333336	0.5	F	7	152467
508.36	0.5	nontarget	29	152508
508.36	0.5	Q	18	152508
508.49666666666667	0.5	target	30	152549
508.49666666666667	0.5	I	10	152549
508.6333333333333	0.5	nontarget	29	152590
508.6333333333333	0.5	S	20	152590
508.77	0.5	nontarget	29	152631
508.77	0.5	Y	26	152631
508.9066666666667	0.5	nontarget	29	152672
508.9066666666667	0.5	U	22	152672
509.04	0.5	nontarget	29	152712
509.04	0.5	J	11	152712
509.1766666666667	0.5	nontarget	29	152753
509.1766666666667	0.5	Z	27	152753
509.31333333333333	0.5	nontarget	29	152794
509.31333333333333	0.5	L	13	152794
509.45	0.5	nontarget	29	152835
509.45	0.5	M	14	152835
509.58666666666664	0.5	nontarget	29	152876
509.58666666666664	0.5	T	21	152876
509.72333333333336	0.5	nontarget	29	152917
509.72333333333336	0.5	P	17	152917
509.86	0.5	nontarget	29	152958
509.86	0.5	B	3	152958
509.99333333333334	0.5	nontarget	29	152998
509.99333333333334	0.5	X	25	152998
510.13	0.5	nontarget	29	153039
510.13	0.5	D	5	153039
510.27	0.5	nontarget	29	153081
510.27	0.5	A	2	153081
510.4066666666667	0.5	nontarget	29	153122
510.4066666666667	0.5	N	15	153122
510.5466666666667	0.5	nontarget	29	153164
510.5466666666667	0.5	W	24	153164
516.37	0.5	nontarget	29	154911
516.37	0.5	L	13	154911
516.5033333333333	0.5	nontarget	29	154951
516.5033333333333	0.5	<	1	154951
516.64	0.5	nontarget	29	154992
516.64	0.5	M	14	154992
516.7766666666666	0.5	nontarget	29	155033
516.7766666666666	0.5	I	10	155033
516.9133333333333	0.5	nontarget	29	155074
516.9133333333333	0.5	O	16	155074
517.0466666666666	0.5	nontarget	29	155114
517.0466666666666	0.5	T	21	155114
517.1833333333333	0.5	nontarget	29	155155
517.1833333333333	0.5	G	8	155155
517.32	0.5	nontarget	29	155196
517.32	0.5	J	11	155196
517.4566666666667	0.5	nontarget	29	155237
517.4566666666667	0.5	D	5	155237
517.5933333333334	0.5	nontarget	29	155278
517.5933333333334	0.5	Q	18	155278
517.73	0.5	target	30	155319
517.73	0.5	W	24	155319
517.8666666666667	0.5	nontarget	29	155360
517.8666666666667	0.5	R	19	155360
518.0	0.5	nontarget	29	155400
518.0	0.5	_	28	155400
518.1366666666667	0.5	nontarget	29	155441
518.1366666666667	0.5	B	3	155441
518.2766666666666	0.5	nontarget	29	155483
518.2766666666666	0.5	F	7	155483
518.41	0.5	nontarget	29	155523
518.41	0.5	C	4	155523
518.5466666666666	0.5	nontarget	29	155564
518.5466666666666	0.5	N	15	155564
518.6833333333333	0.5	nontarget	29	155605
518.6833333333333	0.5	P	17	155605
518.82	0.5	nontarget	29	155646
518.82	0.5	S	20	155646
518.9533333333334	0.5	nontarget	29	155686
518.9533333333334	0.5	A	2	155686
519.09	0.5	nontarget	29	155727
519.09	0.5	X	25	155727
519.2233333333334	0.5	nontarget	29	155767
519.2233333333334	0.5	Y	26	155767
519.36	0.5	nontarget	29	155808
519.36	0.5	E	6	155808
519.4966666666667	0.5	nontarget	29	155849
519.4966666666667	0.5	H	9	155849
519.63	0.5	nontarget	29	155889
519.63	0.5	U	22	155889
519.7666666666667	0.5	nontarget	29	155930
519.7666666666667	0.5	V	23	155930
519.9033333333333	0.5	nontarget	29	155971
519.9033333333333	0.5	K	12	155971
520.04	0.5	nontarget	29	156012
520.04	0.5	Z	27	156012
525.8666666666667	0.5	nontarget	29	157760
525.8666666666667	0.5	Q	18	157760
526.0033333333333	0.5	nontarget	29	157801
526.0033333333333	0.5	L	13	157801
526.1366666666667	0.5	nontarget	29	157841
526.1366666666667	0.5	B	3	157841
526.2766666666666	0.5	nontarget	29	157883
526.2766666666666	0.5	K	12	157883
526.4133333333333	0.5	nontarget	29	157924
526.4133333333333	0.5	X	25	157924
526.55	0.5	nontarget	29	157965
526.55	0.5	J	11	157965
526.6866666666666	0.5	nontarget	29	158006
526.6866666666666	0.5	M	14	158006
526.8233333333334	0.5	nontarget	29	158047
526.8233333333334	0.5	Y	26	158047
526.96	0.5	nontarget	29	158088
526.96	0.5	E	6	158088
527.0966666666667	0.5	nontarget	29	158129
527.0966666666667	0.5	V	23	158129
527.2333333333333	0.5	nontarget	29	158170
527.2333333333333	0.5	O	16	158170
527.3666666666667	0.5	nontarget	29	158210
527.3666666666667	0.5	W	24	158210
527.5033333333333	0.5	nontarget	29	158251
527.5033333333333	0.5	A	2	158251
527.64	0.5	nontarget	29	158292
527.64	0.5	I	10	158292
527.7766666666666	0.5	nontarget	29	158333
527.7766666666666	0.5	<	1	158333
527.9133333333333	0.5	nontarget	29	158374
527.9133333333333	0.5	N	15	158374
528.05	0.5	nontarget	29	158415
528.05	0.5	R	19	158415
528.1866666666666	0.5	target	30	158456
528.1866666666666	0.5	G	8	158456
528.3233333333334	0.5	nontarget	29	158497
528.3233333333334	0.5	P	17	158497
528.46	0.5	nontarget	29	158538
528.46	0.5	U	22	158538
528.5966666666667	0.5	nontarget	29	158579
528.5966666666667	0.5	T	21	158579
528.7333333333333	0.5	nontarget	29	158620
528.7333333333333	0.5	S	20	158620
528.87	0.5	nontarget	29	158661
528.87	0.5	F	7	158661
529.0066666666667	0.5	nontarget	29	158702
529.0066666666667	0.5	_	28	158702
529.1433333333333	0.5	nontarget	29	158743
529.1433333333333	0.5	C	4	158743
529.28	0.5	nontarget	29	158784
529.28	0.5	D	5	158784
529.4166666666666	0.5	nontarget	29	158825
529.4166666666666	0.5	Z	27	158825
529.5533333333333	0.5	nontarget	29	158866
529.5533333333333	0.5	H	9	158866
